freq_hz,take,t_kill,fs_hz,swing_deg,n0_x,n0_y,n0_z,nf_x,nf_y,nf_z,radial0_deg,azim0_deg,radialf_deg,azimf_deg,d_radial_deg,d_azim_deg,spread0_deg,spreadf_deg,settle_10pct_s,settle_band_s,perp_max_deg,rise_1090_s,t10_s,t90_s,tail_max_deg,tail_over_band,cone_pre_deg,cone_post_deg,cone_peak_deg,cone_t_peak_s,cone_final_deg,cone_settle_s,cone_tau_s,cone_asym_deg,cone_note,cone_hz,cone_amp_deg,cone_measured,circ_ratio,mech_hz,mech_measured,n_pre,n_post,note,spin_stop_s
20.0,2026-09-12_182903,1956.244,232.4,6.228,0.516457,-0.75689,-0.400488,0.449257,-0.823016,-0.34758,13.911,164.965,11.215,138.951,-2.696,-26.014,1.933,1.836,,2.1954,1.588,,,,0.815,1.309,3.902,4.046,6.752,0.144,4.537,,0.3958,4.494,the envelope is still moving 0.42 deg at the end of the window against a 0.22 deg band -- still decaying,20.1,3.367,1,3.44,3.55,0,211,527,tail still wanders 0.82 deg against a 0.62 deg band -- no settled state to time,18.1
20.0,2026-09-12_183007,2019.464,231.3,6.431,-0.51802,0.753916,0.404062,-0.448567,0.823377,0.347618,4.655,197.195,5.04,281.28,0.385,84.085,1.964,1.983,,0.9665,0.916,,,,0.716,1.114,4.493,4.092,6.447,0.3307,4.576,,0.5353,4.489,the envelope is still moving 0.86 deg at the end of the window against a 0.19 deg band -- still decaying,19.9,3.659,1,2.51,3.55,0,208,516,tail still wanders 0.72 deg against a 0.64 deg band -- no settled state to time,16.8
20.0,2026-09-12_183103,2075.64,232.9,7.837,-0.539067,0.740014,0.402226,-0.445861,0.824208,0.349125,9.56,195.238,6.536,249.658,-3.024,54.42,1.706,1.805,,2.1102,2.435,,,,1.149,1.466,3.355,3.699,5.163,1.1324,4.236,,,,"the cut moved the cone by 0.93 deg, under the 1.0 deg floor -- no decay to time",20.0,1.939,1,3.37,3.55,0,211,522,tail still wanders 1.15 deg against a 0.78 deg band -- no settled state to time,17.2
20.0,2026-09-12_183359,2251.731,233.2,6.188,-0.519532,0.753861,0.402219,-0.450866,0.821698,0.348615,6.384,183.608,4.016,254.521,-2.368,70.912,1.962,2.404,,5.3662,0.917,,,,0.881,1.425,4.593,4.546,6.794,0.9125,4.825,,0.1986,5.037,the envelope is still moving 1.62 deg at the end of the window against a 0.20 deg band -- still decaying,20.0,3.875,1,3.03,3.55,0,210,525,tail still wanders 0.88 deg against a 0.62 deg band -- no settled state to time,
20.0,2026-09-12_183455,2307.859,243.1,6.205,-0.518193,0.755502,0.400866,-0.452537,0.821932,0.345888,1.213,211.187,5.778,316.672,4.565,105.486,1.845,1.967,3.9283,3.353,0.843,,,,0.597,0.961,4.49,4.379,6.263,0.2359,4.819,,0.5588,4.905,the envelope is still moving 0.51 deg at the end of the window against a 0.14 deg band -- still decaying,20.0,4.168,1,2.55,3.55,0,208,516,rise 0.225 s is inside the 0.250 s smoother -- not measurable,
20.0,2026-09-13_143324,74216.333,227.1,6.246,0.515007,-0.756173,-0.403695,0.449668,-0.821982,-0.349492,7.351,206.931,7.015,257.739,-0.337,50.807,2.195,2.325,,2.9432,1.311,,,,1.329,2.127,4.442,4.403,6.755,0.0161,4.971,,0.1086,4.957,the envelope is still moving 1.95 deg at the end of the window against a 0.18 deg band -- still decaying,20.05,3.717,1,3.23,2.9,1,127,522,tail still wanders 1.33 deg against a 0.62 deg band -- no settled state to time,17.0
20.0,2026-09-13_143442,74294.785,231.9,31.653,0.186449,-0.969676,-0.158002,0.29847,-0.71766,-0.62919,26.271,318.239,12.919,61.709,-13.352,103.47,2.414,2.66,1.862,1.8581,8.791,0.841,-0.0003,0.8407,1.069,0.338,8.52,7.957,15.756,0.6824,7.575,3.8058,0.8237,7.549,,20.05,6.703,1,6.84,3.55,0,211,525,,
20.0,2026-09-13_143601,74374.057,229.9,31.574,-0.186066,0.969882,0.157188,-0.291178,0.72069,0.629144,20.109,292.517,11.545,103.629,-8.564,171.112,2.541,2.61,1.9032,1.9032,8.85,0.8123,0.0554,0.8678,0.924,0.293,8.27,7.674,14.489,0.5639,7.416,,0.5834,7.602,the envelope is still moving 0.74 deg at the end of the window against a 0.71 deg band -- still decaying,20.0,7.345,1,5.4,3.55,0,211,527,,24.7
50.0,2026-09-12_183613,2394.314,230.1,9.887,-0.587306,0.706718,0.394488,-0.516053,0.810849,0.276067,20.243,189.152,18.129,219.011,-2.114,29.859,0.542,0.617,,0.092,2.328,,,,0.249,0.252,1.092,1.367,6.834,0.2276,1.063,2.6907,0.9374,1.035,,76.8,0.343,1,1.13,3.085,0,211,523,settle 0.107 s is inside the 0.247 s smoother -- not measurable,16.1
50.0,2026-09-12_183719,2460.111,230.4,9.721,0.586738,-0.707648,-0.393665,0.511224,-0.811624,-0.282695,17.523,184.949,14.38,219.122,-3.143,34.173,0.544,0.819,,0.0802,2.261,,,,0.436,0.449,0.907,1.728,7.19,0.2158,1.494,2.2943,0.9374,1.385,,50.0,,0,3.08,3.085,0,212,526,settle 0.096 s is inside the 0.240 s smoother -- not measurable,16.1
50.0,2026-09-12_183933,2594.188,235.3,10.077,-0.585053,0.709512,0.392817,-0.50704,0.81615,0.277145,14.173,192.425,12.876,236.196,-1.297,43.771,0.592,0.894,,0.0956,2.171,,,,0.543,0.539,0.838,2.005,7.31,0.2323,1.798,2.3171,0.8978,1.731,,50.0,,0,2.47,3.88,1,211,522,settle 0.100 s is inside the 0.240 s smoother -- not measurable,16.2
50.0,2026-09-12_184039,2660.027,231.8,10.022,0.586445,-0.708147,-0.393205,0.509221,-0.814392,-0.278317,22.38,199.998,21.721,226.819,-0.659,26.821,0.513,0.887,1.8808,0.0877,2.087,,,,0.515,0.514,0.781,2.271,7.593,0.2308,1.678,3.6372,1.2675,1.483,,49.9,0.466,1,8.88,3.82,1,211,523,rise 0.163 s is inside the 0.240 s smoother -- not measurable,15.4
50.0,2026-09-12_184155,2736.802,229.6,10.198,-0.582762,0.71111,0.393333,-0.510874,0.816213,0.269822,14.146,199.678,14.634,241.454,0.488,41.776,0.536,0.489,,0.0883,2.605,,,,0.281,0.276,0.632,1.224,7.279,0.2178,0.946,2.2569,0.8978,0.906,,50.0,,0,1.22,3.085,0,208,524,settle 0.106 s is inside the 0.240 s smoother -- not measurable,16.2
50.0,2026-09-12_184301,2802.665,230.8,9.392,0.584789,-0.710545,-0.391341,0.514064,-0.810239,-0.281514,16.268,186.597,13.736,222.335,-2.532,35.738,0.64,0.653,,0.0902,2.522,,,,0.277,0.295,0.762,1.373,7.324,0.2301,1.194,2.0968,0.8978,1.048,,49.45,0.469,1,2.84,3.62,1,212,526,settle 0.101 s is inside the 0.243 s smoother -- not measurable,16.2
50.0,2026-09-12_184515,2936.861,233.0,9.908,-0.584,0.711288,0.391168,-0.508961,0.815515,0.275487,16.463,214.719,18.478,247.519,2.014,32.8,0.559,0.718,0.34,0.0912,2.289,,,,0.322,0.325,0.766,1.594,7.441,0.2261,1.341,2.1666,0.9787,1.253,,50.0,,0,2.86,3.085,0,211,525,rise 0.159 s is inside the 0.240 s smoother -- not measurable,16.1
50.0,2026-09-12_184621,3002.545,231.4,9.539,-0.585502,0.709681,0.391842,-0.513901,0.8108,0.280196,16.429,192.1,14.825,227.687,-1.604,35.587,0.403,0.586,0.3218,0.0917,2.041,,,,0.366,0.384,0.589,1.547,7.515,0.2586,1.157,2.7128,0.8978,1.138,,50.0,,0,1.09,3.58,1,207,523,rise 0.167 s is inside the 0.240 s smoother -- not measurable,16.2
50.0,2026-09-13_144817,75118.753,232.7,23.03,0.604099,-0.784608,-0.139479,0.450393,-0.813128,-0.36874,24.192,157.311,26.507,119.868,2.315,-37.442,6.315,13.592,,5.4043,47.756,,,,178.257,77.402,11.468,11.273,19.466,0.217,17.691,,,,the envelope is still moving 10.61 deg at the end of the window against a 0.18 deg band -- still decaying,51.0,6.682,1,2.09,3.085,0,209,524,tail still wanders 178.26 deg against a 2.30 deg band -- no settled state to time,
50.0,2026-09-13_144943,75204.646,231.9,9.338,-0.582933,0.712452,0.390642,-0.513382,0.810866,0.280955,17.421,204.582,17.727,235.876,0.306,31.295,0.639,0.762,2.1067,2.0573,2.174,,,,0.794,0.85,0.944,2.467,8.193,0.2257,1.443,2.5994,0.9374,1.394,,50.15,0.578,1,2.05,3.085,0,209,140,rise 0.175 s is inside the 0.259 s smoother -- not measurable,16.2
