# skew_n, 2098
# skew_median_ms, 5.565667001064867
# skew_p95_ms, 20.29014380386796
# skew_max_ms, 120.10079098399729
# skew_dropped, 1180
index,t_capture
0,183716.710691
1,183716.901974
2,183716.989707
3,183717.070201
4,183717.157543
5,183717.256748
6,183717.357078
7,183717.438622
8,183717.533448
9,183717.613038
10,183717.756383
11,183717.878692
12,183717.968345
13,183718.087894
14,183718.171580
15,183718.436739
16,183718.537043
17,183718.620855
18,183718.720140
19,183718.805636
20,183718.903975
21,183718.997577
22,183719.083466
23,183719.172281
24,183719.276611
25,183719.372472
26,183719.464107
27,183719.572966
28,183719.670538
29,183719.831113
30,183719.996629
31,183720.097762
32,183720.207952
33,183720.300829
34,183720.455637
35,183720.727182
36,183720.805914
37,183720.904814
38,183720.981083
39,183721.051695
40,183721.139419
41,183721.221139
42,183721.308436
43,183721.434371
44,183721.517561
45,183721.594975
46,183721.692953
47,183721.791806
48,183721.893229
49,183722.001884
50,183722.083693
51,183722.181087
52,183722.258832
53,183722.364833
54,183722.469059
55,183722.564702
56,183722.644434
57,183722.765713
58,183722.866476
59,183723.003851
60,183723.082693
61,183723.180552
62,183723.290451
63,183723.386920
64,183723.475007
65,183723.562952
66,183723.642679
67,183723.731525
68,183723.821529
69,183723.906341
70,183724.005569
71,183724.083931
72,183724.172815
73,183724.292535
74,183724.402430
75,183724.525476
76,183724.612357
77,183724.722694
78,183724.806276
79,183725.014119
80,183725.117458
81,183725.219531
82,183725.308550
83,183725.389891
84,183725.499949
85,183725.614698
86,183725.710461
87,183725.795637
88,183725.877842
89,183725.956353
90,183726.034536
91,183726.123840
92,183726.213005
93,183726.294536
94,183726.382203
95,183726.485668
96,183726.657834
97,183726.759393
98,183726.853003
99,183726.966452
100,183727.045853
101,183727.158985
102,183727.245931
103,183727.325013
104,183727.424566
105,183727.604573
106,183727.678073
107,183727.769649
108,183727.852746
109,183727.958146
110,183728.055379
111,183728.142087
112,183728.228366
113,183728.303875
114,183728.413140
115,183728.522815
116,183728.642791
117,183728.732475
118,183728.814999
119,183729.012588
120,183729.108264
121,183729.227407
122,183729.300308
123,183729.413223
124,183729.486119
125,183729.583772
126,183729.679407
127,183729.732548
128,183729.855407
129,183729.943144
130,183730.025680
131,183730.106500
132,183730.190204
133,183730.317916
134,183730.557715
135,183730.644127
136,183730.747199
137,183730.854721
138,183730.953023
139,183731.087827
140,183731.187804
141,183731.291733
142,183731.411468
143,183731.485891
144,183731.579629
145,183731.795772
146,183731.881441
147,183731.972687
148,183732.077648
149,183732.157167
150,183732.258291
151,183732.338000
152,183732.473926
153,183732.557210
154,183732.661086
155,183732.763123
156,183732.868610
157,183732.990322
158,183733.071936
159,183733.166899
160,183733.299975
161,183733.398751
162,183733.489257
163,183733.598695
164,183733.685580
165,183733.991011
166,183734.085174
167,183734.223504
168,183734.307693
169,183734.418239
170,183734.505943
171,183734.620907
172,183734.789016
173,183734.880364
174,183734.988696
175,183735.094919
176,183735.188546
177,183735.337822
178,183735.420817
179,183735.527286
180,183735.622503
181,183735.743695
182,183735.834108
183,183735.936257
184,183736.020732
185,183736.108981
186,183736.211956
187,183736.317611
188,183736.435840
189,183736.533935
190,183736.611325
191,183736.697900
192,183736.932195
193,183737.044661
194,183737.143359
195,183737.236925
196,183737.339607
197,183737.427223
198,183737.525183
199,183737.612012
200,183737.692343
201,183737.782279
202,183737.877188
203,183737.974966
204,183738.054825
205,183738.161365
206,183738.264723
207,183738.357380
208,183738.469999
209,183738.545256
210,183738.635751
211,183738.715830
212,183738.788618
213,183738.890325
214,183738.988181
215,183739.086806
216,183739.194557
217,183739.315022
218,183739.414217
219,183739.758981
220,183739.852570
221,183739.932556
222,183740.036750
223,183740.126214
224,183740.418955
225,183740.501858
226,183740.588954
227,183740.669853
228,183740.750075
229,183740.868697
230,183740.953913
231,183741.038288
232,183741.124327
233,183741.228291
234,183741.331613
235,183741.436732
236,183741.557013
237,183741.656391
238,183741.739702
239,183741.826497
240,183741.964387
241,183742.070111
242,183742.161155
243,183742.417436
244,183742.491843
245,183742.572115
246,183742.651886
247,183742.747707
248,183742.836468
249,183742.911385
250,183742.997236
251,183743.084843
252,183743.188028
253,183743.277295
254,183743.388383
255,183743.492321
256,183743.605428
257,183743.726114
258,183743.804519
259,183743.894383
260,183743.977310
261,183744.070017
262,183744.153219
263,183744.238132
264,183744.319509
265,183744.427506
266,183744.531804
267,183744.611321
268,183744.693067
269,183744.764167
270,183744.878772
271,183744.963954
272,183745.044260
273,183745.148505
274,183745.227826
275,183745.308721
276,183745.419341
277,183745.590800
278,183745.699296
279,183745.783471
280,183746.100702
281,183746.172795
282,183746.270409
283,183746.372190
284,183746.468417
285,183746.555820
286,183746.639109
287,183746.788407
288,183746.868888
289,183746.988585
290,183747.062720
291,183747.163961
292,183747.287620
293,183747.427847
294,183747.516099
295,183747.599155
296,183747.709175
297,183747.773158
298,183747.906256
299,183747.991754
300,183748.071164
301,183748.178246
302,183748.296519
303,183748.404520
304,183748.492137
305,183748.581161
306,183748.780632
307,183748.867611
308,183748.955203
309,183749.061314
310,183749.175600
311,183749.260667
312,183749.371444
313,183749.461129
314,183749.555940
315,183749.637045
316,183749.736337
317,183749.820017
318,183749.915653
319,183750.005318
320,183750.096448
321,183750.195936
322,183750.284709
323,183750.365383
324,183750.468582
325,183750.583154
326,183750.678361
327,183750.759190
328,183750.899801
329,183750.981731
330,183751.091538
331,183751.219833
332,183751.363512
333,183751.452134
334,183751.556581
335,183751.670224
336,183751.776619
337,183751.876290
338,183751.966246
339,183752.060871
340,183752.140688
341,183752.277669
342,183752.363782
343,183752.444405
344,183752.531775
345,183752.612158
346,183752.692279
347,183752.803333
348,183752.907967
349,183752.996227
350,183753.076864
351,183753.155621
352,183753.260392
353,183753.340174
354,183753.420585
355,183753.499268
356,183753.619795
357,183753.698060
358,183753.788098
359,183753.893022
360,183753.977948
361,183754.068082
362,183754.148003
363,183754.237291
364,183754.331325
365,183754.437924
366,183754.565690
367,183754.645099
368,183754.793468
369,183754.961067
370,183755.044428
371,183755.168148
372,183755.252054
373,183755.347559
374,183755.426070
375,183755.508930
376,183755.587723
377,183755.676969
378,183755.764889
379,183755.874491
380,183755.955225
381,183756.039509
382,183756.171626
383,183756.251044
384,183756.331753
385,183756.444174
386,183756.531992
387,183756.621186
388,183756.724140
389,183756.810007
390,183756.915488
391,183757.002903
392,183757.076397
393,183757.156917
394,183757.244316
395,183757.324284
396,183757.444054
397,183757.581785
398,183757.667770
399,183757.747631
400,183757.835881
401,183757.939775
402,183758.020159
403,183758.123851
404,183758.228516
405,183758.308148
406,183758.395638
407,183758.474357
408,183758.564058
409,183758.676767
410,183758.781510
411,183758.869649
412,183758.947921
413,183759.044742
414,183759.134082
415,183759.211451
416,183759.283229
417,183759.372964
418,183759.467657
419,183759.563567
420,183759.636149
421,183759.732202
422,183759.818376
423,183759.898659
424,183759.970629
425,183760.075522
426,183760.147232
427,183760.243245
428,183760.315634
429,183760.395678
430,183760.467790
431,183760.547941
432,183760.619601
433,183760.707239
434,183760.803295
435,183760.884213
436,183760.963487
437,183761.043081
438,183761.114961
439,183761.195945
440,183761.266546
441,183761.371710
442,183761.492069
443,183761.570744
444,183761.651374
445,183761.747611
446,183761.826763
447,183761.891572
448,183761.996732
449,183762.082588
450,183762.333849
451,183762.412686
452,183762.493706
453,183762.588902
454,183762.658661
455,183762.786919
456,183762.858669
457,183762.979552
458,183763.050742
459,183763.123408
460,183763.194558
461,183763.465416
462,183763.707301
463,183763.781845
464,183763.909148
465,183763.989687
466,183764.056690
467,183764.166661
468,183764.239707
469,183764.410419
470,183764.496185
471,183764.585813
472,183764.688811
473,183764.767209
474,183764.852349
475,183764.921387
476,183765.009849
477,183765.107517
478,183765.211227
479,183765.306949
480,183765.515858
481,183765.613265
482,183765.694036
483,183765.805532
484,183765.929250
485,183766.251776
486,183766.341927
487,183766.406592
488,183766.648795
489,183766.939030
490,183767.029254
491,183767.130783
492,183767.241123
493,183767.347231
494,183767.434686
495,183767.507911
496,183767.653017
497,183767.743205
498,183767.836795
499,183767.933832
500,183768.020502
501,183768.234716
502,183768.306683
503,183768.419287
504,183768.509883
505,183768.614263
506,183768.694813
507,183768.840005
508,183768.916127
509,183769.266587
510,183769.331619
511,183769.397162
512,183769.450746
513,183769.650864
514,183769.826950
515,183769.892572
516,183770.029257
517,183770.108070
518,183770.349773
519,183770.405110
520,183770.472410
521,183770.525391
522,183770.587031
523,183770.760143
524,183770.852474
525,183770.931465
526,183770.992404
527,183771.090475
528,183771.158516
529,183771.234125
530,183771.301870
531,183771.449414
532,183771.524096
533,183771.599548
534,183771.669881
535,183771.748631
536,183771.863408
537,183771.915031
538,183772.020768
539,183772.124945
540,183772.213238
541,183772.324156
542,183772.411299
543,183772.797700
544,183772.880103
545,183772.991071
546,183773.093493
547,183773.194342
548,183773.266248
549,183773.342675
550,183773.710599
551,183773.786990
552,183773.877733
553,183774.016767
554,183774.102876
555,183774.236927
556,183774.316914
557,183774.460710
558,183774.551683
559,183774.636418
560,183774.732058
561,183774.818641
562,183774.919938
563,183775.221832
564,183775.302218
565,183775.389329
566,183775.506436
567,183775.606364
568,183775.701772
569,183775.785411
570,183775.859845
571,183775.954723
572,183776.059716
573,183776.188504
574,183776.347827
575,183776.419889
576,183776.517379
577,183776.655330
578,183776.723169
579,183776.795191
580,183776.892568
581,183776.998902
582,183777.092913
583,183777.216058
584,183777.395494
585,183777.476537
586,183777.620471
587,183777.731812
588,183778.107180
589,183778.205174
590,183778.288917
591,183778.395619
592,183778.475630
593,183778.594646
594,183778.690461
595,183778.772321
596,183778.884912
597,183778.957004
598,183779.020261
599,183779.260555
600,183779.332648
601,183779.482724
602,183779.542585
603,183779.593633
604,183779.675880
605,183779.731589
606,183779.797956
607,183779.859819
608,183779.928956
609,183779.981289
610,183780.071604
611,183780.134110
612,183780.188789
