# generated, 2026-08-15T22:04:08+00:00
# source, camera:0
# radius_mm, 10.2446
# axial, True
# fps_measured, 120.3796171216232
frame,t_capture,t_host,x_mm,y_mm,z_mm,theta_deg,phi_deg,psi_deg,nx,ny,nz,vx_mm_s,vy_mm_s,vz_mm_s,ellipse_cx,ellipse_cy,major_px,minor_px,ellipse_deg,area_px,fit_rms_px,ambiguity_margin_deg,n_solutions,jump_deg,t_seg_ms,t_est_ms,t_total_ms
0,664710.798122,664710.798122,1.1481,3.5333,21.8351,51.5207,103.9549,10.5880,-0.188787,0.759728,-0.622232,0.0000,0.0000,0.0000,625.286,449.682,1427.046,774.389,10.588,519950.0,39.7345,107.994,2,,19.2896,4.8429,24.1325
1,664710.824004,664710.824004,2.0019,3.5172,23.8373,43.3243,110.2124,13.5852,-0.237057,0.643874,-0.727482,32.9606,-0.6200,77.5249,676.278,449.803,1277.335,857.723,13.585,519370.0,36.7081,89.599,2,9.395,5.5124,0.4370,5.9494
2,664710.828594,664710.828594,1.1630,3.5325,21.8861,51.2687,103.8476,10.4444,-0.186706,0.757416,-0.625669,7.1882,-0.1479,0.9467,625.536,449.215,1422.438,777.420,10.444,520093.0,39.8412,107.473,2,9.212,7.7236,0.4654,8.1890
3,664710.836695,664710.836695,1.1624,3.5336,21.8600,51.4170,103.9020,10.5076,-0.187814,0.758808,-0.623648,-5.4112,0.1166,-32.2219,625.937,449.538,1424.896,775.524,10.508,519877.0,40.0294,107.778,2,0.154,8.4191,0.5282,8.9473
4,664710.845088,664710.845088,1.1578,3.5566,21.7978,51.5315,104.2052,10.7905,-0.192133,0.759010,-0.622084,-9.5691,0.8022,-36.0325,627.121,451.547,1430.092,774.885,10.790,519727.0,39.0348,108.082,2,0.263,4.8940,0.3628,5.2569
5,664710.852700,664710.852700,2.0170,3.5133,23.8758,43.0784,110.4148,13.6890,-0.238240,0.640100,-0.730420,10.9638,-0.1016,36.6617,677.121,449.743,1274.624,860.476,13.689,519334.0,36.3891,89.045,2,9.599,4.5717,0.5047,5.0765
6,664710.860559,664710.860559,1.0947,3.4479,21.8784,52.4060,104.4347,11.2172,-0.197515,0.767341,-0.610062,-2.6567,-1.9572,-5.2516,622.460,445.403,1426.266,759.915,11.217,519996.0,41.7851,109.398,2,10.317,4.9547,0.4975,5.4523
7,664710.868867,664710.868867,2.0201,3.4879,23.8983,43.0739,110.7261,13.9564,-0.241693,0.638743,-0.730474,11.9186,-1.5898,42.3701,677.789,448.398,1273.360,861.192,13.956,519364.0,37.2725,88.849,2,10.421,4.7622,0.3889,5.1511
8,664710.876467,664710.876467,1.1547,3.5336,21.8560,51.4695,103.9503,10.5696,-0.188591,0.759204,-0.622931,-1.8373,-0.1737,-11.7228,625.553,449.656,1425.335,774.645,10.570,519701.0,39.9437,107.888,2,9.751,5.0068,0.3502,5.3570
9,664710.884827,664710.884827,2.0251,3.4921,23.9138,43.0718,110.8091,14.0215,-0.242609,0.638367,-0.730499,10.5687,-0.3302,33.5599,678.129,448.758,1272.509,860.678,14.021,519551.0,37.3277,88.844,2,9.784,6.2487,0.5507,6.7994
10,664710.892797,664710.892797,1.0897,3.4627,21.8301,52.3219,104.2985,11.0866,-0.195470,0.766939,-0.611225,-5.5770,-0.9901,-22.0361,622.131,446.139,1429.635,762.349,11.087,520135.0,41.3525,109.313,2,10.419,5.1205,0.3766,5.4970
11,664710.901418,664710.901418,1.9967,3.5000,23.8546,43.4517,110.4527,13.8342,-0.240320,0.644388,-0.725955,7.5356,-0.3038,26.3396,676.405,448.916,1276.620,856.227,13.834,519240.0,36.2623,89.724,2,9.968,5.2910,0.4329,5.7239
12,664710.909948,664710.909948,1.9721,3.5414,23.7396,44.2969,110.9352,14.4431,-0.249538,0.652273,-0.715731,11.9226,1.0194,36.8749,677.817,452.061,1285.579,847.212,14.443,519375.0,37.2638,91.472,2,0.909,5.2921,0.3730,5.6651
13,664710.916778,664710.916778,1.1620,3.5362,21.8751,51.3730,104.0192,10.6101,-0.189250,0.757957,-0.624247,-4.8975,1.3579,-25.7537,626.097,449.769,1423.652,775.872,10.610,520238.0,39.9462,107.684,2,8.730,5.4705,0.3746,5.8450
14,664710.926281,664710.926281,1.1653,3.5384,21.8751,51.3220,103.9201,10.5099,-0.187805,0.757744,-0.624942,-13.1184,1.3007,-44.7615,626.040,449.768,1423.483,776.629,10.510,519800.0,40.2926,107.601,2,0.093,4.7570,0.3801,5.1371
15,664710.932993,664710.932993,1.1369,3.5656,21.8073,51.3686,104.7211,11.2684,-0.198508,0.755536,-0.624308,-15.4646,1.6693,-44.0130,626.955,452.346,1428.913,777.939,11.268,520118.0,40.6318,107.719,2,0.627,4.7526,0.3569,5.1095
16,664710.941249,664710.941249,1.1590,3.5341,21.8731,51.3308,103.7721,10.3894,-0.185870,0.758319,-0.624824,-13.4366,0.8763,-29.6610,625.157,449.356,1423.569,776.447,10.389,519965.0,40.6225,107.627,2,0.742,5.4889,0.3451,5.8340
17,664710.948721,664710.948721,1.1927,3.5558,21.8663,51.5895,104.7653,11.2483,-0.199704,0.757704,-0.621291,-9.5923,0.8131,-17.0555,630.709,452.156,1425.447,772.492,11.248,519735.0,40.4462,108.088,2,0.819,5.1188,0.5470,5.6658
18,664710.964655,664710.964655,1.1299,3.5792,21.7799,51.4482,105.0340,11.5647,-0.202856,0.755277,-0.623222,-4.2996,1.0711,-2.1800,627.644,453.691,1431.337,777.159,11.565,520227.0,40.6865,107.908,2,0.253,5.5595,0.3711,5.9306
19,664710.972397,664710.972397,1.1949,3.5975,21.8148,51.6639,103.9287,10.5005,-0.188813,0.761322,-0.620273,-0.2498,1.4023,2.6413,628.931,454.671,1429.382,769.292,10.500,519990.0,40.5116,108.611,2,0.892,4.8376,0.3658,5.2034
20,664710.979733,664710.979733,1.1470,3.4928,22.0544,50.7854,103.7543,10.3572,-0.184211,0.752566,-0.632227,0.2695,-1.1455,11.5613,622.392,445.793,1408.215,782.156,10.357,519786.0,41.5258,106.313,2,0.889,4.4539,0.3427,4.7965
21,664710.987801,664710.987801,1.0962,3.5492,21.7286,52.1870,105.4871,12.1082,-0.210952,0.761331,-0.613086,-0.6926,-0.8340,1.1370,627.104,453.090,1437.559,766.360,12.108,520201.0,42.9299,109.261,2,1.950,4.5435,0.3502,4.8937
22,664710.996147,664710.996147,1.9310,3.7103,23.3278,44.2990,113.3366,16.4949,-0.276660,0.641269,-0.715704,17.7643,3.0969,47.2198,685.661,465.306,1311.935,860.937,16.495,519256.0,33.2865,91.633,2,9.813,5.1677,0.3745,5.5422
23,664711.004736,664711.004736,1.1551,3.4944,22.0706,50.7353,103.8632,10.4367,-0.185509,0.751677,-0.632904,5.7039,-0.4836,12.6239,623.144,445.940,1406.945,782.674,10.437,520296.0,41.3940,106.195,2,9.487,5.4151,0.3806,5.7957
24,664711.012720,664711.012720,1.1597,3.4974,22.0926,50.5518,103.8148,10.3673,-0.184389,0.749861,-0.635381,-0.8207,-1.9992,-2.6412,623.094,445.897,1404.790,785.164,10.367,520245.0,41.6218,105.834,2,0.187,4.9751,0.5125,5.4876
25,664711.020644,664711.020644,1.1545,3.4985,22.0804,50.6411,103.8491,10.4157,-0.185075,0.750712,-0.634176,-3.9365,-2.3605,-8.4406,622.945,446.108,1405.940,783.870,10.416,519964.0,41.4790,106.024,2,0.093,4.8338,0.3572,5.1911
26,664711.028423,664711.028423,1.1512,3.4987,22.0737,50.6854,103.8776,10.4511,-0.185566,0.751095,-0.633578,-4.8705,-2.1371,-8.9073,622.857,446.196,1406.555,783.279,10.451,519859.0,41.3933,106.115,2,0.049,4.6522,0.3737,5.0259
27,664711.036181,664711.036181,1.1645,3.4978,22.1003,50.5085,103.7630,10.3088,-0.183596,0.749561,-0.635964,-4.2416,-1.6890,-6.0577,623.208,445.841,1404.106,785.639,10.309,519970.0,41.7364,105.752,2,0.198,5.0491,0.3820,5.4311
28,664711.044451,664711.044451,1.1298,3.4729,22.0500,51.2954,104.2900,10.9244,-0.192621,0.756234,-0.625305,-3.9098,-1.6972,-4.8400,622.833,445.535,1410.133,774.174,10.924,519879.0,43.9005,107.211,2,0.887,4.7763,0.3598,5.1361
29,664711.052782,664711.052782,1.1324,3.5853,21.7753,51.4268,104.9420,11.4750,-0.201583,0.755377,-0.623514,-2.9674,1.0891,-12.1020,627.604,454.031,1431.616,777.299,11.475,520335.0,39.5678,107.908,2,0.526,5.3364,0.3798,5.7162
30,664711.061073,664711.061073,1.2114,3.5090,22.1040,50.9433,102.6248,9.2645,-0.169721,0.757748,-0.630089,-0.2111,0.5680,-0.8697,623.428,446.571,1405.056,775.140,9.265,519991.0,40.6161,106.884,2,1.869,4.8314,0.3988,5.2302
31,664711.068895,664711.068895,1.1216,3.5797,21.7595,51.5436,105.0495,11.6011,-0.203330,0.756223,-0.621919,-0.8102,1.7597,-7.3966,627.293,453.875,1433.165,775.956,11.601,520089.0,40.9767,108.114,2,1.984,4.8625,0.5004,5.3630
32,664711.076959,664711.076959,1.1286,3.5823,21.7866,51.4119,105.0734,11.5987,-0.203273,0.754756,-0.623717,-0.8138,2.0985,-7.1988,627.590,453.901,1430.724,777.513,11.599,519813.0,41.0488,107.844,2,0.133,4.8547,0.3691,5.2238
33,664711.084247,664711.084247,1.1226,3.5827,21.7688,51.5313,105.1831,11.7184,-0.205058,0.755618,-0.622087,-0.8157,1.9470,-6.0227,627.671,454.200,1432.471,775.930,11.718,519888.0,40.8906,108.082,2,0.147,4.6995,0.3780,5.0775
34,664711.092661,664711.092661,1.1302,3.4710,22.0514,51.2525,104.1492,10.7931,-0.190648,0.756251,-0.625890,-0.5018,-0.9255,5.3195,622.435,445.217,1409.860,774.836,10.793,520237.0,44.1908,107.133,2,0.855,5.1874,0.3572,5.5446
35,664711.100243,664711.100243,1.1053,3.5491,21.7524,52.1139,105.4907,12.0909,-0.210790,0.760563,-0.614093,-0.7993,-0.5020,-0.9956,627.550,452.984,1435.538,767.044,12.091,519990.0,42.7781,109.100,2,1.360,4.6244,0.3994,5.0238
36,664711.108270,664711.108270,1.1226,3.5788,21.7686,51.5320,105.1338,11.6745,-0.204409,0.755802,-0.622078,-0.4400,0.4430,-2.8415,627.526,453.872,1432.461,776.042,11.675,519856.0,40.7153,108.071,2,0.646,5.3229,0.5457,5.8685
37,664711.116924,664711.116924,1.1586,3.4947,22.0671,50.7251,103.6719,10.2583,-0.182971,0.752183,-0.633042,0.6301,-1.0250,7.0682,622.875,445.803,1407.137,782.714,10.258,520161.0,39.4594,106.203,2,1.395,5.9550,0.3748,6.3298
38,664711.124471,664711.124471,1.1258,3.5843,21.7706,51.4567,105.0998,11.6299,-0.203748,0.755133,-0.623106,0.3242,0.3846,-0.3988,627.632,454.125,1432.082,777.144,11.630,519862.0,40.9005,107.944,2,1.330,5.5711,0.5135,6.0845
39,664711.132781,664711.132781,1.3596,3.5420,22.0663,50.1286,104.9906,11.0007,-0.198517,0.741366,-0.641067,5.2359,0.1044,6.2595,641.241,449.343,1407.051,795.907,11.001,520099.0,39.0460,104.773,2,1.331,7.3279,0.4497,7.7776
40,664711.141729,664711.141729,1.9149,3.7304,23.3092,44.3541,112.6587,15.9488,-0.269319,0.645132,-0.715033,19.2638,4.2129,47.2159,683.224,465.965,1312.925,858.485,15.949,519399.0,31.2691,92.020,2,8.058,7.2804,1.1417,8.4222
41,664711.150734,664711.150734,1.1508,3.4952,22.0711,50.7468,103.8890,10.4687,-0.185878,0.751717,-0.632749,4.4054,-0.1054,8.1426,622.903,446.041,1406.929,782.390,10.469,519811.0,41.3881,106.224,2,9.086,6.5982,0.6141,7.2123
42,664711.157887,664711.157887,1.1247,3.5822,21.7753,51.4789,105.1080,11.6425,-0.203918,0.755337,-0.622802,-3.3194,-0.0878,-16.4984,627.531,454.025,1431.790,776.635,11.642,519686.0,40.9933,107.981,2,1.198,5.3314,0.3940,5.7254
43,664711.164874,664711.164874,1.2147,3.5088,22.1107,50.9011,102.5954,9.2287,-0.169231,0.757382,-0.630661,-4.6760,-1.5960,-12.3004,623.514,446.483,1404.446,775.696,9.229,519922.0,40.6918,106.797,2,2.041,6.7412,0.6254,7.3666
44,664711.173065,664711.173065,1.1182,3.5788,21.7567,51.6012,105.1715,11.7222,-0.205104,0.756392,-0.621131,-6.6538,-0.6220,-18.5355,627.441,454.001,1433.583,775.140,11.722,519786.0,40.6629,108.213,2,2.128,8.0392,0.4443,8.4835
45,664711.181348,664711.181348,1.0985,3.5486,21.7340,52.1736,105.4306,12.0531,-0.210162,0.761400,-0.613272,-6.8958,-0.6681,-16.8302,627.050,452.982,1437.088,766.383,12.053,519501.0,42.9328,109.238,2,0.608,8.7310,3.3250,12.0560
46,664711.200518,664711.200518,1.1163,3.5776,21.7548,51.5739,105.0494,11.6131,-0.203414,0.756542,-0.621504,-2.2749,0.6349,-0.5479,626.946,453.764,1433.586,775.584,11.613,519763.0,40.8389,108.171,2,0.670,9.6552,0.4356,10.0908
47,664711.205986,664711.205986,1.0924,3.5452,21.7322,52.2175,105.4553,12.0906,-0.210616,0.761762,-0.612666,-1.5828,0.0165,0.9212,626.687,452.827,1437.335,765.724,12.091,519697.0,42.6188,109.315,2,0.718,8.0692,0.4541,8.5233
48,664711.214236,664711.214236,1.1193,3.5797,21.7581,51.5960,105.1610,11.7105,-0.204949,0.756375,-0.621203,-0.2767,0.5895,2.1571,627.479,454.057,1433.468,775.136,11.710,519821.0,40.6875,108.208,2,0.663,7.5229,0.4382,7.9611
49,664711.220807,664711.220807,1.1237,3.5855,21.7662,51.4610,105.1650,11.6915,-0.204619,0.754946,-0.623047,0.4022,0.8695,2.3849,627.707,454.264,1432.450,777.258,11.691,519513.0,40.8895,107.949,2,0.135,6.1034,0.5424,6.6458
50,664711.229217,664711.229217,1.1215,3.5799,21.7633,51.5486,105.1595,11.7006,-0.204796,0.755884,-0.621850,0.6196,0.7205,1.7250,627.572,453.995,1432.930,775.890,11.701,519777.0,40.7538,108.108,2,0.088,6.6851,1.8257,8.5108
51,664711.236815,664711.236815,1.0851,3.5448,21.7154,52.3190,105.5239,12.1738,-0.211818,0.762554,-0.611265,-0.1707,-0.2309,-0.4974,626.525,453.021,1438.938,764.367,12.174,519272.0,42.4463,109.521,2,0.822,8.4788,0.3788,8.8576
52,664711.245185,664711.245185,1.0825,3.5698,21.6225,52.5550,105.8535,12.4867,-0.216887,0.763739,-0.607999,-0.5952,-0.1191,-4.3796,628.283,455.491,1447.093,762.295,12.487,519302.0,40.5703,110.083,2,0.352,8.3210,0.7674,9.0884
53,664711.253859,664711.253859,1.1220,3.5805,21.7744,51.5084,105.1093,11.6517,-0.204020,0.755642,-0.622399,0.1940,0.1992,0.4265,627.349,453.947,1431.934,776.149,11.652,519641.0,40.8573,108.037,2,1.200,8.0708,0.4760,8.5468
54,664711.262493,664711.262493,1.1489,3.4950,22.0672,50.7564,103.8591,10.4459,-0.185511,0.751917,-0.632618,1.1459,-1.6169,11.9871,622.715,446.010,1407.229,782.300,10.446,519500.0,41.4209,106.249,2,1.230,6.1366,0.4009,6.5375
55,664711.270602,664711.270602,1.9159,3.7234,23.3029,44.4372,112.9797,16.2395,-0.273333,0.644567,-0.714018,18.4425,2.9047,52.0899,684.199,465.846,1313.651,858.392,16.239,518889.0,32.1595,92.070,2,9.224,5.9520,0.9484,6.9003
56,664711.278097,664711.278097,1.1232,3.4733,22.0363,51.3812,104.3463,10.9941,-0.193596,0.756951,-0.624135,6.5098,-0.8285,16.2366,622.656,445.719,1411.397,773.029,10.994,519421.0,43.7148,107.388,2,9.437,14.9463,0.5485,15.4948
57,664711.287914,664711.287914,1.1588,3.4964,22.0870,50.6667,103.9166,10.4723,-0.186027,0.750768,-0.633830,-0.6298,-2.1294,-3.0371,623.400,446.055,1405.573,783.384,10.472,519423.0,41.3999,106.053,2,0.789,16.9134,0.5261,17.4395
58,664711.312105,664711.312105,1.1479,3.4989,22.0671,50.7297,103.9060,10.4863,-0.186055,0.751479,-0.632979,-5.4073,-1.1414,-9.8788,622.769,446.284,1407.171,782.687,10.486,519216.0,41.3076,106.206,2,0.064,19.0216,0.5065,19.5281
59,664711.335188,664711.335188,1.1601,3.4982,22.0932,50.5765,103.8954,10.4415,-0.185510,0.749867,-0.635047,-1.6684,-0.1075,0.3316,623.356,446.046,1404.848,784.764,10.441,519300.0,41.4716,105.877,2,0.153,11.9501,0.5379,12.4880
60,664711.344582,664711.344582,1.0959,3.5515,21.7383,52.1953,105.6099,12.2211,-0.212606,0.760963,-0.612972,-2.5959,1.5775,-13.1852,627.345,453.400,1436.872,765.906,12.221,512596.0,42.7228,109.273,2,2.101,9.2312,1.1637,10.3949
61,664711.359915,664711.359915,1.1323,3.4917,22.0367,50.8443,103.6906,10.3303,-0.183529,0.753401,-0.631430,-0.5881,-0.3936,4.1175,621.304,445.717,1409.603,781.514,10.330,519024.0,41.6353,106.451,2,2.020,13.4098,1.3443,14.7541
62,664711.373536,664711.373536,1.1382,3.4936,22.0468,50.8106,103.7231,10.3465,-0.183868,0.752936,-0.631886,0.3609,-0.7055,5.5660,621.736,445.848,1408.798,781.789,10.346,518550.0,41.5911,106.382,2,0.042,13.1551,1.0237,14.1788
63,664711.381331,664711.381331,1.1336,3.4923,22.0377,50.8452,103.6686,10.3085,-0.183241,0.753482,-0.631417,0.4133,-0.6782,3.9649,621.329,445.750,1409.534,781.404,10.309,518794.0,41.6636,106.459,2,0.055,9.2326,0.4489,9.6815
64,664711.392539,664711.392539,1.1537,3.4995,22.0787,50.6650,103.9059,10.4704,-0.185883,0.750784,-0.633854,0.8440,-0.2770,3.2458,623.070,446.252,1406.146,783.510,10.470,518457.0,41.3590,106.071,2,0.257,11.5875,0.5143,12.1018
65,664711.406015,664711.406015,1.1369,3.4921,22.0443,50.8015,103.6400,10.2732,-0.182751,0.753105,-0.632008,0.2283,-0.2111,-0.1150,621.417,445.662,1408.922,781.990,10.273,518211.0,41.7493,106.369,2,0.247,17.4855,0.8488,18.3343
66,664711.415146,664711.415146,1.1350,3.4938,22.0402,50.8545,103.7516,10.3817,-0.184357,0.753314,-0.631292,-0.0625,-0.0995,-0.9831,621.649,445.936,1409.412,781.201,10.382,518487.0,41.5054,106.472,2,0.101,19.1637,0.8297,19.9934
67,664711.443664,664711.443664,1.9684,3.6405,23.5569,43.3025,111.5474,14.7318,-0.251892,0.637918,-0.727743,29.5039,5.2882,66.2357,680.376,458.826,1294.670,866.470,14.732,518044.0,33.5309,89.785,2,9.457,16.3353,1.1396,17.4750
68,664711.463983,664711.463983,1.1481,3.4970,22.0779,50.6491,103.7689,10.3559,-0.184044,0.751056,-0.634069,-13.9709,-2.3780,-47.7869,622.272,445.948,1406.087,783.701,10.356,518187.0,41.6944,106.051,2,9.280,20.3010,0.4897,20.7907
69,664711.485631,664711.485631,1.9728,3.6357,23.5520,43.2347,112.5186,15.5441,-0.262339,0.632761,-0.728554,16.2026,2.6586,47.0913,682.964,459.430,1295.165,869.749,15.544,518024.0,33.7552,89.391,2,9.778,12.4675,0.4100,12.8775
70,664711.493835,664711.493835,1.2047,3.5099,22.1099,50.9013,102.5612,9.2155,-0.168780,0.757485,-0.630658,-4.6934,-0.7537,-13.2697,622.688,446.537,1404.436,775.526,9.216,518397.0,40.8287,106.817,2,10.563,7.7300,0.5146,8.2447
71,664711.509555,664711.509555,1.1491,3.4953,22.0667,50.7275,103.7509,10.3456,-0.184015,0.751956,-0.633009,-12.7747,-2.2492,-25.6860,622.412,445.909,1407.148,782.687,10.346,518360.0,41.6064,106.207,2,0.938,7.2480,0.4029,7.6510
72,664711.517458,664711.517458,1.9756,3.6424,23.5636,43.2679,111.5165,14.6845,-0.251388,0.637646,-0.728156,9.4790,1.6922,31.6201,680.674,458.920,1294.211,866.659,14.684,517497.0,33.6613,89.727,2,9.365,11.6496,0.4347,12.0842
73,664711.525811,664711.525811,1.1350,3.4938,22.0402,50.8545,103.7516,10.3817,-0.184357,0.753314,-0.631292,-4.5064,-0.7811,-9.9091,621.649,445.936,1409.412,781.201,10.382,518066.0,41.5054,106.472,2,9.470,8.2677,0.6491,8.9169
74,664711.534586,664711.534586,1.1382,3.4936,22.0468,50.8106,103.7231,10.3465,-0.183868,0.752936,-0.631886,-9.5366,-1.6919,-20.9565,621.736,445.848,1408.798,781.789,10.346,517915.0,41.5911,106.382,2,0.049,10.5351,0.4302,10.9653
75,664711.550594,664711.550594,1.1982,3.5063,22.0883,50.9693,102.4050,9.0918,-0.166874,0.758673,-0.629737,-6.0722,-1.0253,-10.1558,621.972,446.240,1406.147,774.905,9.092,518031.0,40.9979,106.967,2,1.035,9.9267,0.5190,10.4457
76,664711.556767,664711.556767,1.1551,3.5001,22.0798,50.6658,103.8832,10.4480,-0.185587,0.750867,-0.633843,-5.3242,-0.8532,-6.3500,623.096,446.285,1406.074,783.398,10.448,517867.0,41.3877,106.079,2,1.185,13.3761,0.4122,13.7883
77,664711.577105,664711.577105,1.1516,3.4948,22.0731,50.7777,103.9600,10.5346,-0.186892,0.751817,-0.632331,-1.3756,-0.3433,1.0352,623.155,446.116,1406.903,781.862,10.535,517971.0,41.2846,106.275,2,0.127,13.9108,0.3968,14.3076
78,664711.594344,664711.594344,1.1559,3.4963,22.0851,50.6482,103.9040,10.4637,-0.185812,0.750610,-0.634081,0.3948,0.0042,1.8005,623.161,446.005,1405.637,783.771,10.464,518084.0,41.4499,106.018,2,0.137,10.3164,0.5465,10.8629
79,664711.597368,664711.597368,1.1545,3.4985,22.0804,50.6411,103.8491,10.4157,-0.185075,0.750712,-0.634176,0.6117,0.1069,1.5745,622.945,446.108,1405.940,783.870,10.416,517950.0,41.4790,106.024,2,0.043,12.8271,2.1218,14.9489
80,664711.611142,664711.611142,1.2216,3.5123,22.1208,50.8565,102.4698,9.1013,-0.167465,0.757271,-0.631265,2.5123,0.5455,2.2264,623.551,446.611,1403.568,775.848,9.101,518022.0,39.1241,106.740,2,1.090,28.0500,1.6391,29.6891
81,664711.644478,664711.644478,1.1201,3.5793,21.7725,51.4814,104.9869,11.5423,-0.202329,0.755793,-0.622769,-3.1554,2.4225,-15.0823,626.856,453.708,1431.942,776.591,11.542,517580.0,41.0335,107.996,2,2.058,25.7242,0.4631,26.1873
82,664711.656465,664711.656465,1.1148,3.5764,21.7546,51.6041,105.0296,11.6015,-0.203238,0.756928,-0.621091,-2.5671,1.5726,-8.9017,626.787,453.714,1433.681,775.003,11.602,517827.0,40.7361,108.234,2,0.127,108.2660,8.8079,117.0739
83,664711.795839,664711.795839,1.1373,3.4943,22.0539,50.7781,103.7201,10.3428,-0.183743,0.752597,-0.632326,2.7896,-2.7206,13.1895,621.583,445.860,1408.169,782.096,10.343,517863.0,41.6706,106.320,2,1.313,17.2115,0.5489,17.7604
84,664711.812517,664711.812517,1.1481,3.4930,22.0666,50.6793,103.6370,10.2401,-0.182394,0.751802,-0.633661,1.6682,-1.3311,4.0504,621.998,445.583,1406.966,783.547,10.240,517820.0,41.8483,106.112,2,0.118,10.0056,1.6650,11.6706
85,664711.823159,664711.823159,1.1382,3.4927,22.0453,50.8025,103.6179,10.2515,-0.182463,0.753186,-0.631996,0.5593,-0.5796,-0.1404,621.441,445.695,1408.853,781.880,10.251,517762.0,41.7776,106.377,2,0.124,15.5147,7.6163,23.1309
86,664711.836534,664711.836534,1.1569,3.4962,22.0856,50.6239,103.8010,10.3674,-0.184399,0.750682,-0.634408,0.5362,0.0005,0.5040,622.927,445.891,1405.502,784.064,10.367,518146.0,41.6286,105.983,2,0.228,8.2470,0.3896,8.6367
87,664711.861323,664711.861323,1.1266,3.5839,21.7856,51.4101,105.1023,11.6275,-0.203649,0.754634,-0.623742,-0.9557,3.1871,-13.0241,627.537,454.041,1430.790,777.526,11.627,518637.0,40.9866,107.846,2,1.281,7.3452,0.5478,7.8930
88,664711.872353,664711.872353,1.1512,3.4987,22.0737,50.6854,103.8776,10.4511,-0.185566,0.751095,-0.633578,-0.1022,0.0135,3.6151,622.857,446.196,1406.555,783.279,10.451,518056.0,41.3933,106.115,2,1.197,7.4370,1.0628,8.4999
89,664711.886037,664711.886037,1.1545,3.4985,22.0804,50.6411,103.8491,10.4157,-0.185075,0.750712,-0.634176,0.3017,-0.9778,5.9711,622.945,446.108,1405.940,783.870,10.416,511801.0,41.4790,106.024,2,0.049,9.4478,0.3975,9.8453
90,664711.893436,664711.893436,1.1498,3.4981,22.0727,50.6846,103.9004,10.4735,-0.185862,0.751013,-0.633589,0.2305,-1.0579,4.5908,622.832,446.163,1406.628,783.391,10.474,518135.0,41.3645,106.107,2,0.059,15.5749,0.9270,16.5018
91,664711.968683,664711.968683,1.1465,3.4982,22.0660,50.7289,103.9286,10.5087,-0.186350,0.751396,-0.632991,-0.2988,0.8413,-4.5738,622.744,446.250,1407.244,782.799,10.509,518375.0,41.2789,106.198,2,0.049,12.5050,0.7188,13.2238
92,664711.975566,664711.975566,1.1141,3.5774,21.7496,51.6211,105.0512,11.6232,-0.203570,0.757029,-0.620859,-0.9881,2.5124,-13.4093,626.852,453.826,1434.124,774.834,11.623,518283.0,40.7725,108.271,2,1.249,14.7030,1.0864,15.7893
93,664711.994013,664711.994013,1.1177,3.5689,21.7871,51.4559,104.7679,11.3505,-0.199368,0.756292,-0.623117,-0.6586,1.6465,-5.1644,625.876,452.744,1430.639,776.685,11.351,518380.0,40.6764,107.929,2,0.277,11.4332,1.0979,12.5311
94,664712.006597,664712.006597,1.1252,3.5792,21.7682,51.5396,105.1199,11.6586,-0.204247,0.755931,-0.621974,-0.1140,1.1462,-2.0898,627.683,453.901,1432.529,775.892,11.659,518615.0,40.4914,108.089,2,0.288,9.9366,0.4446,10.3812
95,664712.014599,664712.014599,1.1223,3.6051,21.6845,51.7424,105.5599,12.0670,-0.210635,0.756457,-0.619198,-0.0255,1.4483,-3.9121,629.661,456.428,1439.812,774.411,12.067,518900.0,38.8236,108.564,2,0.400,8.4518,0.4074,8.8592
96,664712.024290,664712.024290,1.1302,3.6057,21.7020,51.6618,105.5079,12.0002,-0.209716,0.755808,-0.620302,0.2136,1.2333,-2.5186,629.901,456.312,1438.225,775.315,12.000,518425.0,38.8721,108.402,2,0.090,6.1901,0.7838,6.9739
97,664712.032085,664712.032085,1.1189,3.6186,21.6425,51.8536,105.8144,12.3067,-0.214321,0.756667,-0.617674,0.0063,1.2269,-3.4360,630.615,457.800,1443.524,773.476,12.307,518910.0,39.2833,108.822,2,0.308,15.6695,0.9879,16.6574
98,664712.039506,664712.039506,1.1137,3.5766,21.7347,51.6563,104.9918,11.5729,-0.202884,0.757608,-0.620377,-0.2012,0.0971,0.0479,626.797,453.754,1435.361,774.639,11.573,518654.0,40.8906,108.348,2,0.676,6.4628,0.4279,6.8907
99,664712.056778,664712.056778,1.1088,3.5796,21.7288,51.7168,105.1387,11.7186,-0.204997,0.757717,-0.619549,-0.3847,-0.6321,1.6907,626.939,454.198,1436.037,773.697,11.719,518699.0,40.7850,108.472,2,0.130,5.0351,0.3618,5.3968
100,664712.062712,664712.062712,1.1148,3.5794,21.7445,51.6112,105.0917,11.6563,-0.204078,0.756781,-0.620995,-0.2280,-0.7233,2.1587,627.069,453.983,1434.507,775.198,11.656,518652.0,40.9146,108.252,2,0.112,5.9988,0.4667,6.4655
101,664712.068754,664712.068754,1.0896,3.5460,21.7219,52.2784,105.4779,12.1212,-0.211090,0.762307,-0.611825,-0.6945,-1.4105,1.1663,626.657,453.005,1438.320,764.848,12.121,518518.0,42.5830,109.446,2,0.733,5.0199,0.4100,5.4298
102,664712.077399,664712.077399,1.1159,3.5809,21.7467,51.5969,105.0931,11.6542,-0.204056,0.756627,-0.621190,-0.1934,-0.6827,1.2085,627.130,454.072,1434.299,775.332,11.654,519007.0,40.9299,108.229,2,0.746,4.8862,0.3562,5.2425
103,664712.084250,664712.084250,1.1171,3.5835,21.7528,51.5465,105.0832,11.6381,-0.203783,0.756134,-0.621879,0.0856,-0.2006,1.1541,627.123,454.179,1433.678,775.961,11.638,519081.0,41.1752,108.138,2,0.051,4.9862,0.4033,5.3895
104,664712.092571,664712.092571,1.9894,3.6375,23.5611,43.2179,111.9256,14.9963,-0.255697,0.635245,-0.728754,19.3215,1.2686,55.8881,682.536,458.978,1294.474,868.599,14.996,518009.0,34.8701,89.491,2,9.724,5.2633,0.3618,5.6252
105,664712.108926,664712.108926,1.1248,3.4708,22.0306,51.3676,104.2084,10.8656,-0.191737,0.757271,-0.624321,-2.7068,-3.2870,-12.7258,622.421,445.395,1411.741,773.433,10.866,518833.0,43.9191,107.365,2,9.918,4.7816,0.3748,5.1563
106,664712.117245,664712.117245,1.1174,3.5786,21.7561,51.5688,105.0390,11.6016,-0.203263,0.756525,-0.621574,-8.5794,-1.0723,-31.9469,626.984,453.821,1433.475,775.579,11.602,518848.0,40.8645,108.167,2,0.680,4.7472,0.3741,5.1213
107,664712.125302,664712.125302,1.1099,3.6054,21.6533,51.7986,105.3594,11.9115,-0.208148,0.757774,-0.618427,-9.3358,0.6279,-32.4215,628.450,456.334,1442.273,773.966,11.912,519196.0,39.4636,108.726,2,0.341,5.1911,0.5036,5.6948
108,664712.133603,664712.133603,1.1237,3.5783,21.7685,51.4524,104.8830,11.4394,-0.200876,0.755853,-0.623165,-7.5436,0.6189,-19.5055,626.852,453.493,1432.138,777.232,11.439,519106.0,41.2143,107.941,2,0.509,6.6293,0.4198,7.0491
109,664712.142604,664712.142604,1.0836,3.5447,21.7088,52.3185,105.3961,12.0610,-0.210115,0.763020,-0.611271,-6.0590,-0.2982,-10.4652,626.096,452.895,1439.402,764.392,12.061,519165.0,42.7005,109.542,2,0.956,5.0563,0.3820,5.4383
110,664712.149714,664712.149714,1.1214,3.5778,21.7662,51.5140,104.9830,11.5396,-0.202369,0.756148,-0.622323,-3.6679,0.0738,-3.1013,627.011,453.642,1432.533,776.270,11.540,519408.0,40.9345,108.054,2,0.868,5.1760,0.4008,5.5768
111,664712.159437,664712.159437,1.1307,3.5849,21.7815,51.4299,105.1744,11.6864,-0.204654,0.754585,-0.623472,-1.3402,0.4201,1.8174,628.104,454.199,1431.218,777.412,11.686,519495.0,40.7986,107.875,2,0.172,5.2043,0.3888,5.5932
112,664712.165381,664712.165381,1.1234,3.5779,21.7711,51.4696,104.9806,11.5294,-0.202213,0.755691,-0.622930,-0.3698,0.3655,2.7631,627.097,453.574,1432.026,776.980,11.529,519246.0,41.0019,107.960,2,0.157,5.5091,0.4385,5.9475
113,664712.174144,664712.174144,1.9220,3.6796,23.3247,44.6117,114.4345,17.5290,-0.290508,0.639396,-0.711883,17.9227,2.5165,51.2554,687.960,464.520,1313.210,859.627,17.529,518487.0,33.0886,91.845,2,9.808,4.7490,0.5729,5.3220
114,664712.181708,664712.181708,1.1152,3.5846,21.7591,51.4981,105.0600,11.6159,-0.203339,0.755709,-0.622541,6.3477,1.0846,9.3701,626.837,454.166,1433.022,776.563,11.616,519497.0,41.0072,108.049,2,9.787,5.4975,0.4076,5.9051
115,664712.188420,664712.188420,1.2891,3.5779,22.1163,48.7291,104.7042,10.6993,-0.190778,0.726983,-0.659621,3.5123,0.1146,2.8294,634.278,450.027,1398.676,817.068,10.699,519557.0,44.3113,102.179,2,2.782,5.4632,0.3751,5.8382
116,664712.197051,664712.197051,1.1212,3.5843,21.7629,51.4956,105.1107,11.6511,-0.204002,0.755503,-0.622574,-2.3746,-0.3091,-12.7311,627.399,454.191,1432.777,776.634,11.651,519596.0,40.8300,108.028,2,2.784,4.9898,0.5024,5.4922
117,664712.205818,664712.205818,1.1298,3.5849,21.7714,51.4891,105.0225,11.5582,-0.202820,0.755747,-0.622664,-4.7445,-0.4535,-15.1340,627.700,454.168,1432.124,776.346,11.558,519366.0,39.3190,108.026,2,0.069,5.5047,0.3820,5.8866
118,664712.213650,664712.213650,1.0923,3.5482,21.7244,52.2441,105.4996,12.1323,-0.211281,0.761873,-0.612299,-5.8676,-1.2495,-13.6875,626.894,453.123,1438.046,765.402,12.132,519524.0,42.7026,109.378,2,0.843,5.0634,0.3635,5.4269
119,664712.220902,664712.220902,1.1258,3.5843,21.7706,51.4567,105.0998,11.6299,-0.203748,0.755133,-0.623106,-4.7915,-0.6714,-8.5091,627.632,454.125,1432.082,777.144,11.630,519647.0,40.9005,107.944,2,0.848,4.7766,0.3924,5.1690
120,664712.229395,664712.229395,1.1605,3.4964,22.0941,50.5288,103.7574,10.3122,-0.183577,0.749798,-0.635691,-2.5718,-2.1649,6.6460,622.967,445.750,1404.593,785.513,10.312,519708.0,41.7436,105.789,2,1.396,5.0427,0.4163,5.4590
121,664712.236631,664712.236631,1.5125,3.5606,22.6018,48.8821,103.8993,9.6860,-0.180969,0.731300,-0.657610,6.3189,-1.1897,26.6700,643.264,449.290,1365.765,796.924,9.686,519197.0,40.8305,102.499,2,1.650,5.5238,0.3675,5.8913
122,664712.245543,664712.245543,1.1213,3.5819,21.7529,51.5930,105.1699,11.7139,-0.205058,0.756312,-0.621243,1.1475,0.0485,-0.2079,627.702,454.217,1433.870,775.310,11.714,519686.0,40.8707,108.209,2,2.881,4.7570,0.3572,5.1143
123,664712.252783,664712.252783,1.1206,3.5794,21.7594,51.5364,105.0722,11.6221,-0.203609,0.756067,-0.622018,-1.4472,0.5623,-9.6999,627.289,453.858,1433.153,776.149,11.622,519681.0,40.9418,108.094,2,0.095,5.4649,0.3505,5.8153
124,664712.260217,664712.260217,1.9370,3.7100,23.3487,44.2599,113.6029,16.7100,-0.279441,0.639528,-0.716182,14.6636,3.4793,35.9194,686.413,465.551,1310.661,861.344,16.710,519170.0,32.9018,91.486,2,9.633,4.8048,0.3488,5.1536
125,664712.268465,664712.268465,1.1592,3.4949,22.0881,50.6513,103.8610,10.4204,-0.185257,0.750783,-0.634038,3.7494,-0.2475,8.5182,623.252,445.887,1405.431,783.628,10.420,519790.0,41.5298,106.022,2,9.598,4.9215,0.4698,5.3913
126,664712.276429,664712.276429,1.1224,3.5875,21.7699,51.4358,105.1132,11.6450,-0.203866,0.754866,-0.623391,-3.1581,-0.0698,-15.0038,627.420,454.333,1432.060,777.404,11.645,519901.0,41.0656,107.918,2,1.250,4.9603,0.3725,5.3328
127,664712.284894,664712.284894,1.1323,3.4917,22.0367,50.8443,103.6906,10.3303,-0.183529,0.753401,-0.631430,-5.8736,-2.0809,-11.6600,621.304,445.717,1409.603,781.514,10.330,519890.0,41.6353,106.451,2,1.256,4.6992,0.3682,5.0674
128,664712.292516,664712.292516,1.1415,3.4934,22.0534,50.7668,103.6945,10.3111,-0.183378,0.752558,-0.632478,-6.0040,-2.6612,-6.9631,621.824,445.760,1408.186,782.376,10.311,519940.0,41.6768,106.292,2,0.078,4.5200,0.3370,4.8570
129,664712.300533,664712.300533,1.1448,3.4932,22.0600,50.7230,103.6658,10.2757,-0.182886,0.752180,-0.633070,-4.9563,-2.4957,-2.9846,621.911,445.672,1407.575,782.962,10.276,513396.0,41.7625,106.202,2,0.049,4.5315,0.3739,4.9054
130,664712.308718,664712.308718,1.1419,3.4936,22.0543,50.7615,103.7005,10.3153,-0.183442,0.752482,-0.632550,-3.6065,-1.9565,-0.7218,621.858,445.776,1408.107,782.444,10.315,519976.0,41.6697,106.281,2,0.047,5.0014,0.3829,5.3843
131,664712.317007,664712.317007,1.1418,3.4928,22.0555,50.7606,103.7406,10.3514,-0.183967,0.752344,-0.632562,-2.2776,-1.3490,0.4401,621.955,445.744,1408.024,782.522,10.351,519893.0,41.6223,106.268,2,0.031,4.6642,0.3512,5.0154
132,664712.324645,664712.324645,1.1282,3.4721,22.0480,51.2757,104.2021,10.8460,-0.191408,0.756320,-0.625574,-1.5597,-1.2818,0.5466,622.475,445.373,1410.189,774.519,10.846,519775.0,44.0705,107.180,2,0.628,5.0114,0.4661,5.4775
133,664712.341762,664712.341762,1.2114,3.5114,22.1170,50.8013,102.5051,9.1434,-0.167799,0.756575,-0.632011,2.2689,0.6154,3.1658,622.926,446.468,1403.639,777.078,9.143,520247.0,40.8925,106.619,2,1.402,5.1912,0.3847,5.5759
134,664712.349508,664712.349508,1.1440,3.4979,22.0710,50.6414,103.7593,10.3527,-0.183898,0.751004,-0.634173,1.0882,0.6494,1.0384,622.001,445.981,1406.545,784.011,10.353,520261.0,41.6679,106.044,2,0.984,4.7226,0.5455,5.2681
135,664712.356945,664712.356945,1.1491,3.4991,22.0793,50.6224,103.7884,10.3687,-0.184230,0.750706,-0.634428,0.5650,0.5755,0.3878,622.378,446.076,1405.914,784.092,10.369,520172.0,41.6305,106.003,2,0.029,5.2565,0.4813,5.7379
136,664712.364848,664712.364848,1.1553,3.4974,22.0844,50.5658,103.7569,10.3238,-0.183668,0.750199,-0.635191,0.3696,0.3992,0.2067,622.680,445.853,1405.390,785.077,10.324,520081.0,41.6942,105.875,2,0.062,4.8455,0.3579,5.2035
137,664712.372978,664712.372978,1.1475,3.4976,22.0671,50.6761,103.7628,10.3531,-0.184036,0.751366,-0.633704,0.0361,0.2494,-0.4852,622.313,446.007,1406.956,783.546,10.353,520208.0,41.5873,106.110,2,0.110,4.5627,0.3509,4.9137
138,664712.381066,664712.381066,1.1520,3.4943,22.0849,50.6053,103.7353,10.3151,-0.183490,0.750693,-0.634659,-0.0302,0.0601,-0.0578,622.383,445.675,1405.446,784.393,10.315,519721.0,41.7997,105.948,2,0.074,4.9541,0.3657,5.3199
139,664712.388674,664712.388674,1.1402,3.4928,22.0524,50.7659,103.7168,10.3331,-0.183668,0.752477,-0.632491,-0.3114,-0.0723,-0.9088,621.799,445.727,1408.256,782.487,10.333,520035.0,41.6484,106.284,2,0.161,4.5751,0.3653,4.9403
140,664712.397305,664712.397305,1.2027,3.5076,22.0971,50.9348,102.4584,9.1291,-0.167500,0.758147,-0.630204,0.9882,0.2006,0.4521,622.368,446.328,1405.436,775.300,9.129,520205.0,40.9276,106.891,2,0.990,5.3312,0.3536,5.6847
141,664712.405434,664712.405434,1.2027,3.5076,22.0971,50.9348,102.4584,9.1291,-0.167500,0.758147,-0.630204,1.4399,0.2967,0.8706,622.368,446.328,1405.436,775.300,9.129,520119.0,40.9276,106.891,2,0.000,4.6271,0.3483,4.9754
142,664712.412962,664712.412962,1.1435,3.4926,22.0590,50.7221,103.6882,10.2977,-0.183178,0.752099,-0.633083,0.1507,-0.0271,-0.3883,621.886,445.639,1407.646,783.074,10.298,519807.0,41.7341,106.194,2,0.977,4.7557,0.3646,5.1203
143,664712.420943,664712.420943,1.1415,3.4934,22.0534,50.7668,103.6945,10.3111,-0.183378,0.752558,-0.632478,-0.5696,-0.1687,-0.9991,621.824,445.760,1408.186,782.376,10.311,520180.0,41.6768,106.292,2,0.045,4.9025,0.3458,5.2482
144,664712.428797,664712.428797,1.1415,3.4934,22.0534,50.7668,103.6945,10.3111,-0.183378,0.752558,-0.632478,-0.8331,-0.2109,-1.0005,621.824,445.760,1408.186,782.376,10.311,520262.0,41.6768,106.292,2,0.000,5.0456,0.3592,5.4049
145,664712.437642,664712.437642,1.1994,3.5078,22.0904,50.9769,102.4879,9.1650,-0.167989,0.758512,-0.629634,0.4882,0.1306,0.5243,622.280,446.416,1406.047,774.745,9.165,520062.0,40.8524,106.977,2,0.959,5.6060,0.3577,5.9638
146,664712.445658,664712.445658,1.1481,3.4930,22.0666,50.6793,103.6370,10.2401,-0.182394,0.751802,-0.633661,-0.1015,-0.0568,0.1937,621.998,445.583,1406.966,783.547,10.240,520164.0,41.8483,106.112,2,0.939,4.6321,0.3476,4.9797
147,664712.453024,664712.453024,1.1520,3.4954,22.0833,50.6403,103.7714,10.3511,-0.184054,0.750954,-0.634186,-0.2815,-0.0859,0.5495,622.509,445.829,1405.680,783.785,10.351,520113.0,41.7099,106.022,2,0.111,4.7885,0.3358,5.1243
148,664712.460723,664712.460723,1.1258,3.4707,22.0439,51.2678,104.1009,10.7582,-0.190051,0.756574,-0.625681,-0.8843,-0.6103,-0.6811,622.041,445.175,1410.425,774.712,10.758,520568.0,44.2560,107.174,2,0.678,4.9111,0.4710,5.3820
149,664712.468473,664712.468473,1.1528,3.4996,22.0865,50.6031,103.8401,10.4072,-0.184856,0.750332,-0.634689,-0.4706,-0.1632,0.3142,622.727,446.136,1405.361,784.278,10.407,520249.0,41.5662,105.955,2,0.695,4.6564,0.3783,5.0346
150,664712.476393,664712.476393,1.1528,3.4996,22.0865,50.6031,103.8401,10.4072,-0.184856,0.750332,-0.634689,-0.1790,0.0933,0.6597,622.727,446.136,1405.361,784.278,10.407,519780.0,41.5662,105.955,2,0.000,5.3557,0.3658,5.7215
151,664712.485031,664712.485031,1.1516,3.4968,22.0771,50.5859,103.7050,10.2854,-0.183042,0.750581,-0.634921,-0.0195,0.1485,0.3118,622.329,445.792,1405.949,784.881,10.285,520438.0,41.7602,105.924,2,0.106,4.6669,0.3621,5.0290
152,664712.492341,664712.492341,1.1328,3.4942,22.0457,50.7918,103.6632,10.3002,-0.183031,0.752927,-0.632140,-0.3416,0.0947,-0.8881,621.168,445.816,1408.771,782.015,10.300,520158.0,41.7419,106.360,2,0.208,4.8504,0.3892,5.2396
153,664712.501027,664712.501027,1.1524,3.4989,22.0859,50.5782,103.7597,10.3332,-0.183738,0.750322,-0.635025,-0.0111,0.1520,0.1637,622.467,445.987,1405.301,784.683,10.333,520388.0,41.7160,105.912,2,0.226,4.4923,0.3649,4.8572
154,664712.508744,664712.508744,1.1516,3.4998,22.0843,50.6020,103.8167,10.3879,-0.184546,0.750396,-0.634704,0.1302,0.1749,0.4796,622.591,446.131,1405.506,784.322,10.388,520072.0,41.5964,105.958,2,0.050,5.4184,0.3913,5.8097
155,664712.517146,664712.517146,1.1545,3.4988,22.0903,50.5341,103.7069,10.2779,-0.182930,0.750017,-0.635619,0.2419,0.1317,0.6753,622.415,445.889,1404.845,785.298,10.278,520090.0,41.8350,105.827,2,0.109,5.3035,0.3444,5.6480
156,664712.524675,664712.524675,1.1524,3.4989,22.0859,50.5782,103.7597,10.3332,-0.183738,0.750322,-0.635025,0.2116,0.0909,0.4519,622.467,445.987,1405.301,784.683,10.333,520204.0,41.7160,105.912,2,0.060,4.7931,0.4766,5.2697
157,664712.533052,664712.533052,1.1612,3.4983,22.1035,50.4460,103.6489,10.2061,-0.181940,0.749251,-0.636806,0.3493,0.0411,0.8037,622.594,445.709,1403.629,786.472,10.206,520415.0,42.0060,105.646,2,0.157,5.0933,0.3742,5.4674
158,664712.541519,664712.541519,1.1478,3.4993,22.0770,50.6224,103.7644,10.3492,-0.183916,0.750784,-0.634428,0.0549,0.0295,-0.1505,622.236,446.067,1406.069,784.119,10.349,520188.0,41.6641,106.008,2,0.198,4.7227,0.5122,5.2349
159,664712.549023,664712.549023,1.1595,3.4991,22.0998,50.5144,103.7827,10.3358,-0.183870,0.749562,-0.635884,0.1587,0.0166,0.2486,622.905,445.957,1404.135,785.460,10.336,520417.0,41.7373,105.773,2,0.109,4.6221,0.3421,4.9642
160,664712.564675,664712.564675,1.1439,3.4957,22.0587,50.6880,103.5208,10.1436,-0.180891,0.752264,-0.633543,-0.2914,-0.0991,-1.4086,621.430,445.695,1407.520,783.319,10.144,520343.0,39.7655,106.166,2,0.267,4.9115,0.3632,5.2747
161,664712.573107,664712.573107,1.1242,3.4733,22.0495,51.2813,104.2392,10.8870,-0.191912,0.756256,-0.625497,-0.8744,-0.6900,-1.6506,622.274,445.499,1410.082,774.310,10.887,520360.0,44.0510,107.197,2,0.815,5.9925,0.3957,6.3883
162,664712.581253,664712.581253,1.1464,3.4986,22.0760,50.6216,103.7871,10.3716,-0.184211,0.750702,-0.634439,-0.3938,-0.1750,-0.3489,622.210,446.034,1406.142,784.232,10.372,520614.0,41.6355,106.000,2,0.747,4.9308,0.3833,5.3141
163,664712.589294,664712.589294,1.1125,3.4707,22.0269,51.3542,104.0851,10.7743,-0.190072,0.757540,-0.624504,-0.8913,-0.5601,-1.4215,621.196,445.270,1411.872,773.516,10.774,520491.0,44.2443,107.368,2,0.768,5.0128,0.3733,5.3861
164,664712.597252,664712.597252,1.1461,3.4933,22.0721,50.6168,103.5478,10.1578,-0.181062,0.751413,-0.634504,-0.2152,-0.1348,0.0091,621.523,445.460,1406.331,784.358,10.158,520240.0,42.0837,106.000,2,0.847,4.6119,0.3672,4.9791
165,664712.605528,664712.605528,1.2004,3.5076,22.1025,50.8814,102.3700,9.0489,-0.166204,0.757830,-0.630928,1.3573,0.4124,1.5820,621.878,446.199,1404.838,775.968,9.049,520460.0,41.1400,106.795,2,0.950,6.0145,0.4659,6.4805
166,664712.613966,664712.613966,1.1401,3.4944,22.0692,50.6664,103.6260,10.2433,-0.182216,0.751699,-0.633834,0.5240,0.3083,0.6783,621.352,445.666,1406.690,783.529,10.243,520378.0,41.9651,106.103,2,0.996,5.1876,0.3638,5.5514
167,664712.620685,664712.620685,1.1305,3.4942,22.0518,50.7584,103.6822,10.3181,-0.183193,0.752508,-0.632592,-0.1255,0.2139,-0.3327,620.993,445.795,1408.213,782.433,10.318,520386.0,41.7924,106.290,2,0.102,6.6706,0.4272,7.0978
168,664712.629106,664712.629106,1.1497,3.4955,22.0880,50.5823,103.6759,10.2641,-0.182651,0.750635,-0.634969,-0.0370,0.1510,0.4652,622.004,445.691,1405.115,784.536,10.264,520429.0,41.9515,105.919,2,0.176,7.7945,0.5720,8.3665
169,664712.636603,664712.636603,1.1572,3.4973,22.0925,50.5346,103.5304,10.1163,-0.180620,0.750582,-0.635612,0.1727,0.1353,0.8178,622.081,445.661,1404.640,785.023,10.116,520301.0,39.9209,105.847,2,0.122,10.3654,0.3982,10.7636
170,664712.645664,664712.645664,1.1524,3.4983,22.0971,50.4700,103.6638,10.2367,-0.182198,0.749463,-0.636482,0.1427,0.1220,0.8796,622.060,445.741,1404.129,786.202,10.237,520689.0,42.0086,105.700,2,0.122,8.3309,0.5085,8.8394
171,664712.654101,664712.654101,1.1895,3.5089,22.0890,50.9555,102.3446,9.0516,-0.166042,0.758700,-0.629924,0.9354,0.3316,0.3874,621.147,446.372,1405.990,774.843,9.052,520537.0,41.1607,106.969,2,1.131,6.1173,0.4401,6.5574
172,664712.661296,664712.661296,1.1332,3.4950,22.0650,50.6527,103.5418,10.1781,-0.181076,0.751819,-0.634019,-0.0521,0.0770,-0.6440,620.637,445.617,1406.896,783.728,10.178,520145.0,42.1402,106.096,2,0.976,4.8623,0.4231,5.2855
173,664712.668575,664712.668575,1.1410,3.4963,22.0804,50.6075,103.6441,10.2527,-0.182300,0.751008,-0.634629,-0.3693,-0.0338,-0.4481,621.354,445.747,1405.700,784.176,10.253,520078.0,42.0154,105.988,2,0.091,5.0398,0.3963,5.4361
174,664712.676253,664712.676253,1.1361,3.4965,22.0706,50.6567,103.6492,10.2701,-0.182495,0.751521,-0.633966,-0.5784,-0.0813,-0.5600,621.108,445.821,1406.542,783.555,10.270,520129.0,41.9567,106.094,2,0.049,5.4953,0.3722,5.8676
175,664712.684835,664712.684835,1.1985,3.5103,22.1175,50.8261,102.4374,9.1082,-0.166964,0.757039,-0.631676,0.7871,0.2116,1.0781,621.791,446.387,1403.580,776.420,9.108,520347.0,41.1500,106.688,2,0.953,5.2607,0.3682,5.6288
176,664712.693592,664712.693592,1.1384,3.5002,22.0771,50.5842,103.6661,10.2738,-0.182528,0.750686,-0.634944,-0.0296,0.0918,0.0886,621.251,446.012,1405.865,784.554,10.274,514057.0,41.9323,105.958,2,0.981,4.9058,0.3622,5.2680
177,664712.701717,664712.701717,1.1463,3.4999,22.0944,50.4746,103.6594,10.2438,-0.182153,0.749527,-0.636420,-0.2357,0.0106,0.2553,621.623,445.853,1404.307,786.073,10.244,520486.0,42.0396,105.724,2,0.110,5.0365,0.3759,5.4125
178,664712.708957,664712.708957,1.1210,3.4933,22.0433,50.7384,103.5047,10.1729,-0.180811,0.752857,-0.632862,-0.8322,-0.1700,-1.3525,619.854,445.549,1408.680,782.826,10.173,520351.0,42.1465,106.278,2,0.290,5.0311,0.3831,5.4142
179,664712.716929,664712.716929,1.9675,3.6351,23.5734,43.0291,110.9081,14.1317,-0.243517,0.637438,-0.731008,17.1961,2.8160,44.4836,678.398,457.875,1292.754,868.844,14.132,519772.0,34.6729,89.378,2,9.405,4.8611,0.3732,5.2343
180,664712.725086,664712.725086,1.9755,3.6353,23.5726,43.0967,111.8058,14.9012,-0.253794,0.634346,-0.730201,23.4994,3.8402,54.3531,681.111,458.719,1293.334,869.646,14.901,519599.0,35.2208,89.291,2,0.617,4.6779,0.3696,5.0475
181,664712.732888,664712.732888,1.1436,3.5008,22.0965,50.4572,103.5981,10.1922,-0.181305,0.749533,-0.636655,4.7249,0.8012,-2.2424,621.227,445.858,1404.064,786.153,10.192,520454.0,42.1873,105.705,2,9.473,4.5659,0.3435,4.9094
182,664712.740962,664712.740962,1.1424,3.5011,22.0943,50.4562,103.5748,10.1731,-0.180998,0.749595,-0.636668,-5.6045,-0.8674,-24.1335,621.092,445.854,1404.210,786.197,10.173,520266.0,42.2177,105.709,2,0.018,4.6522,0.3365,4.9888
183,664712.749004,664712.749004,1.1297,3.4968,22.0680,50.6068,103.5020,10.1439,-0.180435,0.751450,-0.634639,-10.0527,-1.6422,-27.7021,620.229,445.656,1406.505,784.308,10.144,519794.0,42.2622,106.019,2,0.161,4.9739,0.7542,5.7281
184,664712.757229,664712.757229,1.1453,3.4978,22.1070,50.4029,103.4890,10.0872,-0.179736,0.749290,-0.637385,-10.1271,-1.7116,-20.4771,620.929,445.503,1403.103,786.786,10.087,520279.0,42.4930,105.594,2,0.204,5.0235,0.4710,5.4945
185,664712.765393,664712.765393,1.1409,3.5022,22.1004,50.4168,103.5646,10.1629,-0.180761,0.749203,-0.637197,-8.4452,-1.3427,-12.3110,620.888,445.882,1403.632,786.627,10.163,520275.0,42.3010,105.637,2,0.060,4.6226,0.3550,4.9776
186,664712.774516,664712.774516,1.5232,3.4508,22.8134,46.7555,103.4500,9.0022,-0.169431,0.708458,-0.685113,2.9040,-2.0476,18.2980,639.813,439.853,1345.363,830.261,9.002,519933.0,43.2508,97.689,2,3.662,5.0930,0.3958,5.4888
187,664712.780433,664712.780433,1.1251,3.4988,22.0785,50.5585,103.5667,10.2056,-0.181157,0.750726,-0.635290,-0.8140,-1.1132,3.7159,619.975,445.802,1405.586,784.787,10.206,520226.0,42.2757,105.925,2,3.804,4.8050,0.3730,5.1781
188,664712.797106,664712.797106,1.1217,3.5030,22.0720,50.5493,103.5376,10.1837,-0.180752,0.750718,-0.635414,-3.3773,0.2856,-8.2924,619.694,446.060,1406.008,784.917,10.184,520006.0,42.2641,105.935,2,0.024,4.6980,0.3683,5.0663
189,664712.805083,664712.805083,1.1113,3.4969,22.0500,50.6453,103.3541,10.0460,-0.178593,0.752328,-0.634119,-3.6826,0.4697,-8.9623,618.619,445.586,1407.803,783.844,10.046,520061.0,42.5467,106.137,2,0.171,4.6737,0.3731,5.0468
190,664712.813318,664712.813318,1.0843,3.5922,21.7572,51.3609,104.7185,11.3480,-0.198453,0.755463,-0.624413,-3.7219,2.7585,-16.8696,623.502,454.219,1432.449,778.037,11.348,519846.0,42.1508,107.891,2,1.279,4.6067,0.3541,4.9608
191,664712.821421,664712.821421,1.0728,3.5414,21.8074,51.7980,104.7389,11.4451,-0.199928,0.759978,-0.618435,-3.3067,2.0506,-13.3476,622.302,451.325,1429.860,770.028,11.445,519598.0,43.7247,108.566,2,0.437,4.9136,0.3707,5.2842
192,664712.829382,664712.829382,1.0952,3.6285,21.6893,51.3603,105.0414,11.6059,-0.202705,0.754327,-0.624421,-2.0306,3.3089,-12.3950,625.951,457.074,1437.892,779.389,11.606,519737.0,40.8308,108.003,2,0.498,4.6773,0.3618,5.0392
193,664712.837063,664712.837063,1.0963,3.5793,21.8299,51.1030,104.4397,11.0596,-0.194071,0.753691,-0.627922,-1.0688,2.2812,-4.4278,622.824,452.732,1426.043,780.686,11.060,519875.0,41.5823,107.327,2,0.535,4.7330,0.3627,5.0957
194,664712.844368,664712.844368,1.0879,3.5813,21.8163,51.0928,104.3246,10.9685,-0.192530,0.753971,-0.628061,-0.6167,1.4760,-0.5975,621.983,452.750,1426.962,781.026,10.968,519948.0,42.0014,107.341,2,0.090,5.1927,0.3580,5.5507
195,664712.854499,664712.854499,1.4620,3.6273,22.3840,49.3334,104.3671,10.2184,-0.188213,0.734792,-0.651657,8.5282,1.7441,20.9603,643.328,454.538,1382.224,794.147,10.218,519811.0,41.0632,103.685,2,1.760,5.3095,0.3840,5.6935
196,664712.860874,664712.860874,1.1400,3.6383,21.6908,51.7700,103.6413,10.3321,-0.185262,0.763374,-0.618820,4.3578,1.8534,2.0177,625.193,457.496,1438.883,768.615,10.332,519760.0,41.4783,109.134,2,2.500,5.5689,0.3751,5.9440
197,664712.869387,664712.869387,1.1587,3.5942,21.8770,51.2963,103.1592,9.8420,-0.177661,0.759898,-0.625294,1.7197,0.5876,-0.6733,623.277,453.331,1423.023,772.760,9.842,519140.0,41.5901,107.993,2,0.606,4.9366,0.3509,5.2875
198,664712.877310,664712.877310,1.1802,3.5886,21.9568,51.0092,102.9937,9.6361,-0.174759,0.757346,-0.629196,0.6042,-0.2543,1.0236,623.572,452.468,1416.195,775.605,9.636,519557.0,41.0667,107.383,2,0.315,4.9404,0.3725,5.3130
199,664712.884680,664712.884680,1.0843,3.5976,21.7722,51.1880,104.3931,11.0401,-0.193690,0.754750,-0.626767,-2.0624,-0.4285,-4.4127,622.359,454.095,1430.644,780.054,11.040,519536.0,40.3374,107.612,2,1.104,4.5518,0.3620,4.9138
200,664712.892626,664712.892626,1.0466,3.5798,21.6308,52.3113,105.0521,11.8022,-0.205510,0.764193,-0.611371,-3.8900,-0.8262,-10.1835,623.050,455.106,1445.166,764.560,11.802,519259.0,40.9324,109.801,2,1.237,4.9533,0.3800,5.3333
201,664712.901095,664712.901095,1.0855,3.6362,21.6834,51.3340,105.1165,11.6853,-0.203619,0.753784,-0.624779,-3.2580,0.3616,-8.0188,625.496,457.654,1438.239,779.749,11.685,519194.0,41.0446,107.986,2,0.979,4.9953,0.3790,5.3743
202,664712.909086,664712.909086,1.0252,3.5566,21.6990,52.1976,105.0499,11.8336,-0.205165,0.763028,-0.612941,-3.6987,-0.8604,-4.5444,620.743,453.255,1439.331,765.294,11.834,519164.0,44.1960,109.472,2,0.865,4.5654,0.3623,4.9277
203,664712.917179,664712.917179,1.0754,3.6068,21.7633,51.1790,104.7336,11.3561,-0.198147,0.753490,-0.626890,-2.1646,-0.2165,0.1769,622.788,455.012,1431.370,780.561,11.356,519132.0,42.5989,107.593,2,1.048,4.8128,0.3553,5.1681
204,664712.926424,664712.926424,1.0734,3.6061,21.7593,51.1997,104.6592,11.2952,-0.197225,0.753966,-0.626608,-0.9587,0.1482,1.9837,622.458,454.936,1431.708,780.193,11.295,519388.0,42.9436,107.647,2,0.062,5.4626,0.4252,5.8878
205,664712.934785,664712.934785,1.1040,3.5051,22.0796,50.4077,103.2044,9.9030,-0.176025,0.750225,-0.637321,0.4748,-1.9958,12.7947,617.333,445.790,1404.833,786.556,9.903,519327.0,43.1137,105.719,2,1.378,4.8195,0.4036,5.2230
206,664712.942120,664712.942120,1.0950,3.5023,22.0629,50.5434,103.2919,10.0096,-0.177517,0.751422,-0.635494,0.8554,-2.7136,13.3110,617.105,445.811,1406.446,784.790,10.010,519224.0,42.9126,105.980,2,0.152,4.4611,0.3550,4.8160
207,664712.950104,664712.950104,1.1064,3.5041,22.0837,50.4559,103.3246,10.0119,-0.177721,0.750376,-0.636672,1.1447,-2.5662,10.7842,617.827,445.880,1404.726,785.733,10.012,518516.0,42.9172,105.796,2,0.091,5.3844,0.3661,5.7505
208,664712.958105,664712.958105,1.0965,3.5000,22.0629,50.5192,103.0833,9.8184,-0.174719,0.751803,-0.635819,0.8764,-2.1362,6.2862,616.601,445.464,1406.317,785.065,9.818,518711.0,43.3141,105.948,2,0.197,4.6723,0.3640,5.0362
209,664712.965878,664712.965878,1.6378,2.9550,23.3121,47.9365,93.7037,0.2813,-0.047957,0.740852,-0.669954,12.2315,-13.2816,41.0833,618.097,404.389,1313.807,799.847,0.281,502746.0,19.9275,99.262,2,7.553,4.6204,0.3758,4.9962
210,664712.973255,664712.973255,1.0962,3.5019,22.0707,50.4639,103.0741,9.8057,-0.174460,0.751233,-0.636564,4.5256,-5.1969,8.4060,616.471,445.530,1405.570,785.711,9.806,518476.0,43.3875,105.846,2,7.525,4.9881,0.3740,5.3621
211,664712.980499,664712.980499,1.1133,3.5052,22.1056,50.2696,103.1125,9.7930,-0.174472,0.749008,-0.639176,0.3089,-0.2655,-5.6467,617.481,445.589,1402.528,788.131,9.793,518450.0,43.4683,105.443,2,0.197,4.6865,0.3514,5.0378
212,664712.988830,664712.988830,1.1160,3.5075,22.1100,50.2752,103.1751,9.8453,-0.175305,0.748878,-0.639101,-1.9754,2.5063,-10.4094,617.822,445.818,1402.264,787.862,9.845,518304.0,43.3462,105.456,2,0.048,4.4935,0.3417,4.8352
213,664712.996657,664712.996657,1.1127,3.5017,22.1009,50.3502,103.0369,9.7350,-0.173686,0.750113,-0.638094,-2.8596,3.3501,-10.0615,617.283,445.386,1403.089,786.836,9.735,517946.0,43.6049,105.605,2,0.130,4.7207,0.4249,5.1455
214,664713.004269,664713.004269,1.1697,3.5152,22.1454,50.5686,101.9300,8.6809,-0.159665,0.755703,-0.635154,-1.6278,3.5169,-6.0976,617.905,446.091,1400.471,779.051,8.681,518303.0,42.4648,106.284,2,0.881,5.0566,0.3691,5.4257
215,664713.013087,664713.013087,1.1120,3.5010,22.1000,50.3534,103.0099,9.7126,-0.173341,0.750229,-0.638051,-1.9368,2.6015,-4.0573,617.155,445.324,1403.155,786.795,9.713,518121.0,43.6780,105.613,2,0.860,4.9247,0.3572,5.2819
216,664713.028718,664713.028718,1.1269,3.5072,22.1273,50.1945,103.0243,9.6852,-0.173130,0.748460,-0.640183,-0.8208,1.0203,0.7214,618.009,445.612,1400.764,788.613,9.685,517847.0,43.7064,105.304,2,0.159,4.6525,0.3547,5.0073
217,664713.036436,664713.036436,1.0912,3.6080,21.8116,50.9358,104.3689,10.9830,-0.192684,0.752152,-0.630191,-1.2381,2.9093,-10.0279,622.372,454.501,1426.885,782.988,10.983,517796.0,43.8235,107.143,2,1.276,4.8183,0.3410,5.1593
218,664713.044935,664713.044935,1.1217,3.5872,21.9379,50.4695,103.9257,10.5003,-0.185621,0.748616,-0.636489,-0.4173,2.5840,-6.1808,622.032,452.120,1415.921,787.885,10.500,518004.0,42.8404,106.122,2,0.579,5.4854,0.3598,5.8453
219,664713.052421,664713.052421,1.3943,3.6530,22.1779,48.4062,102.5043,8.5411,-0.161924,0.730131,-0.663845,6.1488,3.4948,4.4717,634.816,453.670,1393.194,814.068,8.541,517618.0,45.4794,102.234,2,2.329,5.3295,0.3831,5.7125
220,664713.060977,664713.060977,1.0956,3.6077,21.8299,50.8172,104.2307,10.8415,-0.190549,0.751349,-0.631796,1.3779,2.2335,-3.9692,622.087,454.207,1425.101,784.446,10.841,517567.0,43.9384,106.913,2,2.746,5.3280,0.3595,5.6874
221,664713.068780,664713.068780,1.1353,3.5083,22.1585,50.0156,102.9011,9.5451,-0.171073,0.746877,-0.642579,-0.1944,-0.9159,4.4614,617.942,445.428,1397.966,790.638,9.545,517408.0,44.1633,104.955,2,1.301,4.5770,0.3742,4.9512
222,664713.077110,664713.077110,1.2979,3.4349,22.5054,47.6698,102.2009,8.3994,-0.156239,0.722578,-0.673402,2.6589,-3.9284,17.9384,623.810,437.928,1367.181,823.739,8.399,517847.0,45.5707,99.769,2,2.404,5.1597,0.3920,5.5518
223,664713.084923,664713.084923,1.7058,2.9414,23.3318,48.2306,92.4234,179.0421,-0.031537,0.745165,-0.666134,12.4377,-15.4292,44.3566,619.313,403.584,1313.302,793.103,179.042,502917.0,19.7075,99.995,2,7.278,5.0815,0.3956,5.4771
224,664713.092873,664713.092873,1.1293,3.5055,22.1470,49.9731,102.4048,9.1078,-0.164495,0.747866,-0.643147,2.6442,-6.2403,6.8073,616.159,444.821,1398.501,791.224,9.108,517065.0,42.6109,104.931,2,7.738,4.8210,0.3375,5.1585
225,664713.100815,664713.100815,1.4705,3.5463,22.7142,48.0340,104.0704,9.8159,-0.180765,0.721234,-0.668690,4.7025,0.2853,8.2879,639.345,447.729,1355.507,808.364,9.816,517681.0,45.4842,100.704,2,2.311,4.7475,0.4119,5.1593
226,664713.108555,664713.108555,1.1729,3.5170,22.1968,50.2731,101.3804,8.1606,-0.151760,0.753978,-0.639129,-1.4413,2.8373,-9.5514,616.030,445.572,1395.709,781.862,8.161,516987.0,43.7332,105.768,2,3.025,5.0542,0.3645,5.4187
227,664713.117081,664713.117081,1.1104,3.5099,22.1460,49.9929,102.6199,9.3347,-0.167349,0.747460,-0.642883,-5.7327,3.4680,-16.1471,615.420,445.298,1398.600,790.836,9.335,517146.0,44.7774,104.978,2,0.992,5.5596,0.3870,5.9466
228,664713.125749,664713.125749,1.1064,3.5140,22.1516,49.8489,102.4408,9.1676,-0.164664,0.746399,-0.644805,-6.8469,3.2004,-13.9785,614.524,445.299,1397.693,792.832,9.168,516814.0,45.1595,104.731,2,0.199,4.8398,0.3464,5.1862
229,664713.134249,664713.134249,1.1114,3.5137,22.1684,49.7620,102.4023,9.1171,-0.163952,0.745554,-0.645964,-5.9561,2.4514,-8.6229,614.616,445.171,1396.230,793.827,9.117,516395.0,45.3457,104.553,2,0.092,4.7340,0.3630,5.0970
230,664713.141995,664713.141995,1.1039,3.5110,22.1449,49.7919,101.9571,8.7347,-0.158224,0.747135,-0.645566,-4.6978,1.6297,-5.1977,612.985,444.685,1397.855,793.590,8.735,516604.0,43.5539,104.669,2,0.341,4.7858,0.3746,5.1604
231,664713.150708,664713.150708,1.1057,3.5122,22.1634,49.6975,101.9917,8.7546,-0.158453,0.745997,-0.646823,-3.1033,0.9229,-1.6456,613.033,444.711,1396.252,794.661,8.755,516506.0,43.6021,104.476,2,0.098,4.7552,0.7693,5.5245
232,664713.158435,664713.158435,1.8005,3.5637,23.1487,43.8377,101.3953,6.3084,-0.136845,0.678964,-0.721305,13.3378,1.5620,30.6620,648.550,445.862,1316.883,858.295,6.308,511434.0,47.7482,92.665,2,5.876,4.8988,0.3577,5.2565
233,664713.165740,664713.165740,1.2170,3.4182,22.4928,48.4370,100.0507,6.7343,-0.130581,0.736744,-0.663443,6.8085,-1.4529,17.2704,612.435,436.247,1369.220,807.830,6.734,511114.0,47.4448,101.650,2,4.700,4.7509,0.4997,5.2506
234,664713.173521,664713.173521,1.2069,3.4103,22.4430,48.6371,99.6587,6.4189,-0.125925,0.739899,-0.660827,2.1186,-2.9279,5.8214,611.062,435.564,1373.095,805.930,6.419,511162.0,45.0732,102.072,2,0.355,4.7365,0.3574,5.0940
235,664713.180423,664713.180423,1.1024,3.5181,22.2065,49.3107,101.7660,8.5244,-0.154620,0.742324,-0.651957,-2.6269,-1.0275,-7.3039,611.677,444.601,1391.922,799.605,8.524,515167.0,46.7774,103.745,2,1.726,4.8000,0.3573,5.1573
236,664713.189100,664713.189100,1.6190,3.2824,22.8833,46.6245,99.3190,5.1514,-0.117702,0.717275,-0.686777,6.4491,-4.8963,9.9859,634.559,426.092,1339.562,831.372,5.151,510444.0,43.3486,97.246,2,3.243,4.7146,0.3479,5.0625
237,664713.196871,664713.196871,1.1094,3.6500,21.9118,50.2664,101.5413,8.3805,-0.153862,0.753476,-0.639218,-1.1345,1.9378,-16.5169,614.258,454.798,1416.476,785.713,8.381,515303.0,45.5902,106.428,2,4.003,4.9022,0.3928,5.2950
238,664713.205037,664713.205037,1.2526,3.4162,22.4166,49.2743,98.3994,5.2820,-0.110700,0.749713,-0.652439,-1.6637,-0.0308,-6.5872,611.152,436.058,1376.638,793.549,5.282,510509.0,43.3336,103.586,2,2.596,4.5692,0.3848,4.9539
239,664713.212768,664713.212768,1.2441,3.4081,22.4005,49.3613,98.4678,5.3638,-0.111741,0.750559,-0.651287,-1.8283,-1.1645,-1.4042,610.893,435.566,1377.996,793.007,5.364,510328.0,45.4130,103.714,2,0.101,4.8669,0.3577,5.2245
240,664713.221260,664713.221260,1.2264,3.3981,22.3923,48.7131,99.1682,5.9476,-0.119726,0.741816,-0.659829,-1.9616,-1.7521,0.9493,611.470,434.400,1376.815,806.538,5.948,510228.0,47.5084,102.211,2,0.837,5.3695,0.4111,5.7806
241,664713.229862,664713.229862,1.2351,3.3921,22.3701,48.7752,98.8681,5.6680,-0.115949,0.743139,-0.659015,-1.4544,-1.8395,0.9133,611.424,433.844,1378.505,806.191,5.668,510000.0,44.9979,102.341,2,0.234,5.1090,0.3681,5.4772
242,664713.237384,664713.237384,1.2375,3.3940,22.3897,48.7256,99.1058,5.8723,-0.118940,0.742088,-0.659666,-0.9310,-1.5400,1.3031,612.106,434.088,1377.061,806.577,5.872,509785.0,47.3588,102.218,2,0.185,5.3722,0.5022,5.8744
243,664713.257574,664713.257574,1.5730,3.6141,22.8594,46.3890,100.4267,6.2342,-0.131035,0.712083,-0.689759,11.0756,6.9194,21.1669,634.484,449.242,1340.774,823.061,6.234,509842.0,48.6148,98.298,2,2.532,5.3224,0.4697,5.7921
244,664713.259012,664713.259012,1.1590,3.7521,22.0930,47.5110,101.3872,7.8822,-0.145593,0.722892,-0.675448,4.0342,10.9836,0.3671,614.976,459.067,1395.068,825.521,7.882,510238.0,53.2624,101.241,2,1.324,5.3042,0.4712,5.7754
245,664713.268002,664713.268002,1.1947,3.3475,22.2646,49.8346,98.5348,5.5349,-0.113413,0.755723,-0.644997,-0.7799,0.4816,-6.6885,608.711,431.441,1388.766,792.246,5.535,509873.0,47.7506,104.352,2,3.160,4.8618,0.3843,5.2461
246,664713.275417,664713.275417,1.6252,3.2559,22.7165,47.4585,98.3615,4.3682,-0.107142,0.728956,-0.676124,7.8771,-6.4967,8.0601,634.185,423.882,1352.694,823.455,4.368,509735.0,43.2584,98.921,2,2.380,4.7799,0.3517,5.1316
247,664713.283820,664713.283820,1.6223,3.2584,22.7081,47.5173,98.3476,4.3682,-0.107066,0.729669,-0.675367,10.1933,-8.3321,11.3191,634.039,424.067,1353.406,822.622,4.368,509828.0,43.1675,99.055,2,0.060,5.1300,0.3792,5.5091
248,664713.292973,664713.292973,1.8347,2.7609,22.0401,53.4563,90.5434,177.4520,-0.007619,0.803367,-0.595436,14.0554,-19.0482,-13.5710,635.433,391.554,1417.040,750.614,177.452,499914.0,12.0461,109.868,2,8.450,4.9907,0.3831,5.3739
249,664713.301748,664713.301748,1.7868,2.7624,22.0194,53.5298,90.9158,177.8740,-0.012853,0.804064,-0.594404,11.8428,-19.9679,-19.2559,633.184,391.708,1418.652,750.555,177.874,499743.0,11.6611,109.951,2,0.308,4.9120,0.4076,5.3196
250,664713.309232,664713.309232,1.7655,2.7740,21.9782,53.6859,90.9611,177.9651,-0.013516,0.805670,-0.592211,8.4751,-16.8537,-17.9623,632.163,392.658,1422.132,748.441,177.965,499787.0,12.1744,110.323,2,0.160,4.7223,0.3547,5.0770
251,664713.317462,664713.317462,1.7781,2.7602,21.9575,53.7698,90.8502,177.8451,-0.011970,0.806560,-0.591031,5.5483,-12.5624,-13.2605,632.991,391.679,1424.008,748.095,177.845,499900.0,12.1197,110.438,2,0.123,5.0475,0.3912,5.4387
252,664713.324999,664713.324999,1.7358,2.7729,21.9408,53.9095,90.9967,178.0644,-0.014057,0.807966,-0.589062,2.3427,-8.2061,-8.7505,630.471,392.830,1425.507,745.498,178.064,500125.0,12.5752,110.770,2,0.183,4.8445,0.3752,5.2197
253,664713.333615,664713.333615,1.7195,2.7724,21.9184,54.0095,91.1593,178.2460,-0.016370,0.808949,-0.587651,-0.1339,-4.3848,-5.0398,629.969,392.883,1427.473,744.628,178.246,500226.0,11.9245,110.944,2,0.165,4.5363,0.3583,4.8946
254,664713.340995,664713.340995,1.7256,2.7699,21.8738,54.1544,90.7317,177.8554,-0.010352,0.810532,-0.585603,-1.1472,-1.9472,-3.8595,629.596,392.734,1431.264,742.797,177.855,500158.0,13.1974,111.294,2,0.375,4.5782,0.6527,5.2308
255,664713.349762,664713.349762,1.7312,2.7690,21.8585,54.2128,90.6645,177.7890,-0.009408,0.811140,-0.584776,-1.3322,-0.3056,-2.7220,629.971,392.700,1432.629,742.107,177.789,500200.0,13.0030,111.421,2,0.080,5.4785,0.3981,5.8765
256,664713.356901,664713.356901,1.7658,2.7582,21.7801,54.5335,90.3416,177.4593,-0.004856,0.814440,-0.580227,-0.4807,0.2710,-4.1736,632.443,392.139,1439.812,738.455,177.459,500402.0,11.4952,112.084,2,0.414,4.5927,0.3605,4.9532
257,664713.365541,664713.365541,1.7107,2.7664,21.8089,54.4327,90.9298,178.0790,-0.013200,0.813326,-0.581658,-1.1542,0.7076,-2.6626,629.748,392.724,1437.109,740.063,178.079,500588.0,12.1823,111.815,2,0.489,4.6057,0.7082,5.3138
258,664713.373216,664713.373216,1.6967,2.7735,21.8142,54.4159,91.0679,178.2287,-0.015158,0.813121,-0.581897,-1.5887,0.9509,-1.2431,629.050,393.252,1436.608,740.060,178.229,500492.0,12.4391,111.796,2,0.114,6.1376,0.4314,6.5690
259,664713.382582,664713.382582,1.6629,2.7695,21.7237,54.7535,90.8803,178.1330,-0.012547,0.816581,-0.577095,-2.2519,0.7841,-3.3349,626.839,393.193,1444.487,736.452,178.133,500499.0,11.9855,112.490,2,0.371,4.8630,0.5357,5.3987
260,664713.388673,664713.388673,1.7068,2.7725,21.7408,54.6460,90.9709,178.1381,-0.013820,0.815476,-0.578626,-1.3413,0.6783,-2.8789,630.254,393.281,1443.081,737.940,178.138,500540.0,11.9404,112.277,2,0.130,4.7916,0.6223,5.4139
261,664713.396673,664713.396673,1.7159,2.7617,21.7287,54.6863,90.5701,177.7571,-0.008119,0.815959,-0.578052,-0.4253,0.2736,-2.3135,629.856,392.464,1444.093,737.511,177.757,500591.0,13.0326,112.363,2,0.329,4.5337,0.3946,4.9283
262,664713.406034,664713.406034,1.6929,2.7662,21.6645,55.0416,90.6071,177.8574,-0.008684,0.819523,-0.572981,-0.3598,0.0977,-3.5263,628.939,393.274,1450.164,732.322,177.857,500676.0,11.4213,113.125,2,0.357,4.6637,0.3608,5.0245
263,664713.414139,664713.414139,1.7216,2.7601,21.6971,54.8070,90.5522,177.7396,-0.007875,0.817177,-0.576332,0.3787,-0.1377,-1.9143,630.565,392.443,1446.986,736.231,177.740,500720.0,12.8211,112.608,2,0.239,4.6714,0.3653,5.0367
264,664713.421238,664713.421238,1.7749,2.7520,21.6585,55.0302,90.2262,177.3742,-0.003235,0.819448,-0.573144,1.7928,-0.3971,-2.1117,634.100,392.120,1450.963,732.789,177.374,500754.0,11.9819,113.100,2,0.348,4.7305,0.3679,5.0984
265,664713.429776,664713.429776,1.6879,2.7562,21.6031,55.1436,90.4657,177.7349,-0.006670,0.820560,-0.571521,0.2884,-0.3674,-3.4412,628.690,392.396,1455.305,732.866,177.735,500689.0,12.3765,113.284,2,0.227,4.4105,0.3537,4.7642
266,664713.438088,664713.438088,1.7065,2.7624,21.6142,55.2039,90.2650,177.5327,-0.003798,0.821179,-0.570658,-0.0975,-0.1486,-2.6481,629.447,393.076,1454.659,730.419,177.533,500712.0,11.7592,113.494,2,0.175,4.5935,0.4036,4.9971
267,664713.446076,664713.446076,1.7045,2.7630,21.6215,55.0635,90.5458,177.7785,-0.007809,0.819750,-0.572668,-0.3110,-0.0026,-1.3990,630.009,392.835,1453.698,733.555,177.779,501012.0,12.5590,113.149,2,0.270,4.5546,0.3734,4.9280
268,664713.453622,664713.453622,1.7378,2.7479,21.5862,55.1313,90.4785,177.6615,-0.006852,0.820436,-0.571698,0.3499,-0.2556,-1.7069,632.702,391.631,1456.912,734.172,177.662,501010.0,12.0653,113.213,2,0.087,4.6594,0.3514,5.0108
269,664713.460938,664713.460938,1.7403,2.7605,21.7036,54.7693,90.6278,177.7760,-0.008950,0.816787,-0.576870,0.6755,-0.0784,2.2646,632.146,392.421,1446.482,736.837,177.776,500837.0,13.4800,112.524,2,0.382,4.8056,0.3582,5.1639
270,664713.469338,664713.469338,1.7247,2.7383,21.5509,55.2795,90.3464,177.5689,-0.004970,0.821925,-0.569574,0.3883,-0.4510,-1.6075,631.675,391.038,1460.112,732.752,177.569,500757.0,11.7662,113.483,2,0.560,4.5835,0.3315,4.9151
271,664713.485092,664713.485092,1.7240,2.7627,21.5880,55.3374,90.1649,177.4247,-0.002368,0.822512,-0.568743,-0.0023,0.2174,-0.9662,630.781,393.281,1457.251,728.328,177.425,500895.0,11.9642,113.799,2,0.160,4.5238,0.3875,4.9113
272,664713.492525,664713.492525,1.6064,2.7728,21.5780,55.3635,90.8678,178.2545,-0.012462,0.822680,-0.568368,-3.0622,0.6228,-0.9457,623.975,394.080,1457.675,728.960,178.255,501190.0,11.8572,113.768,2,0.579,4.4054,0.3291,4.7345
273,664713.500640,664713.500640,1.6997,2.7549,21.5906,55.2039,90.4772,177.7310,-0.006839,0.821159,-0.570658,-1.5125,0.2446,-0.2292,629.771,392.374,1456.568,732.126,177.731,500888.0,12.7064,113.404,2,0.359,4.4930,0.3380,4.8309
274,664713.508352,664713.508352,1.6430,2.7806,21.6639,55.0563,91.0789,178.3728,-0.015435,0.819570,-0.572772,-1.8556,0.6180,2.5236,626.565,394.431,1450.106,732.044,178.373,501027.0,12.9827,113.154,2,0.515,4.9810,0.3871,5.3681
275,664713.517250,664713.517250,1.7017,2.7446,21.5167,55.4642,90.4949,177.7575,-0.007116,0.823741,-0.566922,-0.2961,-0.1517,-2.1468,630.752,391.790,1463.369,730.022,177.758,501044.0,12.3244,113.879,2,0.630,4.8895,0.4704,5.3599
276,664713.524953,664713.524953,1.6922,2.7501,21.5118,55.4953,90.3820,177.6739,-0.005495,0.824061,-0.566474,0.2458,-0.3514,-3.4635,629.723,392.262,1463.781,729.043,177.674,501219.0,12.7630,113.993,2,0.098,4.8775,0.4554,5.3329
277,664713.533196,664713.533196,1.7093,2.7532,21.4968,55.6135,90.2322,177.5220,-0.003345,0.825240,-0.564772,0.8447,-0.3174,-3.5460,630.781,392.711,1465.432,726.582,177.522,501402.0,12.1810,114.294,2,0.171,4.8802,0.3628,5.2430
278,664713.541131,664713.541131,1.6775,2.7439,21.4411,55.7641,90.3913,177.7213,-0.005646,0.826709,-0.562601,0.2951,-0.4489,-4.4912,629.364,392.051,1470.326,726.362,177.721,501422.0,12.7421,114.511,2,0.200,4.5280,0.4295,4.9574
279,664713.549421,664713.549421,1.6734,2.7455,21.4321,55.8032,90.3589,177.7014,-0.005181,0.827096,-0.562037,-0.1241,-0.3981,-3.9324,629.040,392.221,1471.156,725.717,177.701,501641.0,12.8203,114.606,2,0.047,4.4309,0.4174,4.8483
280,664713.557374,664713.557374,1.6780,2.7427,21.4278,55.7992,90.3332,177.6688,-0.004809,0.827059,-0.562095,-0.2052,-0.3643,-2.8195,629.354,391.970,1471.516,726.082,177.669,501539.0,12.8424,114.584,2,0.022,4.6604,0.4104,5.0708
281,664713.565084,664713.565084,1.6862,2.7444,21.4532,55.7091,90.4044,177.7159,-0.005831,0.826167,-0.563395,-0.0357,-0.2520,-0.8411,629.942,392.016,1469.216,727.068,177.716,501699.0,12.7927,114.398,2,0.108,4.5454,0.3546,4.9000
282,664713.572779,664713.572779,1.6830,2.7453,21.4497,55.7359,90.3715,177.6935,-0.005359,0.826434,-0.563008,-0.0136,-0.1358,0.0679,629.636,392.133,1469.559,726.517,177.694,501533.0,12.7357,114.465,2,0.038,4.7122,0.3626,5.0749
283,664713.580910,664713.580910,1.6923,2.7459,21.4680,55.6430,90.4081,177.7055,-0.005880,0.825517,-0.564347,0.2024,-0.0386,1.0355,630.268,392.052,1467.830,727.830,177.705,501497.0,12.7578,114.270,2,0.098,4.3802,0.3528,4.7330
284,664713.588740,664713.588740,1.6868,2.7464,21.4678,55.6604,90.3588,177.6709,-0.005170,0.825692,-0.564097,0.1568,0.0269,1.1574,629.698,392.133,1467.850,727.361,177.671,501569.0,12.9663,114.317,2,0.044,5.0323,0.3702,5.4026
285,664713.596732,664713.596732,1.7252,2.7551,21.5884,55.2147,90.5896,177.7945,-0.008451,0.821252,-0.570503,0.9362,0.2427,4.8459,632.100,392.400,1456.961,732.101,177.795,501531.0,13.4120,113.417,2,0.484,4.3628,0.3892,4.7520
286,664713.604987,664713.604987,1.7277,2.7585,21.6281,55.0746,90.6461,177.8339,-0.009245,0.819846,-0.572509,1.2170,0.3828,6.3679,632.049,392.555,1453.372,733.451,177.834,501375.0,13.4105,113.139,2,0.148,4.4346,0.3924,4.8270
287,664713.613178,664713.613178,1.7260,2.7414,21.5364,55.3706,90.4351,177.6566,-0.006249,0.822821,-0.568266,1.1007,0.0069,2.1979,632.226,391.418,1461.605,731.315,177.657,501546.0,12.3156,113.680,2,0.343,4.8354,0.3570,5.1924
288,664713.621176,664713.621176,1.6759,2.7534,21.5573,55.3468,90.4326,177.7374,-0.006211,0.822585,-0.568608,-0.2436,0.0858,0.6650,628.156,392.413,1459.549,730.417,177.737,501159.0,12.4043,113.694,2,0.024,4.4680,0.3575,4.8255
289,664713.629520,664713.629520,1.7162,2.7554,21.6523,54.9793,90.4815,177.6941,-0.006883,0.818916,-0.573873,0.0182,0.1537,3.0153,630.405,392.229,1451.030,734.479,177.694,501011.0,12.9056,112.947,2,0.370,4.4618,0.3337,4.7955
290,664713.637028,664713.637028,1.7506,2.7628,21.7878,54.4799,90.6662,177.7761,-0.009463,0.813857,-0.580988,0.8791,0.3186,7.5486,632.176,392.420,1439.048,739.583,177.776,501174.0,13.5743,111.940,2,0.522,4.6229,0.3549,4.9778
291,664713.646563,664713.646563,1.6811,2.7736,21.7728,54.6103,90.9814,178.1895,-0.013964,0.815112,-0.579135,-0.4469,0.5866,6.5861,628.052,393.462,1440.324,737.471,178.189,501143.0,12.6906,112.211,2,0.288,5.3352,0.3517,5.6870
292,664713.656544,664713.656544,1.7693,2.7688,21.8251,54.4356,90.2873,177.4042,-0.004079,0.813452,-0.581618,1.1371,0.4607,5.7341,632.115,392.976,1436.009,738.074,177.404,501058.0,12.7373,111.961,2,0.592,5.7298,0.5661,6.2959
293,664713.660499,664713.660499,1.7129,2.7701,21.8331,54.3302,90.6283,177.7947,-0.008909,0.812342,-0.583113,0.5150,0.4071,5.0793,628.755,392.901,1434.846,740.564,177.795,500631.0,12.8072,111.673,2,0.297,4.9388,0.3847,5.3235
294,664713.668894,664713.668894,1.7380,2.7721,21.9447,53.9012,91.0115,178.0737,-0.014264,0.807877,-0.589179,0.5779,0.3433,6.9543,630.644,392.775,1425.199,745.583,178.074,500743.0,12.6649,110.748,2,0.530,4.9844,0.3553,5.3397
295,664713.675190,664713.675190,1.7550,2.7727,22.0163,53.6178,91.0080,178.0225,-0.014163,0.804953,-0.593169,0.8822,0.2786,8.5529,631.167,392.632,1419.004,748.546,178.022,500439.0,12.9162,110.174,2,0.283,5.0388,0.4272,5.4660
296,664713.683131,664713.683131,1.8302,2.7539,22.0661,53.2943,90.7074,177.5909,-0.009898,0.801655,-0.597705,2.4942,-0.2017,8.7467,635.280,390.868,1414.621,753.537,177.591,500465.0,12.5828,109.463,2,0.404,5.3285,0.3788,5.7073
297,664713.691045,664713.691045,1.7848,2.7786,22.1366,53.0872,90.7701,177.7191,-0.010747,0.799478,-0.600600,1.9458,0.1101,8.8718,631.416,392.697,1408.506,753.837,177.719,500272.0,13.4092,109.163,2,0.213,4.6304,0.4945,5.1249
298,664713.709566,664713.709566,1.2161,3.3492,22.3183,49.6833,98.6194,5.5641,-0.114273,0.753868,-0.647012,-17.4646,18.2076,9.7083,610.046,431.571,1384.617,793.149,5.564,510670.0,48.0030,104.038,2,7.010,4.8406,0.3678,5.2084
299,664713.718377,664713.718377,1.2510,3.7152,22.2269,48.0534,100.3017,6.8395,-0.133009,0.731779,-0.668438,-17.1685,28.3124,3.1225,617.556,456.570,1387.196,811.237,6.839,510533.0,52.7513,102.312,2,2.064,4.7581,0.3602,5.1183
