Time,Channel A,Channel B,Channel C,Channel D
(s),(V),(V),(V),(V)

0.00000000,0.00000000,-0.04044661,0.00000000,-0.04075418
0.01333334,0.00000000,-0.04044661,0.00000000,-0.04075418
0.02666667,0.00000000,0.00000000,0.00000000,-0.04075418
0.04000001,0.00000000,-0.04044661,-0.04060039,-0.04075418
0.05333335,0.04060039,-0.04044661,0.00000000,-0.04075418
0.06666668,0.00000000,-0.04044661,0.00000000,-0.04075418
0.08000002,0.00000000,-0.04044661,-0.04060039,-0.04075418
0.09333336,0.00000000,0.00000000,-0.04060039,-0.04075418
0.10666669,0.00000000,-0.04044661,0.00000000,0.00000000
0.12000003,0.00000000,-0.04044661,-0.04060039,-0.04075418
0.13333336,0.00000000,0.00000000,0.00000000,0.00000000
0.14666670,0.04060039,-0.04044661,0.00000000,-0.04075418
0.16000004,0.00000000,0.00000000,0.00000000,-0.04075418
0.17333337,0.00000000,-0.04044661,0.00000000,-0.04075418
0.18666671,0.00000000,-0.04044661,-0.04060039,-0.04075418
0.20000005,0.00000000,0.00000000,0.00000000,-0.04075418
0.21333338,0.00000000,-0.04044661,-0.04060039,-0.04075418
0.22666672,0.00000000,-0.04044661,0.00000000,-0.04075418
0.24000006,0.00000000,-0.04044661,-0.04060039,-0.04075418
0.25333339,0.04060039,-0.04044661,0.00000000,-0.04075418
0.26666673,0.00000000,0.00000000,0.00000000,-0.04075418
0.28000007,0.00000000,0.00000000,-0.04060039,-0.04075418
0.29333340,0.00000000,-0.04044661,-0.04060039,-0.04075418
0.30666674,0.04060039,-0.04044661,-0.04060039,-0.04075418
0.32000007,0.00000000,-0.04044661,0.00000000,-0.04075418
0.33333341,0.00000000,0.00000000,0.00000000,-0.04075418
0.34666675,0.00000000,-0.04044661,-0.04060039,0.00000000
0.36000008,0.00000000,-0.04044661,0.00000000,-0.04075418
0.37333342,0.00000000,-0.04044661,-0.04060039,-0.04075418
0.38666676,0.00000000,-0.04044661,0.00000000,-0.04075418
0.40000009,0.00000000,0.00000000,0.00000000,-0.04075418
0.41333343,0.04060039,-0.04044661,0.00000000,-0.04075418
0.42666677,0.04060039,-0.04044661,0.00000000,-0.04075418
0.44000010,0.00000000,-0.04044661,-0.04060039,0.00000000
0.45333344,0.04060039,-0.04044661,0.00000000,-0.04075418
0.46666678,0.00000000,0.00000000,0.00000000,-0.04075418
0.48000011,0.00000000,-0.04044661,0.00000000,-0.04075418
0.49333345,0.04060039,-0.04044661,-0.04060039,-0.04075418
0.50666679,0.00000000,-0.04044661,0.00000000,-0.04075418
0.52000012,0.00000000,-0.04044661,0.00000000,-0.04075418
0.53333346,0.00000000,-0.04044661,0.00000000,-0.04075418
0.54666679,0.04060039,0.00000000,0.00000000,-0.04075418
0.56000013,0.04060039,-0.04044661,0.00000000,-0.04075418
0.57333347,0.00000000,-0.04044661,0.00000000,-0.04075418
0.58666680,0.00000000,0.00000000,0.00000000,0.00000000
0.60000014,0.00000000,-0.04044661,0.00000000,-0.04075418
0.61333348,0.00000000,-0.04044661,-0.04060039,-0.04075418
0.62666681,0.00000000,-0.04044661,-0.04060039,-0.08166216
0.64000015,0.00000000,-0.04044661,-0.04060039,-0.04075418
0.65333349,0.00000000,-0.04044661,-0.04060039,-0.04075418
0.66666682,0.04060039,-0.04044661,0.00000000,-0.04075418
0.68000016,0.00000000,-0.04044661,-0.04060039,-0.04075418
0.69333350,0.00000000,-0.04044661,-0.04060039,-0.04075418
0.70666683,0.00000000,-0.04044661,0.00000000,-0.04075418
0.72000017,0.00000000,-0.04044661,0.00000000,-0.04075418
0.73333350,0.00000000,0.00000000,0.00000000,-0.04075418
0.74666684,0.00000000,-0.04044661,0.00000000,-0.08166216
0.76000018,0.00000000,-0.04044661,-0.04060039,-0.04075418
0.77333351,0.04060039,-0.04044661,-0.04060039,-0.04075418
0.78666685,0.00000000,-0.04044661,-0.04060039,0.00000000
0.80000019,0.00000000,0.00000000,-0.04060039,-0.04075418
0.81333352,-0.04060039,-0.04044661,0.00000000,0.00000000
0.82666686,0.00000000,-0.04044661,0.00000000,-0.04075418
0.84000020,0.04060039,-0.04044661,0.00000000,-0.04075418
0.85333353,0.00000000,-0.04044661,0.00000000,-0.04075418
0.86666687,0.00000000,-0.04044661,0.00000000,-0.04075418
0.88000021,0.00000000,-0.04044661,-0.04060039,-0.04075418
0.89333354,0.00000000,-0.04044661,-0.04060039,-0.04075418
0.90666688,0.00000000,-0.04044661,-0.04060039,-0.04075418
0.92000022,0.00000000,-0.04044661,0.00000000,-0.04075418
0.93333355,0.00000000,-0.04044661,0.00000000,-0.04075418
0.94666689,0.00000000,-0.04044661,-0.04060039,-0.04075418
0.96000022,0.00000000,0.00000000,0.00000000,-0.08166216
0.97333356,0.00000000,-0.04044661,-0.04060039,-0.04075418
0.98666690,0.00000000,-0.04044661,0.00000000,0.00000000
1.00000023,0.00000000,-0.04044661,0.00000000,0.00000000
1.01333357,0.04060039,-0.04044661,-0.04060039,-0.04075418
1.02666691,0.00000000,0.00000000,0.00000000,0.00000000
1.04000024,0.00000000,-0.04044661,0.00000000,-0.04075418
1.05333358,0.00000000,-0.04044661,-0.04060039,-0.04075418
1.06666692,0.00000000,-0.04044661,0.00000000,-0.04075418
1.08000025,0.00000000,-0.04044661,-0.04060039,-0.04075418
1.09333359,0.00000000,0.00000000,0.00000000,0.00000000
1.10666693,0.00000000,-0.04044661,0.00000000,-0.04075418
1.12000026,0.00000000,-0.04044661,0.00000000,-0.04075418
1.13333360,0.00000000,-0.04044661,0.00000000,-0.04075418
1.14666693,0.00000000,-0.04044661,0.00000000,-0.04075418
1.16000027,0.04060039,0.00000000,-0.04060039,-0.04075418
1.17333361,0.00000000,0.00000000,0.00000000,-0.04075418
1.18666694,0.00000000,0.00000000,-0.04060039,-0.04075418
1.20000028,0.00000000,-0.04044661,0.00000000,0.00000000
1.21333362,0.00000000,-0.04044661,0.00000000,-0.04075418
1.22666695,0.04060039,-0.04044661,0.00000000,-0.04075418
1.24000029,0.00000000,0.00000000,-0.04060039,-0.04075418
1.25333363,0.04060039,-0.04044661,0.00000000,0.00000000
1.26666696,0.00000000,-0.04044661,-0.04060039,-0.04075418
1.28000030,0.00000000,-0.04044661,0.00000000,0.00000000
1.29333364,0.00000000,-0.04044661,0.00000000,-0.04075418
1.30666697,0.00000000,-0.04044661,0.00000000,0.00000000
1.32000031,0.00000000,-0.04044661,0.00000000,-0.04075418
1.33333365,0.00000000,-0.04044661,0.00000000,0.00000000
1.34666698,0.00000000,-0.04044661,-0.04060039,-0.04075418
1.36000032,0.04060039,0.00000000,0.00000000,-0.04075418
1.37333365,0.04060039,-0.04044661,0.00000000,0.00000000
1.38666699,0.00000000,0.00000000,0.00000000,-0.04075418
1.40000033,0.00000000,-0.04044661,-0.04060039,-0.04075418
1.41333366,0.00000000,0.00000000,0.00000000,-0.04075418
1.42666700,0.00000000,-0.04044661,0.00000000,-0.08166216
1.44000034,0.00000000,0.00000000,-0.04060039,-0.04075418
1.45333367,0.00000000,-0.04044661,0.00000000,-0.04075418
1.46666701,0.00000000,-0.04044661,-0.04060039,-0.04075418
1.48000035,0.04060039,-0.04044661,-0.04060039,-0.04075418
1.49333368,0.00000000,-0.04044661,0.00000000,-0.04075418
1.50666702,0.00000000,-0.04044661,-0.04060039,-0.04075418
1.52000036,0.04060039,-0.04044661,0.00000000,-0.04075418
1.53333369,0.00000000,0.00000000,-0.04060039,0.00000000
1.54666703,0.00000000,-0.04044661,-0.04060039,-0.04075418
1.56000036,0.04060039,-0.04044661,0.00000000,-0.04075418
1.57333370,0.00000000,-0.04044661,0.00000000,0.00000000
1.58666704,0.00000000,-0.08089321,0.00000000,-0.04075418
1.60000037,0.00000000,-0.04044661,0.00000000,-0.04075418
1.61333371,0.00000000,-0.04044661,0.00000000,0.00000000
1.62666705,0.04060039,-0.04044661,-0.04060039,-0.04075418
1.64000038,0.00000000,-0.04044661,-0.04060039,-0.04075418
1.65333372,0.00000000,-0.04044661,0.00000000,-0.04075418
1.66666706,0.00000000,0.00000000,-0.04060039,-0.04075418
1.68000039,0.04060039,-0.04044661,0.00000000,-0.04075418
1.69333373,0.00000000,-0.04044661,0.00000000,-0.04075418
1.70666707,0.04060039,0.00000000,-0.04060039,-0.08166216
1.72000040,0.04060039,-0.04044661,-0.04060039,-0.04075418
1.73333374,0.04060039,0.00000000,0.00000000,0.00000000
1.74666707,0.00000000,0.00000000,0.00000000,-0.04075418
1.76000041,0.00000000,0.00000000,0.00000000,0.00000000
1.77333375,0.00000000,-0.04044661,0.00000000,-0.04075418
1.78666708,0.00000000,-0.04044661,-0.04060039,-0.08166216
1.80000042,0.04060039,-0.04044661,-0.04060039,-0.04075418
1.81333376,0.00000000,-0.04044661,0.00000000,-0.04075418
1.82666709,0.04060039,0.00000000,0.00000000,-0.08166216
1.84000043,0.00000000,-0.04044661,0.00000000,-0.04075418
1.85333377,-0.04060039,-0.08089321,0.00000000,-0.04075418
1.86666710,0.00000000,-0.04044661,0.00000000,-0.04075418
1.88000044,0.04060039,-0.04044661,0.00000000,-0.04075418
1.89333378,0.00000000,-0.04044661,0.00000000,-0.04075418
1.90666711,0.00000000,-0.04044661,0.00000000,-0.04075418
1.92000045,0.04060039,0.00000000,-0.04060039,-0.04075418
1.93333379,0.00000000,-0.04044661,-0.04060039,0.00000000
1.94666712,0.00000000,-0.04044661,-0.04060039,-0.04075418
1.96000046,0.00000000,-0.04044661,-0.04060039,0.00000000
1.97333379,0.00000000,0.00000000,0.00000000,-0.04075418
1.98666713,0.04060039,-0.04044661,0.00000000,-0.04075418
2.00000047,-0.04060039,-0.04044661,0.00000000,-0.04075418
2.01333380,0.00000000,-0.04044661,0.00000000,0.00000000
2.02666714,0.00000000,-0.04044661,-0.04060039,-0.04075418
2.04000048,0.00000000,-0.04044661,0.00000000,-0.04075418
2.05333381,0.04060039,-0.04044661,0.00000000,-0.04075418
2.06666715,0.00000000,0.00000000,-0.04060039,-0.04075418
2.08000049,0.04060039,-0.04044661,0.00000000,-0.04075418
2.09333382,0.04060039,-0.08089321,-0.04060039,-0.04075418
2.10666716,0.00000000,-0.04044661,-0.04060039,0.00000000
2.12000050,0.00000000,0.00000000,-0.04060039,-0.08166216
2.13333383,0.00000000,0.00000000,0.00000000,-0.04075418
2.14666717,0.00000000,-0.04044661,0.00000000,-0.04075418
2.16000050,0.00000000,-0.04044661,0.00000000,-0.04075418
2.17333384,0.04060039,-0.04044661,-0.04060039,-0.04075418
2.18666718,0.00000000,-0.04044661,0.00000000,-0.04075418
2.20000051,0.00000000,-0.04044661,0.00000000,-0.04075418
2.21333385,0.00000000,0.00000000,0.00000000,0.00000000
2.22666719,0.00000000,-0.04044661,0.00000000,-0.04075418
2.24000052,0.00000000,-0.04044661,0.00000000,0.00000000
2.25333386,0.00000000,-0.04044661,0.00000000,-0.04075418
2.26666720,0.00000000,-0.04044661,0.00000000,-0.04075418
2.28000053,0.00000000,-0.04044661,0.00000000,-0.04075418
2.29333387,0.04060039,-0.04044661,0.00000000,-0.04075418
2.30666721,0.00000000,-0.04044661,0.00000000,-0.04075418
2.32000054,0.00000000,-0.04044661,0.00000000,-0.04075418
2.33333388,0.00000000,-0.04044661,0.00000000,0.00000000
2.34666722,0.00000000,-0.04044661,-0.04060039,-0.04075418
2.36000055,0.00000000,0.00000000,0.00000000,0.00000000
2.37333389,0.00000000,0.00000000,0.00000000,-0.04075418
2.38666722,0.00000000,-0.04044661,0.00000000,0.00000000
2.40000056,0.04060039,-0.04044661,0.00000000,-0.04075418
2.41333390,0.00000000,0.00000000,0.00000000,-0.04075418
2.42666723,0.00000000,0.00000000,0.00000000,-0.04075418
2.44000057,0.00000000,-0.04044661,-0.04060039,-0.04075418
2.45333391,0.00000000,-0.04044661,0.00000000,0.00000000
2.46666724,0.00000000,0.00000000,0.00000000,0.00000000
2.48000058,0.04060039,0.00000000,0.00000000,-0.04075418
2.49333392,0.00000000,-0.04044661,0.00000000,-0.04075418
2.50666725,0.00000000,-0.04044661,0.00000000,-0.04075418
2.52000059,0.04060039,-0.04044661,0.00000000,-0.04075418
2.53333393,0.04060039,-0.04044661,0.00000000,0.00000000
2.54666726,0.04060039,-0.04044661,0.00000000,-0.04075418
2.56000060,0.00000000,0.00000000,0.00000000,-0.04075418
2.57333393,0.04060039,0.00000000,0.00000000,-0.04075418
2.58666727,0.00000000,-0.04044661,0.00000000,-0.04075418
2.60000061,0.04060039,-0.04044661,-0.04060039,-0.04075418
2.61333394,0.00000000,-0.04044661,0.04060039,0.00000000
2.62666728,0.00000000,0.00000000,0.00000000,-0.04075418
2.64000062,0.04060039,-0.04044661,0.00000000,-0.04075418
2.65333395,0.00000000,0.00000000,0.00000000,0.00000000
2.66666729,0.04060039,-0.04044661,0.00000000,0.00000000
2.68000063,0.04060039,-0.04044661,0.00000000,-0.04075418
2.69333396,0.00000000,-0.04044661,0.04060039,-0.04075418
2.70666730,0.00000000,-0.04044661,0.00000000,-0.04075418
2.72000064,0.04060039,-0.04044661,0.00000000,-0.04075418
2.73333397,0.04060039,-0.04044661,0.00000000,-0.04075418
2.74666731,0.04060039,-0.04044661,0.00000000,-0.04075418
2.76000065,0.04060039,-0.04044661,-0.04060039,-0.04075418
2.77333398,0.00000000,-0.04044661,0.00000000,-0.04075418
2.78666732,0.04060039,-0.04044661,0.00000000,-0.04075418
2.80000065,0.00000000,-0.04044661,0.00000000,-0.04075418
2.81333399,0.00000000,-0.04044661,0.00000000,-0.04075418
2.82666733,0.00000000,-0.04044661,0.00000000,-0.04075418
2.84000066,0.00000000,-0.04044661,0.04060039,-0.04075418
2.85333400,0.00000000,-0.04044661,0.04060039,-0.04075418
2.86666734,0.00000000,0.00000000,0.04060039,-0.04075418
2.88000067,0.04060039,0.00000000,0.00000000,-0.04075418
2.89333401,0.04060039,-0.04044661,0.04060039,-0.08166216
2.90666735,0.04060039,0.00000000,0.00000000,-0.04075418
2.92000068,0.00000000,-0.04044661,0.00000000,-0.04075418
2.93333402,0.04060039,0.00000000,0.00000000,-0.04075418
2.94666736,0.04060039,0.00000000,-0.04060039,-0.04075418
2.96000069,0.04060039,-0.04044661,0.00000000,-0.04075418
2.97333403,0.04060039,-0.04044661,0.00000000,0.00000000
2.98666736,0.04060039,0.00000000,0.00000000,-0.04075418
3.00000070,0.08135457,0.00000000,0.04060039,0.00000000
3.01333404,0.04060039,-0.04044661,0.00000000,-0.04075418
3.02666737,0.04060039,-0.04044661,0.04060039,-0.04075418
3.04000071,0.00000000,0.00000000,0.04060039,-0.04075418
3.05333405,0.00000000,-0.04044661,0.04060039,-0.04075418
3.06666738,0.00000000,-0.04044661,0.04060039,-0.04075418
3.08000072,0.04060039,-0.04044661,0.04060039,0.00000000
3.09333406,0.04060039,-0.04044661,0.04060039,-0.04075418
3.10666739,0.04060039,-0.04044661,0.04060039,0.00000000
3.12000073,0.04060039,0.00000000,0.04060039,-0.04075418
3.13333407,0.04060039,-0.04044661,0.00000000,-0.04075418
3.14666740,0.04060039,0.00000000,-0.04060039,-0.04075418
3.16000074,0.04060039,0.00000000,0.00000000,-0.04075418
3.17333408,0.04060039,0.00000000,0.00000000,0.00000000
3.18666741,0.04060039,0.00000000,0.04060039,-0.04075418
3.20000075,0.04060039,0.00000000,0.00000000,0.00000000
3.21333408,0.04060039,0.00000000,0.04060039,0.00000000
3.22666742,0.00000000,-0.04044661,0.08135457,0.00000000
3.24000076,0.04060039,0.00000000,0.08135457,-0.04075418
3.25333409,0.00000000,-0.04044661,0.04060039,0.00000000
3.26666743,0.04060039,-0.04044661,0.08135457,0.00000000
3.28000077,0.04060039,-0.04044661,0.08135457,0.00000000
3.29333410,0.04060039,0.00000000,0.04060039,-0.04075418
3.30666744,0.04060039,-0.04044661,0.04060039,0.00000000
3.32000078,0.04060039,0.00000000,0.04060039,-0.04075418
3.33333411,0.08135457,-0.04044661,-0.04060039,-0.04075418
3.34666745,0.04060039,0.00000000,0.00000000,-0.04075418
3.36000079,0.04060039,0.00000000,0.00000000,-0.04075418
3.37333412,0.04060039,0.00000000,0.00000000,0.00000000
3.38666746,0.08135457,0.00000000,0.08135457,-0.04075418
3.40000079,0.04060039,0.00000000,0.04060039,-0.04075418
3.41333413,0.04060039,0.00000000,0.08135457,0.00000000
3.42666747,0.04060039,0.00000000,0.08135457,0.00000000
3.44000080,0.00000000,-0.04044661,0.08135457,0.00000000
3.45333414,0.00000000,-0.04044661,0.08135457,0.00000000
3.46666748,0.04060039,-0.04044661,0.08135457,0.00000000
3.48000081,0.00000000,-0.04044661,0.04060039,0.00000000
3.49333415,0.04060039,0.00000000,0.08135457,0.00000000
3.50666749,0.08135457,-0.04044661,0.08135457,0.00000000
3.52000082,0.04060039,0.00000000,0.04060039,-0.04075418
3.53333416,0.08135457,-0.04044661,0.00000000,-0.04075418
3.54666750,0.04060039,0.00000000,0.00000000,-0.04075418
3.56000083,0.04060039,0.00000000,0.00000000,-0.04075418
3.57333417,0.04060039,0.00000000,0.04060039,0.00000000
3.58666751,0.08135457,0.00000000,0.08135457,0.00000000
3.60000084,0.08135457,-0.04044661,0.04060039,0.00000000
3.61333418,0.04060039,-0.04044661,0.04060039,0.00000000
3.62666751,0.04060039,-0.04044661,0.04060039,0.04075418
3.64000085,0.00000000,-0.04044661,0.08135457,0.00000000
3.65333419,0.00000000,-0.04044661,0.08135457,0.04075418
3.66666752,0.04060039,-0.04044661,0.08135457,0.00000000
3.68000086,0.04060039,-0.04044661,0.12195497,0.00000000
3.69333420,0.08135457,0.00000000,0.04060039,0.00000000
3.70666753,0.08135457,0.04044661,0.08135457,0.00000000
3.72000087,0.08135457,0.00000000,0.04060039,-0.04075418
3.73333421,0.08135457,0.00000000,-0.04060039,-0.04075418
3.74666754,0.08135457,0.00000000,0.00000000,0.00000000
3.76000088,0.08135457,0.00000000,0.00000000,-0.04075418
3.77333422,0.04060039,0.00000000,0.00000000,0.00000000
3.78666755,0.12210876,0.00000000,0.08135457,0.00000000
3.80000089,0.08135457,0.00000000,0.08135457,0.04075418
3.81333422,0.08135457,0.00000000,0.12195497,0.00000000
3.82666756,0.04060039,0.00000000,0.08135457,0.00000000
3.84000090,0.00000000,-0.04044661,0.08135457,0.00000000
3.85333423,0.00000000,0.00000000,0.12195497,0.00000000
3.86666757,0.04060039,-0.04044661,0.12195497,0.00000000
3.88000091,0.04060039,-0.04044661,0.08135457,0.00000000
3.89333424,0.08135457,0.00000000,0.08135457,0.00000000
3.90666758,0.08135457,0.00000000,0.08135457,0.00000000
3.92000092,0.08135457,0.04044661,0.08135457,0.00000000
3.93333425,0.08135457,0.00000000,0.00000000,-0.04075418
3.94666759,0.12210876,0.00000000,0.00000000,-0.04075418
3.96000093,0.08135457,0.04044661,0.00000000,-0.04075418
3.97333426,0.08135457,0.00000000,0.04060039,0.00000000
3.98666760,0.08135457,0.04044661,0.04060039,0.00000000
4.00000094,0.08135457,0.00000000,0.04060039,0.00000000
4.01333427,0.08135457,0.04044661,0.08135457,0.00000000
4.02666761,0.04060039,0.00000000,0.08135457,0.04075418
4.04000094,0.00000000,-0.04044661,0.12195497,0.00000000
4.05333428,0.00000000,0.00000000,0.12195497,0.00000000
4.06666762,0.04060039,-0.04044661,0.12195497,0.00000000
4.08000095,0.04060039,-0.04044661,0.12195497,0.04075418
4.09333429,0.08135457,0.00000000,0.08135457,0.00000000
4.10666763,0.08135457,0.00000000,0.12195497,0.00000000
4.12000096,0.08135457,0.00000000,0.08135457,-0.04075418
4.13333430,0.12210876,0.00000000,0.00000000,-0.04075418
4.14666764,0.08135457,0.04044661,-0.04060039,-0.04075418
4.16000097,0.12210876,0.04044661,0.00000000,0.00000000
4.17333431,0.08135457,0.00000000,0.04060039,0.00000000
4.18666765,0.08135457,0.00000000,0.04060039,0.00000000
4.20000098,0.08135457,0.00000000,0.08135457,0.04075418
4.21333432,0.08135457,0.04044661,0.12195497,0.00000000
4.22666765,0.04060039,0.00000000,0.12195497,0.04075418
4.24000099,0.00000000,-0.04044661,0.12195497,0.00000000
4.25333433,0.04060039,-0.04044661,0.12195497,0.04075418
4.26666766,0.04060039,-0.04044661,0.16270915,0.00000000
4.28000100,0.04060039,0.00000000,0.12195497,0.00000000
4.29333434,0.08135457,0.00000000,0.12195497,0.00000000
4.30666767,0.12210876,0.00000000,0.08135457,0.00000000
4.32000101,0.12210876,0.04044661,0.08135457,0.00000000
4.33333435,0.12210876,0.00000000,-0.04060039,-0.04075418
4.34666768,0.12210876,0.04044661,0.00000000,0.00000000
4.36000102,0.12210876,0.04044661,0.00000000,-0.04075418
4.37333436,0.08135457,0.04044661,0.04060039,0.00000000
4.38666769,0.08135457,0.04044661,0.08135457,0.00000000
4.40000103,0.08135457,0.00000000,0.08135457,0.00000000
4.41333437,0.08135457,0.04044661,0.12195497,0.04075418
4.42666770,0.08135457,0.00000000,0.12195497,0.04075418
4.44000104,0.00000000,-0.04044661,0.12195497,0.04075418
4.45333437,0.04060039,-0.04044661,0.16270915,0.04075418
4.46666771,0.04060039,-0.04044661,0.16270915,0.04075418
4.48000105,0.08135457,0.00000000,0.12195497,0.00000000
4.49333438,0.08135457,0.00000000,0.16270915,0.00000000
4.50666772,0.12210876,0.00000000,0.12195497,0.00000000
4.52000106,0.12210876,0.04044661,0.08135457,0.04075418
4.53333439,0.12210876,0.04044661,0.00000000,0.00000000
4.54666773,0.12210876,0.04044661,0.00000000,-0.04075418
4.56000107,0.12210876,0.04044661,0.00000000,-0.04075418
4.57333440,0.12210876,0.04044661,0.04060039,0.04075418
4.58666774,0.08135457,0.04044661,0.08135457,0.00000000
4.60000108,0.08135457,0.00000000,0.08135457,0.04075418
4.61333441,0.08135457,-0.04044661,0.12195497,0.04075418
4.62666775,0.08135457,0.04044661,0.12195497,0.04075418
4.64000108,0.00000000,-0.04044661,0.16270915,0.04075418
4.65333442,0.00000000,0.00000000,0.16270915,0.04075418
4.66666776,0.04060039,0.00000000,0.16270915,0.04075418
4.68000109,0.08135457,0.00000000,0.12195497,0.04075418
4.69333443,0.08135457,0.04044661,0.16270915,0.04075418
4.70666777,0.12210876,0.04044661,0.12195497,0.04075418
4.72000110,0.12210876,0.04044661,0.12195497,0.00000000
4.73333444,0.12210876,0.04044661,0.00000000,-0.04075418
4.74666778,0.16270915,0.04044661,0.00000000,-0.04075418
4.76000111,0.16270915,0.08089321,0.00000000,-0.04075418
4.77333445,0.12210876,0.08089321,0.08135457,0.00000000
4.78666779,0.12210876,0.04044661,0.08135457,0.04075418
4.80000112,0.08135457,0.04044661,0.12195497,0.04075418
4.81333446,0.08135457,0.04044661,0.12195497,0.04075418
4.82666779,0.04060039,0.00000000,0.20346333,0.08166216
4.84000113,0.00000000,-0.04044661,0.16270915,0.04075418
4.85333447,0.00000000,-0.04044661,0.16270915,0.04075418
4.86666780,0.04060039,-0.04044661,0.16270915,0.00000000
4.88000114,0.04060039,0.00000000,0.16270915,0.04075418
4.89333448,0.12210876,0.04044661,0.16270915,0.00000000
4.90666781,0.16270915,0.08089321,0.16270915,0.08166216
4.92000115,0.12210876,0.04044661,0.12195497,0.00000000
4.93333449,0.16270915,0.08089321,0.00000000,-0.04075418
4.94666782,0.12210876,0.04044661,0.00000000,-0.04075418
4.96000116,0.16270915,0.04044661,0.00000000,-0.04075418
4.97333450,0.12210876,0.08089321,0.04060039,0.00000000
4.98666783,0.12210876,0.08089321,0.08135457,0.04075418
5.00000117,0.12210876,0.04044661,0.12195497,0.04075418
5.01333451,0.08135457,0.04044661,0.16270915,0.04075418
5.02666784,0.08135457,0.00000000,0.16270915,0.04075418
5.04000118,0.00000000,-0.04044661,0.20346333,0.08166216
5.05333451,0.04060039,-0.04044661,0.24406374,0.08166216
5.06666785,0.04060039,-0.04044661,0.20346333,0.04075418
5.08000119,0.08135457,-0.04044661,0.16270915,0.04075418
5.09333452,0.12210876,0.04044661,0.16270915,0.04075418
5.10666786,0.12210876,0.04044661,0.16270915,0.04075418
5.12000120,0.16270915,0.08089321,0.12195497,0.00000000
5.13333453,0.16270915,0.04044661,0.00000000,-0.04075418
5.14666787,0.16270915,0.08089321,-0.04060039,-0.04075418
5.16000121,0.16270915,0.04044661,0.00000000,-0.04075418
5.17333454,0.16270915,0.08089321,0.04060039,0.00000000
5.18666788,0.12210876,0.08089321,0.12195497,0.04075418
5.20000122,0.12210876,0.08089321,0.12195497,0.04075418
5.21333455,0.12210876,0.00000000,0.16270915,0.08166216
5.22666789,0.08135457,0.04044661,0.16270915,0.08166216
5.24000122,0.04060039,-0.04044661,0.20346333,0.08166216
5.25333456,0.04060039,-0.04044661,0.20346333,0.08166216
5.26666790,0.04060039,0.00000000,0.20346333,0.04075418
5.28000123,0.08135457,0.00000000,0.20346333,0.04075418
5.29333457,0.12210876,0.04044661,0.20346333,0.04075418
5.30666791,0.12210876,0.04044661,0.16270915,0.04075418
5.32000124,0.16270915,0.12149360,0.16270915,0.00000000
5.33333458,0.16270915,0.08089321,0.00000000,-0.04075418
5.34666792,0.16270915,0.04044661,0.00000000,-0.04075418
5.36000125,0.16270915,0.04044661,0.00000000,-0.04075418
5.37333459,0.16270915,0.08089321,0.04060039,0.00000000
5.38666793,0.16270915,0.08089321,0.12195497,0.00000000
5.40000126,0.12210876,0.04044661,0.16270915,0.04075418
5.41333460,0.12210876,0.08089321,0.20346333,0.08166216
5.42666794,0.08135457,0.04044661,0.20346333,0.08166216
5.44000127,0.00000000,-0.04044661,0.20346333,0.04075418
5.45333461,0.04060039,-0.04044661,0.20346333,0.08166216
5.46666794,0.04060039,0.00000000,0.20346333,0.08166216
5.48000128,0.08135457,0.00000000,0.20346333,0.04075418
5.49333462,0.12210876,0.08089321,0.16270915,0.04075418
5.50666795,0.16270915,0.04044661,0.12195497,0.04075418
5.52000129,0.16270915,0.08089321,0.16270915,0.00000000
5.53333463,0.20346333,0.08089321,0.00000000,-0.04075418
5.54666796,0.16270915,0.08089321,0.00000000,-0.04075418
5.56000130,0.16270915,0.08089321,0.00000000,0.00000000
5.57333464,0.16270915,0.08089321,0.08135457,0.00000000
5.58666797,0.16270915,0.08089321,0.12195497,0.04075418
5.60000131,0.16270915,0.12149360,0.16270915,0.08166216
5.61333465,0.12210876,0.08089321,0.20346333,0.08166216
5.62666798,0.08135457,0.04044661,0.20346333,0.12257013
5.64000132,0.00000000,-0.04044661,0.20346333,0.08166216
5.65333465,0.04060039,-0.04044661,0.24406374,0.12257013
5.66666799,0.08135457,0.00000000,0.24406374,0.08166216
5.68000133,0.08135457,-0.04044661,0.20346333,0.08166216
5.69333466,0.16270915,0.04044661,0.20346333,0.04075418
5.70666800,0.16270915,0.04044661,0.16270915,0.08166216
5.72000134,0.16270915,0.08089321,0.16270915,0.04075418
5.73333467,0.20346333,0.08089321,0.00000000,-0.04075418
5.74666801,0.20346333,0.08089321,-0.04060039,-0.04075418
5.76000135,0.20346333,0.08089321,0.04060039,0.00000000
5.77333468,0.16270915,0.08089321,0.08135457,0.04075418
5.78666802,0.20346333,0.12149360,0.12195497,0.04075418
5.80000136,0.16270915,0.08089321,0.12195497,0.04075418
5.81333469,0.12210876,0.08089321,0.20346333,0.08166216
5.82666803,0.08135457,0.04044661,0.20346333,0.08166216
5.84000137,0.00000000,-0.04044661,0.24406374,0.08166216
5.85333470,0.04060039,-0.04044661,0.28481790,0.08166216
5.86666804,0.08135457,0.00000000,0.28481790,0.08166216
5.88000137,0.12210876,0.00000000,0.24406374,0.08166216
5.89333471,0.16270915,0.08089321,0.20346333,0.04075418
5.90666805,0.16270915,0.08089321,0.16270915,0.04075418
5.92000138,0.20346333,0.08089321,0.16270915,0.04075418
5.93333472,0.20346333,0.08089321,-0.04060039,0.00000000
5.94666806,0.24421751,0.08089321,0.00000000,-0.04075418
5.96000139,0.20346333,0.12149360,0.04060039,-0.04075418
5.97333473,0.16270915,0.08089321,0.08135457,0.04075418
5.98666807,0.16270915,0.08089321,0.12195497,0.04075418
6.00000140,0.20346333,0.08089321,0.16270915,0.08166216
6.01333474,0.16270915,0.08089321,0.24406374,0.08166216
6.02666808,0.08135457,0.04044661,0.20346333,0.12257013
6.04000141,0.00000000,0.00000000,0.24406374,0.08166216
6.05333475,0.04060039,-0.04044661,0.28481790,0.08166216
6.06666808,0.08135457,0.00000000,0.28481790,0.08166216
6.08000142,0.12210876,0.04044661,0.28481790,0.08166216
6.09333476,0.16270915,0.04044661,0.24406374,0.08166216
6.10666809,0.16270915,0.04044661,0.16270915,0.08166216
6.12000143,0.20346333,0.08089321,0.16270915,0.00000000
6.13333477,0.24421751,0.12149360,-0.04060039,-0.04075418
6.14666810,0.24421751,0.08089321,0.00000000,-0.04075418
6.16000144,0.20346333,0.12149360,0.04060039,0.00000000
6.17333478,0.20346333,0.12149360,0.08135457,0.04075418
6.18666811,0.20346333,0.08089321,0.16270915,0.04075418
6.20000145,0.16270915,0.12149360,0.16270915,0.08166216
6.21333479,0.16270915,0.08089321,0.24406374,0.08166216
6.22666812,0.04060039,0.04044661,0.28481790,0.08166216
6.24000146,0.04060039,-0.04044661,0.28481790,0.12257013
6.25333480,0.00000000,-0.04044661,0.24406374,0.08166216
6.26666813,0.08135457,0.00000000,0.28481790,0.08166216
6.28000147,0.12210876,0.00000000,0.28481790,0.08166216
6.29333480,0.16270915,0.04044661,0.28481790,0.04075418
6.30666814,0.16270915,0.08089321,0.20346333,0.08166216
6.32000148,0.20346333,0.08089321,0.16270915,0.04075418
6.33333481,0.24421751,0.08089321,0.00000000,-0.04075418
6.34666815,0.20346333,0.12149360,0.00000000,-0.04075418
6.36000149,0.24421751,0.08089321,0.04060039,0.00000000
6.37333482,0.20346333,0.08089321,0.08135457,0.04075418
6.38666816,0.24421751,0.12149360,0.16270915,0.04075418
6.40000150,0.16270915,0.08089321,0.20346333,0.08166216
6.41333483,0.12210876,0.08089321,0.24406374,0.08166216
6.42666817,0.08135457,0.04044661,0.24406374,0.12257013
6.44000151,0.00000000,-0.04044661,0.28481790,0.12257013
6.45333484,0.04060039,-0.04044661,0.28481790,0.12257013
6.46666818,0.08135457,-0.04044661,0.32557210,0.12257013
6.48000151,0.16270915,0.04044661,0.28481790,0.08166216
6.49333485,0.16270915,0.08089321,0.28481790,0.08166216
6.50666819,0.20346333,0.08089321,0.24406374,0.04075418
6.52000152,0.20346333,0.08089321,0.20346333,0.08166216
6.53333486,0.24421751,0.12149360,0.00000000,-0.04075418
6.54666820,0.24421751,0.16194020,-0.04060039,-0.04075418
6.56000153,0.24421751,0.12149360,0.04060039,0.00000000
6.57333487,0.20346333,0.12149360,0.08135457,0.04075418
6.58666821,0.24421751,0.08089321,0.12195497,0.04075418
6.60000154,0.20346333,0.08089321,0.20346333,0.12257013
6.61333488,0.12210876,0.12149360,0.24406374,0.12257013
6.62666822,0.08135457,0.04044661,0.28481790,0.12257013
6.64000155,0.00000000,-0.04044661,0.32557210,0.12257013
6.65333489,0.04060039,-0.04044661,0.32557210,0.12257013
6.66666823,0.12210876,-0.04044661,0.32557210,0.12257013
6.68000156,0.12210876,0.00000000,0.28481790,0.08166216
6.69333490,0.16270915,0.04044661,0.28481790,0.04075418
6.70666823,0.20346333,0.08089321,0.24406374,0.08166216
6.72000157,0.24421751,0.08089321,0.20346333,0.04075418
6.73333491,0.24421751,0.12149360,0.00000000,0.00000000
6.74666824,0.24421751,0.12149360,0.00000000,-0.04075418
6.76000158,0.24421751,0.12149360,0.04060039,0.00000000
6.77333492,0.24421751,0.12149360,0.08135457,0.04075418
6.78666825,0.20346333,0.08089321,0.20346333,0.04075418
6.80000159,0.16270915,0.12149360,0.24406374,0.12257013
6.81333493,0.16270915,0.08089321,0.28481790,0.12257013
6.82666826,0.08135457,0.04044661,0.28481790,0.16347811
6.84000160,0.04060039,0.00000000,0.32557210,0.12257013
6.85333494,0.04060039,-0.04044661,0.36617249,0.12257013
6.86666827,0.12210876,0.00000000,0.36617249,0.12257013
6.88000161,0.16270915,0.04044661,0.32557210,0.12257013
6.89333494,0.20346333,0.08089321,0.28481790,0.08166216
6.90666828,0.20346333,0.08089321,0.24406374,0.08166216
6.92000162,0.24421751,0.12149360,0.20346333,0.04075418
6.93333495,0.24421751,0.08089321,-0.04060039,-0.04075418
6.94666829,0.24421751,0.16194020,-0.04060039,-0.04075418
6.96000163,0.24421751,0.12149360,0.04060039,0.00000000
6.97333496,0.24421751,0.16194020,0.12195497,0.08166216
6.98666830,0.20346333,0.12149360,0.16270915,0.08166216
7.00000164,0.20346333,0.12149360,0.24406374,0.12257013
7.01333497,0.16270915,0.12149360,0.32557210,0.12257013
7.02666831,0.08135457,0.04044661,0.32557210,0.16347811
7.04000165,0.00000000,-0.04044661,0.32557210,0.12257013
7.05333498,0.04060039,-0.04044661,0.32557210,0.12257013
7.06666832,0.12210876,0.00000000,0.36617249,0.12257013
7.08000166,0.16270915,0.04044661,0.32557210,0.08166216
7.09333499,0.24421751,0.08089321,0.32557210,0.12257013
7.10666833,0.24421751,0.08089321,0.24406374,0.08166216
7.12000166,0.24421751,0.12149360,0.24406374,0.04075418
7.13333500,0.28481790,0.12149360,0.00000000,-0.04075418
7.14666834,0.28481790,0.16194020,0.00000000,-0.04075418
7.16000167,0.28481790,0.12149360,0.04060039,0.00000000
7.17333501,0.24421751,0.16194020,0.12195497,0.08166216
7.18666835,0.24421751,0.12149360,0.16270915,0.08166216
7.20000168,0.20346333,0.16194020,0.24406374,0.12257013
7.21333502,0.16270915,0.12149360,0.28481790,0.12257013
7.22666836,0.12210876,0.08089321,0.32557210,0.16347811
7.24000169,0.00000000,-0.08089321,0.40692666,0.16347811
7.25333503,0.08135457,-0.04044661,0.36617249,0.16347811
7.26666837,0.08135457,0.00000000,0.36617249,0.12257013
7.28000170,0.16270915,0.04044661,0.36617249,0.12257013
7.29333504,0.20346333,0.12149360,0.28481790,0.08166216
7.30666837,0.24421751,0.12149360,0.32557210,0.08166216
7.32000171,0.28481790,0.12149360,0.16270915,-0.04075418
7.33333505,0.28481790,0.16194020,-0.04060039,-0.04075418
7.34666838,0.28481790,0.12149360,0.00000000,-0.04075418
7.36000172,0.28481790,0.16194020,0.04060039,-0.04075418
7.37333506,0.24421751,0.12149360,0.12195497,0.08166216
7.38666839,0.20346333,0.12149360,0.20346333,0.04075418
7.40000173,0.20346333,0.16194020,0.24406374,0.12257013
7.41333507,0.16270915,0.12149360,0.24406374,0.16347811
7.42666840,0.12210876,0.08089321,0.32557210,0.16347811
7.44000174,0.00000000,0.00000000,0.36617249,0.12257013
7.45333508,0.04060039,-0.04044661,0.36617249,0.12257013
7.46666841,0.08135457,-0.04044661,0.36617249,0.12257013
7.48000175,0.16270915,0.04044661,0.36617249,0.16347811
7.49333508,0.24421751,0.08089321,0.32557210,0.12257013
7.50666842,0.28481790,0.08089321,0.28481790,0.12257013
7.52000176,0.24421751,0.12149360,0.24406374,0.04075418
7.53333509,0.28481790,0.12149360,0.00000000,-0.04075418
7.54666843,0.28481790,0.20254061,0.00000000,-0.04075418
7.56000177,0.28481790,0.16194020,0.08135457,0.00000000
7.57333510,0.24421751,0.16194020,0.12195497,0.04075418
7.58666844,0.24421751,0.16194020,0.20346333,0.08166216
7.60000178,0.20346333,0.12149360,0.28481790,0.16347811
7.61333511,0.20346333,0.12149360,0.28481790,0.12257013
7.62666845,0.16270915,0.12149360,0.32557210,0.20438607
7.64000179,0.04060039,0.00000000,0.40692666,0.16347811
7.65333512,0.04060039,-0.04044661,0.40692666,0.16347811
7.66666846,0.12210876,0.00000000,0.40692666,0.16347811
7.68000180,0.20346333,0.04044661,0.36617249,0.12257013
7.69333513,0.24421751,0.08089321,0.36617249,0.08166216
7.70666847,0.28481790,0.12149360,0.28481790,0.12257013
7.72000180,0.28481790,0.16194020,0.24406374,0.08166216
7.73333514,0.32557210,0.16194020,0.00000000,0.00000000
7.74666848,0.32557210,0.16194020,0.00000000,-0.04075418
7.76000181,0.28481790,0.16194020,0.04060039,0.00000000
7.77333515,0.28481790,0.16194020,0.12195497,0.08166216
7.78666849,0.24421751,0.16194020,0.20346333,0.08166216
7.80000182,0.20346333,0.12149360,0.24406374,0.12257013
7.81333516,0.20346333,0.12149360,0.32557210,0.16347811
7.82666850,0.08135457,0.08089321,0.36617249,0.20438607
7.84000183,0.04060039,-0.04044661,0.40692666,0.16347811
7.85333517,0.04060039,-0.04044661,0.40692666,0.16347811
7.86666851,0.12210876,0.00000000,0.40692666,0.16347811
7.88000184,0.16270915,0.04044661,0.36617249,0.16347811
7.89333518,0.20346333,0.08089321,0.36617249,0.12257013
7.90666851,0.28481790,0.12149360,0.28481790,0.12257013
7.92000185,0.28481790,0.16194020,0.28481790,0.08166216
7.93333519,0.32557210,0.16194020,0.00000000,-0.04075418
7.94666852,0.32557210,0.16194020,0.00000000,-0.08166216
7.96000186,0.32557210,0.16194020,0.04060039,0.00000000
7.97333520,0.28481790,0.16194020,0.12195497,0.08166216
7.98666853,0.24421751,0.16194020,0.24406374,0.12257013
8.00000187,0.24421751,0.16194020,0.32557210,0.12257013
8.01333521,0.20346333,0.12149360,0.36617249,0.16347811
8.02666854,0.12210876,0.04044661,0.40692666,0.20438607
8.04000188,0.00000000,0.00000000,0.44768086,0.16347811
8.05333522,0.04060039,-0.04044661,0.44768086,0.16347811
8.06666855,0.12210876,0.04044661,0.44768086,0.16347811
8.08000189,0.20346333,0.04044661,0.40692666,0.12257013
8.09333523,0.24421751,0.12149360,0.36617249,0.12257013
8.10666856,0.28481790,0.12149360,0.32557210,0.08166216
8.12000190,0.32557210,0.16194020,0.28481790,0.08166216
8.13333523,0.32557210,0.12149360,-0.04060039,-0.04075418
8.14666857,0.28481790,0.16194020,-0.04060039,0.00000000
8.16000191,0.32557210,0.20254061,0.04060039,0.04075418
8.17333524,0.32557210,0.20254061,0.12195497,0.04075418
8.18666858,0.28481790,0.20254061,0.20346333,0.12257013
8.20000192,0.24421751,0.16194020,0.32557210,0.12257013
8.21333525,0.20346333,0.12149360,0.32557210,0.16347811
8.22666859,0.12210876,0.08089321,0.40692666,0.20438607
8.24000193,0.00000000,-0.04044661,0.44768086,0.16347811
8.25333526,0.04060039,0.00000000,0.44768086,0.20438607
8.26666860,0.12210876,0.00000000,0.44768086,0.16347811
8.28000194,0.16270915,0.04044661,0.40692666,0.12257013
8.29333527,0.24421751,0.12149360,0.40692666,0.12257013
8.30666861,0.32557210,0.12149360,0.36617249,0.12257013
8.32000194,0.32557210,0.16194020,0.28481790,0.08166216
8.33333528,0.32557210,0.16194020,-0.04060039,-0.04075418
8.34666862,0.32557210,0.20254061,0.00000000,0.00000000
8.36000195,0.28481790,0.20254061,0.04060039,0.04075418
8.37333529,0.32557210,0.20254061,0.12195497,0.08166216
8.38666863,0.28481790,0.16194020,0.24406374,0.12257013
8.40000196,0.24421751,0.16194020,0.28481790,0.16347811
8.41333530,0.20346333,0.16194020,0.32557210,0.16347811
8.42666864,0.08135457,0.08089321,0.40692666,0.20438607
8.44000197,0.00000000,-0.04044661,0.44768086,0.16347811
8.45333531,0.04060039,0.00000000,0.44768086,0.16347811
8.46666865,0.12210876,0.00000000,0.44768086,0.16347811
8.48000198,0.16270915,0.08089321,0.40692666,0.16347811
8.49333532,0.24421751,0.12149360,0.40692666,0.12257013
8.50666866,0.32557210,0.12149360,0.36617249,0.12257013
8.52000199,0.32557210,0.16194020,0.28481790,0.08166216
8.53333533,0.32557210,0.20254061,0.00000000,-0.04075418
8.54666866,0.36632627,0.20254061,0.00000000,-0.04075418
8.56000200,0.32557210,0.20254061,0.04060039,-0.04075418
8.57333534,0.32557210,0.20254061,0.16270915,0.08166216
8.58666867,0.28481790,0.20254061,0.24406374,0.12257013
8.60000201,0.28481790,0.16194020,0.32557210,0.16347811
8.61333535,0.20346333,0.16194020,0.36617249,0.16347811
8.62666868,0.12210876,0.08089321,0.40692666,0.20438607
8.64000202,0.00000000,0.00000000,0.48828125,0.24529405
8.65333536,0.04060039,-0.04044661,0.48828125,0.16347811
8.66666869,0.12210876,0.00000000,0.48828125,0.16347811
8.68000203,0.20346333,0.08089321,0.44768086,0.16347811
8.69333537,0.28481790,0.08089321,0.40692666,0.08166216
8.70666870,0.32557210,0.16194020,0.36617249,0.16347811
8.72000204,0.36632627,0.20254061,0.32557210,0.08166216
8.73333537,0.36632627,0.16194020,-0.04060039,-0.04075418
8.74666871,0.36632627,0.20254061,-0.04060039,0.00000000
8.76000205,0.32557210,0.20254061,0.04060039,-0.04075418
8.77333538,0.36632627,0.24298720,0.16270915,0.04075418
8.78666872,0.28481790,0.20254061,0.24406374,0.12257013
8.80000206,0.24421751,0.20254061,0.32557210,0.12257013
8.81333539,0.24421751,0.16194020,0.36617249,0.20438607
8.82666873,0.08135457,0.08089321,0.44768086,0.20438607
8.84000207,0.00000000,-0.04044661,0.48828125,0.20438607
8.85333540,0.04060039,0.00000000,0.48828125,0.20438607
8.86666874,0.16270915,0.04044661,0.48828125,0.16347811
8.88000208,0.24421751,0.08089321,0.44768086,0.16347811
8.89333541,0.24421751,0.08089321,0.40692666,0.12257013
8.90666875,0.32557210,0.16194020,0.36617249,0.12257013
8.92000209,0.36632627,0.20254061,0.32557210,0.08166216
8.93333542,0.36632627,0.20254061,0.00000000,-0.04075418
8.94666876,0.36632627,0.20254061,0.00000000,-0.04075418
8.96000209,0.32557210,0.20254061,0.04060039,0.00000000
8.97333543,0.32557210,0.20254061,0.16270915,0.12257013
8.98666877,0.32557210,0.20254061,0.24406374,0.12257013
9.00000210,0.28481790,0.20254061,0.36617249,0.20438607
9.01333544,0.24421751,0.20254061,0.44768086,0.20438607
9.02666878,0.12210876,0.08089321,0.44768086,0.24529405
9.04000211,0.00000000,0.00000000,0.48828125,0.20438607
9.05333545,0.08135457,-0.08089321,0.52903545,0.20438607
9.06666879,0.16270915,0.04044661,0.52903545,0.16347811
9.08000212,0.24421751,0.04044661,0.48828125,0.16347811
9.09333546,0.28481790,0.12149360,0.44768086,0.12257013
9.10666880,0.36632627,0.16194020,0.40692666,0.12257013
9.12000213,0.36632627,0.20254061,0.32557210,0.08166216
9.13333547,0.36632627,0.20254061,0.00000000,-0.04075418
9.14666880,0.36632627,0.20254061,-0.04060039,0.00000000
9.16000214,0.32557210,0.20254061,0.04060039,0.00000000
9.17333548,0.32557210,0.24298720,0.16270915,0.08166216
9.18666881,0.32557210,0.20254061,0.28481790,0.16347811
9.20000215,0.28481790,0.20254061,0.36617249,0.20438607
9.21333549,0.24421751,0.20254061,0.40692666,0.20438607
9.22666882,0.12210876,0.08089321,0.48828125,0.24529405
9.24000216,0.04060039,-0.04044661,0.52903545,0.24529405
9.25333550,0.04060039,-0.04044661,0.56978959,0.20438607
9.26666883,0.16270915,0.04044661,0.52903545,0.20438607
9.28000217,0.24421751,0.08089321,0.52903545,0.20438607
9.29333551,0.28481790,0.12149360,0.44768086,0.16347811
9.30666884,0.32557210,0.16194020,0.36617249,0.16347811
9.32000218,0.40692666,0.20254061,0.32557210,0.08166216
9.33333552,0.36632627,0.24298720,0.00000000,-0.04075418
9.34666885,0.40692666,0.24298720,0.00000000,-0.04075418
9.36000219,0.36632627,0.20254061,0.04060039,0.04075418
9.37333552,0.36632627,0.24298720,0.16270915,0.08166216
9.38666886,0.32557210,0.20254061,0.28481790,0.12257013
9.40000220,0.28481790,0.20254061,0.36617249,0.16347811
9.41333553,0.20346333,0.20254061,0.44768086,0.20438607
9.42666887,0.08135457,0.08089321,0.48828125,0.20438607
9.44000221,0.00000000,-0.04044661,0.52903545,0.24529405
9.45333554,0.04060039,-0.04044661,0.56978959,0.20438607
9.46666888,0.12210876,0.04044661,0.52903545,0.16347811
9.48000222,0.24421751,0.08089321,0.52903545,0.20438607
9.49333555,0.24421751,0.16194020,0.40692666,0.16347811
9.50666889,0.36632627,0.16194020,0.40692666,0.12257013
9.52000223,0.36632627,0.20254061,0.32557210,0.08166216
9.53333556,0.40692666,0.24298720,0.00000000,0.00000000
9.54666890,0.40692666,0.24298720,0.00000000,-0.04075418
9.56000223,0.40692666,0.28343379,0.08135457,0.00000000
9.57333557,0.36632627,0.24298720,0.16270915,0.08166216
9.58666891,0.32557210,0.24298720,0.32557210,0.12257013
9.60000224,0.32557210,0.24298720,0.40692666,0.20438607
9.61333558,0.28481790,0.20254061,0.44768086,0.20438607
9.62666892,0.00000000,-0.04044661,0.48828125,0.20438607
9.64000225,0.04060039,-0.04044661,0.52903545,0.24529405
9.65333559,0.04060039,-0.04044661,0.56978959,0.20438607
9.66666893,0.16270915,0.04044661,0.56978959,0.20438607
9.68000226,0.24421751,0.08089321,0.48828125,0.20438607
9.69333560,0.28481790,0.16194020,0.48828125,0.16347811
9.70666894,0.36632627,0.20254061,0.40692666,0.16347811
9.72000227,0.40692666,0.20254061,0.36617249,0.12257013
9.73333561,0.40692666,0.24298720,0.00000000,-0.04075418
9.74666895,0.40692666,0.24298720,-0.04060039,-0.04075418
9.76000228,0.36632627,0.24298720,0.04060039,0.00000000
9.77333562,0.40692666,0.28343379,0.20346333,0.08166216
9.78666895,0.36632627,0.24298720,0.28481790,0.12257013
9.80000229,0.28481790,0.20254061,0.36617249,0.20438607
9.81333563,0.24421751,0.24298720,0.48828125,0.24529405
9.82666896,0.00000000,-0.04044661,0.52903545,0.28620201
9.84000230,0.00000000,-0.04044661,0.52903545,0.20438607
9.85333564,0.08135457,-0.04044661,0.56978959,0.20438607
9.86666897,0.16270915,0.00000000,0.56978959,0.20438607
9.88000231,0.24421751,0.04044661,0.52903545,0.20438607
9.89333565,0.32557210,0.16194020,0.48828125,0.20438607
9.90666898,0.36632627,0.16194020,0.40692666,0.16347811
9.92000232,0.40692666,0.20254061,0.32557210,0.12257013
9.93333566,0.44768086,0.24298720,0.00000000,0.00000000
9.94666899,0.44768086,0.28343379,0.00000000,-0.04075418
9.96000233,0.40692666,0.24298720,0.08135457,0.04075418
9.97333566,0.36632627,0.24298720,0.16270915,0.08166216
9.98666900,0.36632627,0.24298720,0.32557210,0.12257013
10.00000234,0.28481790,0.24298720,0.40692666,0.20438607
10.01333567,0.28481790,0.20254061,0.48828125,0.24529405
10.02666901,0.00000000,0.12149360,0.56978959,0.28620201
10.04000235,0.04060039,0.00000000,0.56978959,0.24529405
10.05333568,0.04060039,-0.04044661,0.56978959,0.24529405
10.06666902,0.16270915,0.00000000,0.61039001,0.20438607
10.08000236,0.24421751,0.12149360,0.52903545,0.20438607
10.09333569,0.32557210,0.16194020,0.52903545,0.16347811
10.10666903,0.40692666,0.16194020,0.44768086,0.16347811
10.12000237,0.44768086,0.24298720,0.28481790,0.12257013
10.13333570,0.44768086,0.20254061,0.00000000,-0.04075418
10.14666904,0.44768086,0.24298720,0.00000000,0.00000000
10.16000238,0.44768086,0.24298720,0.08135457,0.00000000
10.17333571,0.40692666,0.24298720,0.16270915,0.12257013
10.18666905,0.36632627,0.24298720,0.32557210,0.12257013
10.20000238,0.32557210,0.24298720,0.40692666,0.20438607
10.21333572,0.24421751,0.20254061,0.48828125,0.24529405
10.22666906,0.00000000,0.08089321,0.56978959,0.24529405
10.24000239,0.04060039,-0.04044661,0.61039001,0.24529405
10.25333573,0.08135457,-0.04044661,0.61039001,0.24529405
10.26666907,0.16270915,0.04044661,0.61039001,0.24529405
10.28000240,0.24421751,0.08089321,0.56978959,0.20438607
10.29333574,0.36632627,0.16194020,0.52903545,0.20438607
10.30666908,0.40692666,0.20254061,0.44768086,0.16347811
10.32000241,0.44768086,0.20254061,0.36617249,0.12257013
10.33333575,0.44768086,0.24298720,0.00000000,-0.04075418
10.34666909,0.48843503,0.28343379,0.00000000,-0.04075418
10.36000242,0.40692666,0.28343379,0.08135457,0.04075418
10.37333576,0.40692666,0.28343379,0.20346333,0.08166216
10.38666909,0.36632627,0.24298720,0.32557210,0.12257013
10.40000243,0.32557210,0.24298720,0.40692666,0.20438607
10.41333577,0.28481790,0.20254061,0.48828125,0.28620201
10.42666910,0.16270915,0.08089321,0.56978959,0.24529405
10.44000244,0.00000000,-0.04044661,0.61039001,0.24529405
10.45333578,0.08135457,-0.04044661,0.61039001,0.24529405
10.46666911,0.20346333,0.04044661,0.61039001,0.24529405
10.48000245,0.28481790,0.08089321,0.56978959,0.20438607
10.49333579,0.32557210,0.16194020,0.52903545,0.20438607
10.50666912,0.40692666,0.24298720,0.48828125,0.16347811
10.52000246,0.44768086,0.24298720,0.36617249,0.12257013
10.53333580,0.48843503,0.24298720,0.00000000,0.00000000
10.54666913,0.48843503,0.28343379,0.00000000,0.00000000
10.56000247,0.48843503,0.28343379,0.08135457,0.04075418
10.57333580,0.44768086,0.28343379,0.20346333,0.12257013
10.58666914,0.36632627,0.24298720,0.32557210,0.12257013
10.60000248,0.32557210,0.24298720,0.44768086,0.20438607
10.61333581,0.28481790,0.20254061,0.52903545,0.24529405
10.62666915,0.12210876,0.08089321,0.56978959,0.28620201
10.64000249,0.04060039,0.00000000,0.65114421,0.24529405
10.65333582,0.04060039,-0.04044661,0.61039001,0.24529405
10.66666916,0.12210876,0.00000000,0.65114421,0.20438607
10.68000250,0.28481790,0.08089321,0.56978959,0.20438607
10.69333583,0.36632627,0.16194020,0.52903545,0.20438607
10.70666917,0.44768086,0.20254061,0.48828125,0.16347811
10.72000251,0.40692666,0.28343379,0.40692666,0.12257013
10.73333584,0.48843503,0.28343379,0.00000000,-0.04075418
10.74666918,0.48843503,0.28343379,0.00000000,-0.04075418
10.76000252,0.48843503,0.28343379,0.08135457,0.04075418
10.77333585,0.44768086,0.28343379,0.16270915,0.12257013
10.78666919,0.40692666,0.28343379,0.28481790,0.16347811
10.80000252,0.32557210,0.24298720,0.44768086,0.20438607
10.81333586,0.32557210,0.24298720,0.52903545,0.24529405
10.82666920,0.16270915,0.12149360,0.56978959,0.28620201
10.84000253,0.00000000,-0.04044661,0.65114421,0.28620201
10.85333587,0.08135457,-0.04044661,0.65114421,0.24529405
10.86666921,0.16270915,0.00000000,0.65114421,0.24529405
10.88000254,0.28481790,0.08089321,0.61039001,0.20438607
10.89333588,0.32557210,0.16194020,0.56978959,0.20438607
10.90666922,0.44768086,0.20254061,0.48828125,0.16347811
10.92000255,0.44768086,0.24298720,0.40692666,0.12257013
10.93333589,0.48843503,0.24298720,0.00000000,-0.04075418
10.94666923,0.48843503,0.32403421,0.00000000,-0.04075418
10.96000256,0.48843503,0.28343379,0.08135457,0.04075418
10.97333590,0.44768086,0.28343379,0.20346333,0.12257013
10.98666923,0.40692666,0.28343379,0.36617249,0.16347811
11.00000257,0.36632627,0.28343379,0.44768086,0.24529405
11.01333591,0.32557210,0.24298720,0.52903545,0.24529405
11.02666924,0.12210876,0.12149360,0.56978959,0.28620201
11.04000258,0.00000000,-0.04044661,0.65114421,0.28620201
11.05333592,0.08135457,-0.04044661,0.65114421,0.28620201
11.06666925,0.16270915,0.00000000,0.65114421,0.28620201
11.08000259,0.28481790,0.08089321,0.61039001,0.20438607
11.09333593,0.36632627,0.16194020,0.56978959,0.24529405
11.10666926,0.44768086,0.20254061,0.48828125,0.16347811
11.12000260,0.48843503,0.24298720,0.44768086,0.12257013
11.13333594,0.48843503,0.28343379,0.04060039,-0.04075418
11.14666927,0.48843503,0.28343379,-0.04060039,-0.04075418
11.16000261,0.48843503,0.32403421,0.04060039,0.04075418
11.17333595,0.44768086,0.28343379,0.20346333,0.12257013
11.18666928,0.44768086,0.32403421,0.32557210,0.20438607
11.20000262,0.32557210,0.28343379,0.48828125,0.24529405
11.21333595,0.28481790,0.20254061,0.52903545,0.28620201
11.22666929,0.12210876,0.16194020,0.61039001,0.28620201
11.24000263,0.04060039,-0.04044661,0.61039001,0.28620201
11.25333596,0.08135457,-0.04044661,0.65114421,0.28620201
11.26666930,0.16270915,0.00000000,0.65114421,0.24529405
11.28000264,0.28481790,0.08089321,0.61039001,0.24529405
11.29333597,0.32557210,0.16194020,0.61039001,0.24529405
11.30666931,0.40692666,0.20254061,0.48828125,0.16347811
11.32000265,0.40692666,0.28343379,0.40692666,0.16347811
11.33333598,0.44768086,0.28343379,0.00000000,-0.04075418
11.34666932,0.48843503,0.32403421,-0.04060039,-0.04075418
11.36000266,0.44768086,0.32403421,0.04060039,0.04075418
11.37333599,0.44768086,0.32403421,0.20346333,0.16347811
11.38666933,0.40692666,0.28343379,0.28481790,0.20438607
11.40000266,0.36632627,0.28343379,0.44768086,0.24529405
11.41333600,0.28481790,0.24298720,0.52903545,0.28620201
11.42666934,0.12210876,0.16194020,0.56978959,0.32710999
11.44000267,0.00000000,-0.04044661,0.61039001,0.28620201
11.45333601,0.04060039,-0.04044661,0.65114421,0.32710999
11.46666935,0.16270915,0.12149360,0.65114421,0.24529405
11.48000268,0.24421751,0.08089321,0.61039001,0.28620201
11.49333602,0.32557210,0.16194020,0.56978959,0.20438607
11.50666936,0.40692666,0.20254061,0.48828125,0.20438607
11.52000269,0.44768086,0.24298720,0.36617249,0.16347811
11.53333603,0.48843503,0.24298720,0.00000000,-0.04075418
11.54666937,0.44768086,0.32403421,0.00000000,-0.04075418
11.56000270,0.44768086,0.32403421,0.04060039,0.04075418
11.57333604,0.44768086,0.36448079,0.16270915,0.12257013
11.58666938,0.36632627,0.28343379,0.32557210,0.16347811
11.60000271,0.36632627,0.28343379,0.44768086,0.24529405
11.61333605,0.28481790,0.28343379,0.48828125,0.28620201
11.62666938,0.12210876,0.12149360,0.56978959,0.32710999
11.64000272,0.00000000,-0.04044661,0.65114421,0.32710999
11.65333606,0.04060039,-0.04044661,0.61039001,0.32710999
11.66666939,0.16270915,-0.04044661,0.61039001,0.28620201
11.68000273,0.24421751,0.08089321,0.61039001,0.24529405
11.69333607,0.32557210,0.16194020,0.52903545,0.24529405
11.70666940,0.40692666,0.20254061,0.44768086,0.20438607
11.72000274,0.40692666,0.24298720,0.40692666,0.16347811
11.73333608,0.44768086,0.28343379,0.00000000,-0.04075418
11.74666941,0.44768086,0.32403421,0.00000000,-0.04075418
11.76000275,0.44768086,0.32403421,0.04060039,0.04075418
11.77333609,0.44768086,0.32403421,0.16270915,0.12257013
11.78666942,0.40692666,0.32403421,0.32557210,0.20438607
11.80000276,0.36632627,0.28343379,0.44768086,0.24529405
11.81333609,0.32557210,0.28343379,0.48828125,0.28620201
11.82666943,0.12210876,0.16194020,0.56978959,0.32710999
11.84000277,0.00000000,0.00000000,0.65114421,0.32710999
11.85333610,0.04060039,-0.04044661,0.65114421,0.32710999
11.86666944,0.16270915,0.00000000,0.61039001,0.28620201
11.88000278,0.24421751,0.08089321,0.56978959,0.28620201
11.89333611,0.32557210,0.16194020,0.52903545,0.24529405
11.90666945,0.40692666,0.20254061,0.48828125,0.20438607
11.92000279,0.44768086,0.24298720,0.40692666,0.16347811
11.93333612,0.44768086,0.28343379,0.00000000,-0.04075418
11.94666946,0.44768086,0.32403421,-0.04060039,-0.04075418
11.96000280,0.44768086,0.32403421,0.04060039,0.04075418
11.97333613,0.44768086,0.36448079,0.20346333,0.16347811
11.98666947,0.40692666,0.32403421,0.32557210,0.16347811
12.00000281,0.36632627,0.32403421,0.40692666,0.28620201
12.01333614,0.28481790,0.28343379,0.48828125,0.32710999
12.02666948,0.12210876,0.12149360,0.56978959,0.36801797
12.04000281,0.00000000,-0.04044661,0.65114421,0.28620201
12.05333615,0.00000000,-0.04044661,0.61039001,0.32710999
12.06666949,0.12210876,-0.04044661,0.65114421,0.28620201
12.08000282,0.24421751,0.08089321,0.61039001,0.28620201
12.09333616,0.32557210,0.12149360,0.52903545,0.24529405
12.10666950,0.36632627,0.20254061,0.48828125,0.20438607
12.12000283,0.44768086,0.24298720,0.40692666,0.16347811
12.13333617,0.44768086,0.28343379,0.00000000,0.00000000
12.14666951,0.44768086,0.32403421,0.00000000,-0.04075418
12.16000284,0.44768086,0.32403421,0.00000000,0.00000000
12.17333618,0.40692666,0.32403421,0.20346333,0.12257013
12.18666952,0.40692666,0.32403421,0.28481790,0.20438607
12.20000285,0.36632627,0.32403421,0.44768086,0.24529405
12.21333619,0.32557210,0.28343379,0.52903545,0.28620201
12.22666952,0.16270915,0.20254061,0.56978959,0.32710999
12.24000286,0.00000000,-0.04044661,0.61039001,0.32710999
12.25333620,0.00000000,-0.04044661,0.65114421,0.32710999
12.26666953,0.16270915,0.00000000,0.61039001,0.28620201
12.28000287,0.24421751,0.08089321,0.61039001,0.28620201
12.29333621,0.32557210,0.16194020,0.56978959,0.24529405
12.30666954,0.36632627,0.24298720,0.48828125,0.24529405
12.32000288,0.44768086,0.24298720,0.36617249,0.16347811
12.33333622,0.44768086,0.32403421,0.00000000,-0.04075418
12.34666955,0.48843503,0.32403421,0.00000000,-0.04075418
12.36000289,0.44768086,0.32403421,0.04060039,0.04075418
12.37333623,0.44768086,0.36448079,0.20346333,0.16347811
12.38666956,0.40692666,0.32403421,0.32557210,0.16347811
12.40000290,0.32557210,0.32403421,0.40692666,0.24529405
12.41333624,0.32557210,0.28343379,0.48828125,0.32710999
12.42666957,0.16270915,0.20254061,0.56978959,0.32710999
12.44000291,0.00000000,-0.04044661,0.61039001,0.32710999
12.45333624,0.00000000,0.00000000,0.65114421,0.32710999
12.46666958,0.16270915,0.00000000,0.65114421,0.28620201
12.48000292,0.24421751,0.08089321,0.61039001,0.28620201
12.49333625,0.32557210,0.16194020,0.52903545,0.20438607
12.50666959,0.40692666,0.24298720,0.48828125,0.20438607
12.52000293,0.36632627,0.28343379,0.36617249,0.16347811
12.53333626,0.44768086,0.28343379,0.00000000,-0.04075418
12.54666960,0.44768086,0.36448079,-0.04060039,-0.04075418
12.56000294,0.40692666,0.32403421,0.00000000,0.04075418
12.57333627,0.40692666,0.36448079,0.16270915,0.12257013
12.58666961,0.40692666,0.32403421,0.32557210,0.20438607
12.60000295,0.36632627,0.36448079,0.44768086,0.24529405
12.61333628,0.28481790,0.28343379,0.52903545,0.32710999
12.62666962,0.16270915,0.20254061,0.56978959,0.32710999
12.64000295,0.04060039,-0.04044661,0.61039001,0.32710999
12.65333629,0.00000000,-0.04044661,0.65114421,0.32710999
12.66666963,0.16270915,0.00000000,0.65114421,0.28620201
12.68000296,0.24421751,0.12149360,0.61039001,0.28620201
12.69333630,0.32557210,0.16194020,0.56978959,0.20438607
12.70666964,0.36632627,0.20254061,0.48828125,0.20438607
12.72000297,0.40692666,0.24298720,0.32557210,0.12257013
12.73333631,0.44768086,0.28343379,0.00000000,-0.04075418
12.74666965,0.44768086,0.32403421,-0.04060039,-0.04075418
12.76000298,0.44768086,0.36448079,-0.04060039,0.00000000
12.77333632,0.40692666,0.32403421,0.16270915,0.12257013
12.78666966,0.36632627,0.32403421,0.32557210,0.20438607
12.80000299,0.36632627,0.32403421,0.40692666,0.24529405
12.81333633,0.28481790,0.28343379,0.48828125,0.32710999
12.82666967,0.16270915,0.20254061,0.56978959,0.32710999
12.84000300,0.00000000,-0.04044661,0.61039001,0.32710999
12.85333634,0.04060039,-0.04044661,0.65114421,0.32710999
12.86666967,0.16270915,0.04044661,0.61039001,0.28620201
12.88000301,0.24421751,0.08089321,0.61039001,0.32710999
12.89333635,0.32557210,0.16194020,0.52903545,0.20438607
12.90666968,0.40692666,0.20254061,0.44768086,0.20438607
12.92000302,0.40692666,0.28343379,0.40692666,0.16347811
12.93333636,0.44768086,0.32403421,-0.04060039,-0.04075418
12.94666969,0.48843503,0.32403421,-0.04060039,-0.04075418
12.96000303,0.44768086,0.32403421,0.04060039,0.04075418
12.97333637,0.40692666,0.32403421,0.16270915,0.12257013
12.98666970,0.40692666,0.36448079,0.32557210,0.20438607
13.00000304,0.36632627,0.28343379,0.40692666,0.28620201
13.01333638,0.28481790,0.28343379,0.48828125,0.28620201
13.02666971,0.00000000,0.08089321,0.56978959,0.36801797
13.04000305,0.00000000,-0.04044661,0.61039001,0.32710999
13.05333638,0.04060039,-0.04044661,0.65114421,0.28620201
13.06666972,0.16270915,0.04044661,0.65114421,0.28620201
13.08000306,0.24421751,0.08089321,0.56978959,0.28620201
13.09333639,0.32557210,0.16194020,0.52903545,0.24529405
13.10666973,0.36632627,0.20254061,0.44768086,0.20438607
13.12000307,0.40692666,0.28343379,0.36617249,0.16347811
13.13333640,0.44768086,0.28343379,0.00000000,-0.04075418
13.14666974,0.44768086,0.28343379,-0.04060039,0.00000000
13.16000308,0.44768086,0.32403421,0.04060039,0.04075418
13.17333641,0.44768086,0.36448079,0.16270915,0.16347811
13.18666975,0.40692666,0.32403421,0.28481790,0.20438607
13.20000309,0.36632627,0.32403421,0.40692666,0.28620201
13.21333642,0.32557210,0.28343379,0.48828125,0.32710999
13.22666976,0.16270915,0.16194020,0.56978959,0.32710999
13.24000310,0.00000000,-0.04044661,0.61039001,0.28620201
13.25333643,0.00000000,-0.04044661,0.61039001,0.32710999
13.26666977,0.16270915,0.00000000,0.61039001,0.28620201
13.28000310,0.24421751,0.08089321,0.56978959,0.24529405
13.29333644,0.32557210,0.16194020,0.56978959,0.28620201
13.30666978,0.36632627,0.20254061,0.48828125,0.20438607
13.32000311,0.40692666,0.24298720,0.36617249,0.16347811
13.33333645,0.44768086,0.28343379,-0.04060039,0.00000000
13.34666979,0.44768086,0.36448079,0.00000000,-0.04075418
13.36000312,0.48843503,0.36448079,0.08135457,0.04075418
13.37333646,0.44768086,0.36448079,0.20346333,0.16347811
13.38666980,0.40692666,0.36448079,0.32557210,0.20438607
13.40000313,0.32557210,0.28343379,0.40692666,0.24529405
13.41333647,0.28481790,0.24298720,0.48828125,0.28620201
13.42666981,0.16270915,0.16194020,0.61039001,0.32710999
13.44000314,0.04060039,-0.04044661,0.65114421,0.32710999
13.45333648,0.00000000,-0.04044661,0.65114421,0.32710999
13.46666981,0.16270915,0.00000000,0.56978959,0.24529405
13.48000315,0.28481790,0.08089321,0.61039001,0.28620201
13.49333649,0.32557210,0.16194020,0.56978959,0.24529405
13.50666982,0.40692666,0.24298720,0.48828125,0.24529405
13.52000316,0.44768086,0.28343379,0.36617249,0.16347811
13.53333650,0.44768086,0.32403421,0.00000000,-0.04075418
13.54666983,0.44768086,0.32403421,0.00000000,-0.04075418
13.56000317,0.48843503,0.32403421,0.04060039,0.00000000
13.57333651,0.44768086,0.32403421,0.20346333,0.12257013
13.58666984,0.40692666,0.32403421,0.28481790,0.20438607
13.60000318,0.36632627,0.32403421,0.44768086,0.28620201
13.61333652,0.28481790,0.28343379,0.52903545,0.32710999
13.62666985,0.12210876,0.08089321,0.56978959,0.32710999
13.64000319,0.00000000,-0.04044661,0.61039001,0.32710999
13.65333652,0.04060039,-0.04044661,0.65114421,0.32710999
13.66666986,0.16270915,0.00000000,0.65114421,0.28620201
13.68000320,0.28481790,0.08089321,0.56978959,0.28620201
13.69333653,0.36632627,0.16194020,0.52903545,0.24529405
13.70666987,0.36632627,0.24298720,0.48828125,0.20438607
13.72000321,0.40692666,0.28343379,0.36617249,0.12257013
13.73333654,0.44768086,0.28343379,-0.04060039,-0.04075418
13.74666988,0.44768086,0.32403421,0.00000000,-0.04075418
13.76000322,0.44768086,0.32403421,0.04060039,0.04075418
13.77333655,0.44768086,0.32403421,0.20346333,0.16347811
13.78666989,0.40692666,0.32403421,0.32557210,0.20438607
13.80000323,0.32557210,0.32403421,0.44768086,0.32710999
13.81333656,0.28481790,0.28343379,0.48828125,0.28620201
13.82666990,0.12210876,0.12149360,0.56978959,0.32710999
13.84000324,0.00000000,-0.04044661,0.61039001,0.28620201
13.85333657,0.04060039,-0.04044661,0.65114421,0.32710999
13.86666991,0.20346333,0.04044661,0.65114421,0.28620201
13.88000324,0.24421751,0.08089321,0.61039001,0.28620201
13.89333658,0.32557210,0.16194020,0.52903545,0.24529405
13.90666992,0.40692666,0.20254061,0.48828125,0.24529405
13.92000325,0.44768086,0.28343379,0.36617249,0.16347811
13.93333659,0.44768086,0.32403421,0.00000000,-0.04075418
13.94666993,0.48843503,0.32403421,0.00000000,-0.04075418
13.96000326,0.44768086,0.32403421,0.04060039,0.04075418
13.97333660,0.40692666,0.36448079,0.20346333,0.16347811
13.98666994,0.40692666,0.32403421,0.32557210,0.20438607
14.00000327,0.36632627,0.28343379,0.40692666,0.28620201
14.01333661,0.32557210,0.28343379,0.48828125,0.28620201
14.02666995,0.12210876,0.16194020,0.56978959,0.36801797
14.04000328,0.00000000,0.00000000,0.61039001,0.32710999
14.05333662,0.00000000,-0.04044661,0.65114421,0.32710999
14.06666995,0.20346333,0.04044661,0.61039001,0.28620201
14.08000329,0.24421751,0.12149360,0.61039001,0.28620201
14.09333663,0.36632627,0.16194020,0.52903545,0.20438607
14.10666996,0.36632627,0.20254061,0.48828125,0.16347811
14.12000330,0.40692666,0.24298720,0.36617249,0.16347811
14.13333664,0.44768086,0.32403421,0.00000000,-0.04075418
14.14666997,0.44768086,0.32403421,0.00000000,-0.04075418
14.16000331,0.44768086,0.32403421,0.04060039,0.04075418
14.17333665,0.40692666,0.36448079,0.20346333,0.12257013
14.18666998,0.40692666,0.32403421,0.32557210,0.20438607
14.20000332,0.32557210,0.28343379,0.40692666,0.28620201
14.21333666,0.32557210,0.24298720,0.52903545,0.28620201
14.22666999,0.16270915,0.16194020,0.56978959,0.32710999
14.24000333,0.00000000,0.00000000,0.61039001,0.32710999
14.25333667,0.04060039,0.00000000,0.65114421,0.32710999
14.26667000,0.16270915,0.04044661,0.61039001,0.28620201
14.28000334,0.24421751,0.08089321,0.56978959,0.24529405
14.29333667,0.36632627,0.12149360,0.52903545,0.24529405
14.30667001,0.40692666,0.24298720,0.44768086,0.24529405
14.32000335,0.40692666,0.28343379,0.36617249,0.16347811
14.33333668,0.40692666,0.28343379,0.00000000,-0.04075418
14.34667002,0.44768086,0.32403421,0.00000000,0.00000000
14.36000336,0.44768086,0.36448079,0.08135457,0.04075418
14.37333669,0.40692666,0.32403421,0.20346333,0.12257013
14.38667003,0.40692666,0.32403421,0.28481790,0.20438607
14.40000337,0.36632627,0.32403421,0.44768086,0.28620201
14.41333670,0.32557210,0.28343379,0.52903545,0.32710999
14.42667004,0.12210876,0.12149360,0.56978959,0.32710999
14.44000338,0.04060039,0.00000000,0.61039001,0.32710999
14.45333671,0.04060039,-0.04044661,0.65114421,0.32710999
14.46667005,0.16270915,0.04044661,0.65114421,0.28620201
14.48000338,0.28481790,0.08089321,0.61039001,0.28620201
14.49333672,0.36632627,0.20254061,0.56978959,0.24529405
14.50667006,0.40692666,0.20254061,0.44768086,0.20438607
14.52000339,0.40692666,0.28343379,0.36617249,0.16347811
14.53333673,0.44768086,0.28343379,0.04060039,-0.04075418
14.54667007,0.44768086,0.32403421,0.00000000,-0.04075418
14.56000340,0.48843503,0.32403421,0.08135457,0.04075418
14.57333674,0.40692666,0.36448079,0.20346333,0.12257013
14.58667008,0.36632627,0.32403421,0.32557210,0.20438607
14.60000341,0.36632627,0.32403421,0.40692666,0.28620201
14.61333675,0.28481790,0.28343379,0.52903545,0.28620201
14.62667009,0.16270915,0.00000000,0.56978959,0.32710999
14.64000342,0.00000000,-0.04044661,0.61039001,0.32710999
14.65333676,0.04060039,0.00000000,0.65114421,0.32710999
14.66667010,0.16270915,0.04044661,0.61039001,0.28620201
14.68000343,0.24421751,0.08089321,0.61039001,0.28620201
14.69333677,0.36632627,0.20254061,0.52903545,0.20438607
14.70667010,0.40692666,0.24298720,0.44768086,0.20438607
14.72000344,0.40692666,0.28343379,0.36617249,0.16347811
14.73333678,0.44768086,0.32403421,0.00000000,-0.04075418
14.74667011,0.44768086,0.32403421,0.00000000,-0.04075418
14.76000345,0.44768086,0.32403421,0.08135457,0.04075418
14.77333679,0.44768086,0.32403421,0.20346333,0.16347811
14.78667012,0.36632627,0.32403421,0.32557210,0.20438607
14.80000346,0.36632627,0.32403421,0.44768086,0.24529405
14.81333680,0.32557210,0.28343379,0.48828125,0.32710999
14.82667013,0.00000000,-0.04044661,0.56978959,0.32710999
14.84000347,0.00000000,-0.04044661,0.61039001,0.32710999
14.85333681,0.04060039,-0.04044661,0.61039001,0.32710999
14.86667014,0.16270915,0.04044661,0.65114421,0.32710999
14.88000348,0.28481790,0.12149360,0.56978959,0.28620201
14.89333681,0.32557210,0.20254061,0.52903545,0.24529405
14.90667015,0.40692666,0.24298720,0.48828125,0.20438607
14.92000349,0.40692666,0.28343379,0.36617249,0.16347811
14.93333682,0.44768086,0.32403421,0.00000000,-0.04075418
14.94667016,0.48843503,0.32403421,-0.04060039,-0.04075418
14.96000350,0.44768086,0.36448079,0.04060039,0.04075418
14.97333683,0.40692666,0.36448079,0.20346333,0.16347811
14.98667017,0.36632627,0.32403421,0.32557210,0.24529405
15.00000351,0.36632627,0.32403421,0.40692666,0.24529405
15.01333684,0.28481790,0.28343379,0.52903545,0.32710999
15.02667018,0.00000000,-0.04044661,0.61039001,0.32710999
15.04000352,0.00000000,-0.04044661,0.61039001,0.32710999
15.05333685,0.04060039,-0.04044661,0.65114421,0.32710999
15.06667019,0.16270915,0.04044661,0.61039001,0.32710999
15.08000353,0.24421751,0.08089321,0.61039001,0.28620201
15.09333686,0.36632627,0.16194020,0.52903545,0.24529405
15.10667020,0.40692666,0.24298720,0.44768086,0.20438607
15.12000353,0.40692666,0.28343379,0.36617249,0.16347811
15.13333687,0.44768086,0.28343379,0.00000000,-0.04075418
15.14667021,0.44768086,0.36448079,0.00000000,-0.04075418
15.16000354,0.44768086,0.32403421,0.08135457,0.08166216
15.17333688,0.40692666,0.32403421,0.24406374,0.16347811
15.18667022,0.40692666,0.32403421,0.28481790,0.20438607
15.20000355,0.32557210,0.32403421,0.44768086,0.28620201
15.21333689,0.32557210,0.28343379,0.48828125,0.28620201
15.22667023,0.00000000,-0.04044661,0.56978959,0.32710999
15.24000356,0.00000000,-0.04044661,0.61039001,0.32710999
15.25333690,0.04060039,-0.04044661,0.65114421,0.32710999
15.26667024,0.16270915,0.00000000,0.61039001,0.28620201
15.28000357,0.28481790,0.08089321,0.61039001,0.28620201
15.29333691,0.32557210,0.16194020,0.52903545,0.24529405
15.30667024,0.40692666,0.24298720,0.48828125,0.24529405
15.32000358,0.36632627,0.24298720,0.32557210,0.12257013
15.33333692,0.44768086,0.28343379,0.00000000,-0.04075418
15.34667025,0.44768086,0.36448079,-0.04060039,0.00000000
15.36000359,0.44768086,0.32403421,0.08135457,0.04075418
15.37333693,0.44768086,0.32403421,0.20346333,0.12257013
15.38667026,0.40692666,0.32403421,0.32557210,0.20438607
15.40000360,0.32557210,0.32403421,0.44768086,0.28620201
15.41333694,0.28481790,0.28343379,0.52903545,0.28620201
15.42667027,0.00000000,0.16194020,0.56978959,0.32710999
15.44000361,0.04060039,-0.04044661,0.61039001,0.32710999
15.45333695,0.08135457,-0.04044661,0.65114421,0.28620201
15.46667028,0.16270915,0.00000000,0.61039001,0.28620201
15.48000362,0.24421751,0.08089321,0.56978959,0.28620201
15.49333696,0.36632627,0.16194020,0.52903545,0.20438607
15.50667029,0.40692666,0.20254061,0.44768086,0.20438607
15.52000363,0.40692666,0.28343379,0.32557210,0.16347811
15.53333696,0.48843503,0.32403421,0.00000000,-0.04075418
15.54667030,0.44768086,0.32403421,0.00000000,-0.04075418
15.56000364,0.44768086,0.36448079,0.08135457,0.04075418
15.57333697,0.44768086,0.36448079,0.20346333,0.12257013
15.58667031,0.40692666,0.32403421,0.32557210,0.20438607
15.60000365,0.36632627,0.32403421,0.44768086,0.32710999
15.61333698,0.28481790,0.28343379,0.52903545,0.32710999
15.62667032,0.00000000,0.12149360,0.56978959,0.32710999
15.64000366,0.00000000,-0.04044661,0.61039001,0.32710999
15.65333699,0.04060039,0.00000000,0.65114421,0.32710999
15.66667033,0.20346333,0.04044661,0.65114421,0.32710999
15.68000367,0.24421751,0.12149360,0.61039001,0.28620201
15.69333700,0.36632627,0.16194020,0.52903545,0.24529405
15.70667034,0.44768086,0.20254061,0.44768086,0.20438607
15.72000367,0.40692666,0.28343379,0.32557210,0.12257013
15.73333701,0.44768086,0.32403421,0.00000000,-0.04075418
15.74667035,0.44768086,0.36448079,0.00000000,-0.04075418
15.76000368,0.44768086,0.32403421,0.08135457,0.04075418
15.77333702,0.44768086,0.36448079,0.20346333,0.16347811
15.78667036,0.40692666,0.36448079,0.32557210,0.24529405
15.80000369,0.36632627,0.28343379,0.44768086,0.28620201
15.81333703,0.32557210,0.28343379,0.48828125,0.28620201
15.82667037,0.12210876,0.12149360,0.56978959,0.32710999
15.84000370,0.00000000,0.00000000,0.61039001,0.32710999
15.85333704,0.12210876,-0.04044661,0.65114421,0.32710999
15.86667038,0.20346333,0.04044661,0.61039001,0.28620201
15.88000371,0.24421751,0.12149360,0.61039001,0.28620201
15.89333705,0.36632627,0.16194020,0.48828125,0.24529405
15.90667039,0.40692666,0.24298720,0.44768086,0.20438607
15.92000372,0.40692666,0.28343379,0.32557210,0.16347811
15.93333706,0.44768086,0.28343379,-0.04060039,-0.08166216
15.94667039,0.44768086,0.32403421,-0.04060039,-0.04075418
15.96000373,0.40692666,0.36448079,0.08135457,0.00000000
15.97333707,0.40692666,0.32403421,0.20346333,0.12257013
15.98667040,0.40692666,0.36448079,0.32557210,0.20438607
16.00000374,0.36632627,0.32403421,0.44768086,0.28620201
16.01333708,0.32557210,0.28343379,0.52903545,0.28620201
16.02667041,0.12210876,0.16194020,0.56978959,0.28620201
16.04000375,0.00000000,-0.04044661,0.61039001,0.32710999
16.05333709,0.08135457,-0.04044661,0.65114421,0.32710999
16.06667042,0.16270915,0.04044661,0.65114421,0.28620201
16.08000376,0.28481790,0.08089321,0.61039001,0.24529405
16.09333710,0.36632627,0.16194020,0.52903545,0.20438607
16.10667043,0.40692666,0.24298720,0.44768086,0.20438607
16.12000377,0.40692666,0.24298720,0.32557210,0.16347811
16.13333710,0.44768086,0.36448079,0.00000000,-0.04075418
16.14667044,0.44768086,0.36448079,-0.04060039,-0.04075418
16.16000378,0.44768086,0.32403421,0.08135457,0.04075418
16.17333711,0.40692666,0.36448079,0.24406374,0.12257013
16.18667045,0.36632627,0.32403421,0.32557210,0.20438607
16.20000379,0.36632627,0.28343379,0.44768086,0.28620201
16.21333712,0.32557210,0.28343379,0.48828125,0.28620201
16.22667046,0.12210876,0.12149360,0.61039001,0.32710999
16.24000380,0.00000000,-0.04044661,0.61039001,0.32710999
16.25333713,0.08135457,0.00000000,0.65114421,0.32710999
16.26667047,0.16270915,0.04044661,0.61039001,0.28620201
16.28000381,0.28481790,0.12149360,0.61039001,0.28620201
16.29333714,0.36632627,0.20254061,0.52903545,0.24529405
16.30667048,0.40692666,0.20254061,0.44768086,0.20438607
16.32000381,0.40692666,0.24298720,0.36617249,0.16347811
16.33333715,0.48843503,0.28343379,0.00000000,-0.04075418
16.34667049,0.44768086,0.32403421,0.00000000,-0.04075418
16.36000382,0.40692666,0.36448079,0.08135457,0.04075418
16.37333716,0.40692666,0.32403421,0.24406374,0.16347811
16.38667050,0.40692666,0.32403421,0.36617249,0.16347811
16.40000383,0.32557210,0.28343379,0.44768086,0.28620201
16.41333717,0.28481790,0.32403421,0.52903545,0.32710999
16.42667051,0.00000000,-0.04044661,0.56978959,0.36801797
16.44000384,0.04060039,0.00000000,0.61039001,0.36801797
16.45333718,0.04060039,0.00000000,0.61039001,0.32710999
16.46667052,0.20346333,0.04044661,0.65114421,0.28620201
16.48000385,0.24421751,0.08089321,0.56978959,0.24529405
16.49333719,0.32557210,0.16194020,0.52903545,0.24529405
16.50667053,0.40692666,0.24298720,0.44768086,0.20438607
16.52000386,0.44768086,0.24298720,0.32557210,0.16347811
16.53333720,0.40692666,0.32403421,0.00000000,-0.04075418
16.54667053,0.44768086,0.32403421,-0.04060039,-0.04075418
16.56000387,0.44768086,0.36448079,0.08135457,0.04075418
16.57333721,0.40692666,0.36448079,0.24406374,0.12257013
16.58667054,0.40692666,0.32403421,0.32557210,0.20438607
16.60000388,0.32557210,0.28343379,0.44768086,0.24529405
16.61333722,0.28481790,0.28343379,0.52903545,0.28620201
16.62667055,0.00000000,-0.04044661,0.61039001,0.32710999
16.64000389,0.00000000,-0.04044661,0.61039001,0.32710999
16.65333723,0.04060039,-0.04044661,0.65114421,0.32710999
16.66667056,0.20346333,0.04044661,0.61039001,0.28620201
16.68000390,0.28481790,0.08089321,0.61039001,0.24529405
16.69333724,0.36632627,0.16194020,0.48828125,0.24529405
16.70667057,0.40692666,0.24298720,0.44768086,0.20438607
16.72000391,0.40692666,0.28343379,0.36617249,0.16347811
16.73333724,0.44768086,0.32403421,0.00000000,0.00000000
16.74667058,0.44768086,0.32403421,-0.04060039,-0.04075418
16.76000392,0.44768086,0.32403421,0.08135457,0.04075418
16.77333725,0.40692666,0.36448079,0.24406374,0.16347811
16.78667059,0.40692666,0.32403421,0.32557210,0.24529405
16.80000393,0.32557210,0.32403421,0.44768086,0.28620201
16.81333726,0.28481790,0.28343379,0.52903545,0.28620201
16.82667060,0.00000000,-0.04044661,0.56978959,0.32710999
16.84000394,0.00000000,-0.04044661,0.65114421,0.28620201
16.85333727,0.08135457,-0.04044661,0.65114421,0.28620201
16.86667061,0.16270915,0.04044661,0.61039001,0.28620201
16.88000395,0.28481790,0.12149360,0.56978959,0.24529405
16.89333728,0.28481790,0.16194020,0.52903545,0.24529405
16.90667062,0.40692666,0.24298720,0.44768086,0.20438607
16.92000396,0.44768086,0.28343379,0.32557210,0.16347811
16.93333729,0.44768086,0.32403421,0.00000000,-0.04075418
16.94667063,0.44768086,0.36448079,0.00000000,-0.04075418
16.96000396,0.44768086,0.32403421,0.12195497,0.04075418
16.97333730,0.44768086,0.32403421,0.24406374,0.12257013
16.98667064,0.40692666,0.28343379,0.32557210,0.20438607
17.00000397,0.28481790,0.28343379,0.44768086,0.24529405
17.01333731,0.28481790,0.24298720,0.44768086,0.28620201
17.02667065,0.00000000,-0.04044661,0.56978959,0.32710999
17.04000398,0.00000000,-0.04044661,0.56978959,0.24529405
17.05333732,0.08135457,-0.04044661,0.52903545,0.24529405
