t,state,f_hz,x_mm,y_mm,z_mm,mag,az,armed,spin,lost,i_a,i_b,i_c,i_d
1.4905,,0.0,-3.100,0.125,145.396,,,0,,0,0.0,0.0,0.0,0.0
1.5427,,0.0,-3.178,0.140,145.408,,,0,,0,0.0,0.0,0.0,0.0
1.5923,,0.0,-3.287,0.137,145.477,,,0,,0,0.0,0.0,0.0,0.0
1.7155,,0.0,-3.144,0.131,145.404,,,0,,0,0.0,0.0,0.0,0.0
1.7638,,0.0,-3.064,-0.035,145.397,,,0,,0,0.0,0.0,0.0,0.0
1.8074,,0.0,-3.282,-0.105,145.519,,,0,,0,0.0,0.0,0.0,0.0
1.8503,,0.0,-3.305,0.135,145.506,,,0,,0,0.0,0.0,0.0,0.0
1.8981,,0.0,-3.190,0.119,145.366,,,0,,0,0.0,0.0,0.0,0.0
1.9449,,0.0,-3.212,0.128,145.479,,,0,,0,0.0,0.0,0.0,0.0
1.9896,,0.0,-3.281,-0.007,145.501,,,0,,0,0.0,0.0,0.0,0.0
2.0336,,0.0,-3.302,0.016,145.517,,,0,,0,0.0,0.0,0.0,0.0
2.0738,,0.0,-3.283,0.123,145.546,,,0,,0,0.0,0.0,0.0,0.0
2.1298,,0.0,-0.053,0.003,0.031,,,0,,0,0.0,0.0,0.0,0.0
2.1762,,0.0,-0.062,0.203,-0.055,,,0,,0,0.0,0.0,0.0,0.0
2.2268,,0.0,-0.016,-0.034,0.107,,,0,,0,0.0,0.0,0.0,0.0
2.2704,0,0.0,-0.009,-0.035,0.114,,,0,,0,0.0,0.0,0.0,0.0
2.3093,1,2.0,-0.029,0.069,-0.088,,,0,stopped,0,0.0,0.0,0.0,0.0
2.3558,1,2.0,-0.077,-0.075,-0.008,,,0,stopped,0,0.0,0.05,0.03,0.0
2.4004,1,2.0,-0.093,0.359,-0.031,,,0,stopped,0,0.0,0.05,0.03,0.0
2.4481,1,2.0,-0.058,0.033,-0.066,,,0,stopped,0,0.0,0.05,0.03,0.0
2.5061,1,2.0,-0.123,-0.045,0.055,,,0,stopped,0,0.0,0.05,0.03,0.0
2.5530,1,2.0,0.059,-0.004,-0.002,,,0,stopped,0,0.0,0.05,0.03,0.0
2.6009,1,2.0,0.109,-0.044,0.255,,,0,stopped,0,0.0,0.05,0.03,0.0
2.6449,1,2.0,-0.007,-0.052,-0.116,,,0,stopped,0,0.0,0.05,0.03,0.0
2.6850,1,2.0,0.065,-0.056,-0.112,,,0,stopped,0,0.0,0.05,0.03,0.0
2.7298,1,2.0,0.090,-0.084,-0.209,,,0,turning,0,0.0,0.05,0.03,0.0
2.7800,1,2.0,0.021,0.020,0.082,,,0,turning,0,0.0,0.05,0.03,0.0
2.8159,1,2.0,0.137,-0.081,-0.028,,,0,turning,0,0.0,0.05,0.03,0.0
2.8630,1,2.1,0.080,-0.129,0.065,,,0,turning,0,0.01,0.01,0.09,0.09
2.9147,1,2.1,0.065,-0.009,0.005,,,0,turning,0,0.01,0.01,0.09,0.09
2.9578,1,2.1,0.000,-0.013,-0.084,,,0,turning,0,0.01,0.01,0.09,0.09
3.0007,1,2.1,-0.008,-0.028,-0.110,,,0,turning,0,0.01,0.01,0.09,0.09
3.0417,1,2.1,0.082,-0.076,-0.141,,,0,turning,0,0.01,0.01,0.09,0.09
3.0860,1,2.1,0.147,-0.088,0.084,,,0,turning,0,0.01,0.01,0.09,0.09
3.1328,1,2.1,0.206,-0.057,0.098,,,0,turning,0,0.01,0.01,0.09,0.09
3.1878,1,2.1,0.138,-0.076,0.156,,,0,turning,0,0.01,0.01,0.09,0.09
3.2372,1,2.1,0.001,0.099,0.118,,,0,turning,0,0.01,0.01,0.09,0.09
3.2820,1,2.1,0.038,0.013,-0.121,,,0,turning,0,0.01,0.01,0.09,0.09
3.3197,1,2.1,-0.043,-0.008,0.011,,,0,turning,0,0.01,0.01,0.09,0.09
3.3694,1,2.7,-0.077,0.020,-0.025,,,0,turning,0,0.17,0.18,0.03,0.02
3.4148,1,2.7,0.182,-0.014,0.053,,,0,turning,0,0.17,0.18,0.03,0.02
3.4684,1,2.7,-0.022,-0.071,0.020,,,0,turning,0,0.17,0.18,0.03,0.02
3.5064,1,2.7,-0.074,-0.119,0.027,,,0,turning,0,0.17,0.18,0.03,0.02
3.5535,1,2.7,0.105,0.098,-0.166,,,0,turning,0,0.17,0.18,0.03,0.02
3.6068,1,2.7,0.116,-0.128,-0.009,,,0,turning,0,0.17,0.18,0.03,0.02
3.6632,1,2.7,0.111,0.147,-0.055,,,0,turning,0,0.17,0.18,0.03,0.02
3.7229,1,2.7,0.018,0.014,0.034,,,0,turning,0,0.17,0.18,0.03,0.02
3.7900,1,2.7,-0.057,-0.110,-0.042,,,0,turning,0,0.17,0.18,0.03,0.02
3.8449,1,3.7,0.125,-0.011,0.052,,,0,turning,0,0.14,0.17,0.03,0.03
3.8942,1,3.7,0.111,0.360,0.127,,,0,turning,0,0.14,0.17,0.03,0.03
3.9448,1,3.7,0.058,0.041,0.036,,,0,turning,0,0.14,0.17,0.03,0.03
3.9912,1,3.7,0.011,0.022,-0.129,,,0,turning,0,0.14,0.17,0.03,0.03
4.0355,1,3.7,0.081,-0.079,0.126,,,0,turning,0,0.14,0.17,0.03,0.03
4.0816,1,3.7,-0.041,-0.153,-0.040,,,0,turning,0,0.14,0.17,0.03,0.03
4.1197,1,3.7,0.085,-0.045,-0.098,,,0,turning,0,0.14,0.17,0.03,0.03
4.1756,1,3.7,0.056,0.121,-0.023,,,0,turning,0,0.14,0.17,0.03,0.03
4.2130,1,3.7,0.025,0.051,-0.091,,,0,turning,0,0.14,0.17,0.03,0.03
4.2583,1,3.7,0.091,-0.067,-0.157,,,0,turning,0,0.14,0.17,0.03,0.03
4.3088,1,3.7,0.220,-0.091,0.170,,,0,turning,0,0.14,0.17,0.03,0.03
4.3576,1,5.1,-0.015,0.063,-0.013,,,0,turning,0,0.09,0.1,0.25,0.25
4.4048,1,5.1,0.021,-0.087,0.102,,,0,turning,0,0.09,0.1,0.25,0.25
4.4500,1,5.1,0.009,-0.125,0.036,,,0,turning,0,0.09,0.1,0.25,0.25
4.5048,1,5.1,0.024,-0.050,0.001,,,0,turning,0,0.09,0.1,0.25,0.25
4.5425,1,5.1,0.052,0.035,-0.082,,,0,turning,0,0.09,0.1,0.25,0.25
4.5889,1,5.1,-0.096,0.354,0.043,,,0,turning,0,0.09,0.1,0.25,0.25
4.6269,1,5.1,0.026,-0.068,0.020,,,0,turning,0,0.09,0.1,0.25,0.25
4.6740,1,5.1,0.116,-0.121,0.037,,,0,turning,0,0.09,0.1,0.25,0.25
4.7175,1,5.1,0.120,0.071,-0.218,,,0,turning,0,0.09,0.1,0.25,0.25
4.7626,1,5.1,-0.081,0.147,0.002,,,0,turning,0,0.09,0.1,0.25,0.25
4.8052,1,5.1,0.306,-0.067,-0.037,,,0,turning,0,0.09,0.1,0.25,0.25
4.8545,1,6.5,0.194,0.003,-0.132,,,0,turning,0,0.16,0.18,0.38,0.37
4.8969,1,6.5,0.053,0.091,-0.190,,,0,turning,0,0.16,0.18,0.38,0.37
4.9339,1,6.5,-0.050,-0.029,-0.086,,,0,turning,0,0.16,0.18,0.38,0.37
4.9777,1,6.5,-0.053,-0.110,-0.008,,,0,turning,0,0.16,0.18,0.38,0.37
5.0160,1,6.5,-0.012,-0.050,-0.004,,,0,turning,0,0.16,0.18,0.38,0.37
5.0517,1,6.5,0.023,0.020,-0.136,,,0,turning,0,0.16,0.18,0.38,0.37
5.1012,1,6.5,-0.016,-0.112,-0.011,,,0,turning,0,0.16,0.18,0.38,0.37
5.1478,1,6.5,0.059,0.014,-0.073,,,0,turning,0,0.16,0.18,0.38,0.37
5.1933,1,6.5,0.074,0.008,-0.138,,,0,turning,0,0.16,0.18,0.38,0.37
5.2343,1,6.5,-0.017,-0.122,0.047,,,0,turning,0,0.16,0.18,0.38,0.37
5.2951,1,6.5,0.048,-0.038,-0.035,,,0,turning,0,0.16,0.18,0.38,0.37
5.3421,1,7.5,0.242,0.069,0.032,,,0,turning,0,0.2,0.2,0.43,0.39
5.3857,1,7.5,0.227,-0.047,-0.005,,,0,turning,0,0.2,0.2,0.43,0.39
5.4228,1,7.5,0.065,-0.006,-0.076,,,0,turning,0,0.2,0.2,0.43,0.39
5.4935,1,7.5,-0.020,-0.020,0.008,,,0,turning,0,0.2,0.2,0.43,0.39
5.5365,1,7.5,0.167,-0.027,-0.140,,,0,turning,0,0.2,0.2,0.43,0.39
5.5810,1,7.5,0.030,0.039,0.042,,,0,turning,0,0.2,0.2,0.43,0.39
5.6268,1,7.5,-0.098,0.003,-0.032,,,0,turning,0,0.2,0.2,0.43,0.39
5.6636,1,7.5,0.106,-0.078,-0.102,,,0,turning,0,0.2,0.2,0.43,0.39
5.7057,1,7.5,0.103,-0.029,0.031,,,0,turning,0,0.2,0.2,0.43,0.39
5.7485,1,7.5,-0.031,-0.014,-0.005,,,0,turning,0,0.2,0.2,0.43,0.39
5.7919,1,7.5,0.355,-0.049,0.009,,,0,turning,0,0.2,0.2,0.43,0.39
5.8370,1,7.9,0.106,0.051,0.154,,,0,turning,0,0.3,0.3,0.17,0.16
5.8797,1,7.9,0.064,0.013,0.036,,,0,turning,0,0.3,0.3,0.17,0.16
5.9327,1,7.9,0.004,-0.114,0.016,,,0,turning,0,0.3,0.3,0.17,0.16
5.9766,1,7.9,-0.060,-0.015,0.001,,,0,turning,0,0.3,0.3,0.17,0.16
6.0217,1,7.9,0.164,-0.008,0.051,,,0,turning,0,0.3,0.3,0.17,0.16
6.0678,1,7.9,0.028,-0.016,0.007,,,0,turning,0,0.3,0.3,0.17,0.16
6.1052,1,7.9,-0.019,0.002,-0.010,,,0,turning,0,0.3,0.3,0.17,0.16
6.1661,1,7.9,-0.041,0.094,0.090,,,0,turning,0,0.3,0.3,0.17,0.16
6.2087,1,7.9,0.086,0.074,-0.192,,,0,turning,0,0.3,0.3,0.17,0.16
6.2522,1,7.9,-0.041,-0.085,-0.031,,,0,turning,0,0.3,0.3,0.17,0.16
6.2892,1,7.9,0.065,-0.089,-0.141,,,0,turning,0,0.3,0.3,0.17,0.16
6.3316,1,8.0,0.095,-0.085,0.044,,,0,turning,0,0.33,0.36,0.18,0.17
6.3805,1,8.0,-0.060,0.007,0.025,,,0,turning,0,0.33,0.36,0.18,0.17
6.4207,1,8.0,0.020,-0.117,0.057,,,0,turning,0,0.33,0.36,0.18,0.17
6.4755,1,8.0,-0.026,0.050,0.032,,,0,turning,0,0.33,0.36,0.18,0.17
6.5290,1,8.0,-0.125,-0.082,0.005,,,0,turning,0,0.33,0.36,0.18,0.17
6.5689,1,8.0,0.034,0.008,-0.004,,,0,turning,0,0.33,0.36,0.18,0.17
6.6109,1,8.0,0.033,-0.042,0.076,,,0,turning,0,0.33,0.36,0.18,0.17
6.6650,1,8.0,-0.049,-0.162,0.011,,,0,turning,0,0.33,0.36,0.18,0.17
6.7013,1,8.0,0.042,-0.007,-0.040,,,0,turning,0,0.33,0.36,0.18,0.17
6.7454,1,8.0,-0.050,0.003,0.013,,,0,turning,0,0.33,0.36,0.18,0.17
6.7882,1,8.0,0.067,-0.057,-0.018,,,0,turning,0,0.33,0.36,0.18,0.17
6.8369,1,9.0,-0.003,0.075,-0.010,,,0,turning,0,0.23,0.24,0.42,0.4
6.8931,1,9.0,-0.077,0.128,-0.000,,,0,turning,0,0.23,0.24,0.42,0.4
6.9399,1,9.0,0.150,0.012,0.198,,,0,turning,0,0.23,0.24,0.42,0.4
6.9838,1,9.0,0.023,-0.020,0.065,,,0,turning,0,0.23,0.24,0.42,0.4
7.0280,1,9.0,0.113,0.020,-0.140,,,0,turning,0,0.23,0.24,0.42,0.4
7.0725,1,9.0,0.144,0.070,-0.067,,,0,turning,0,0.23,0.24,0.42,0.4
7.1063,1,9.0,0.124,0.012,-0.138,,,0,turning,0,0.23,0.24,0.42,0.4
7.1643,1,9.0,0.036,0.063,0.058,,,0,turning,0,0.23,0.24,0.42,0.4
7.2211,1,9.0,0.124,-0.053,0.054,,,0,turning,0,0.23,0.24,0.42,0.4
7.2738,1,9.0,-0.096,-0.003,0.033,,,0,turning,0,0.23,0.24,0.42,0.4
7.3159,1,9.0,0.156,0.095,-0.068,,,0,turning,0,0.23,0.24,0.42,0.4
7.3612,1,12.3,-0.011,-0.096,0.042,,,0,turning,0,0.25,0.24,0.37,0.36
7.4041,1,12.3,0.199,-0.029,0.175,,,0,turning,0,0.25,0.24,0.37,0.36
7.4574,1,12.3,0.097,-0.224,0.110,,,0,turning,0,0.25,0.24,0.37,0.36
7.5021,1,12.3,0.057,-0.022,0.123,,,0,turning,0,0.25,0.24,0.37,0.36
7.5468,1,12.3,0.157,0.023,-0.109,,,0,turning,0,0.25,0.24,0.37,0.36
7.5924,1,12.3,-0.088,0.132,0.013,,,0,turning,0,0.25,0.24,0.37,0.36
7.6383,1,12.3,-0.081,0.016,-0.027,,,0,turning,0,0.25,0.24,0.37,0.36
7.6840,1,12.3,0.112,0.013,-0.101,,,0,turning,0,0.25,0.24,0.37,0.36
7.7289,1,12.3,0.014,-0.051,-0.008,,,0,turning,0,0.25,0.24,0.37,0.36
7.7717,1,12.3,0.034,0.002,0.061,,,0,turning,0,0.25,0.24,0.37,0.36
7.8172,1,12.3,0.160,0.018,-0.134,,,0,turning,0,0.25,0.24,0.37,0.36
7.8668,1,18.6,0.142,0.078,0.086,,,0,turning,0,0.63,0.75,0.55,0.52
7.9104,1,18.6,0.114,0.004,-0.121,,,0,turning,0,0.63,0.75,0.55,0.52
7.9553,1,18.6,0.101,-0.047,-0.164,,,0,turning,0,0.63,0.75,0.55,0.52
7.9961,1,18.6,0.022,-0.150,0.155,,,0,turning,0,0.63,0.75,0.55,0.52
8.0456,1,18.6,-0.036,0.032,-0.036,,,0,turning,0,0.63,0.75,0.55,0.52
8.0894,1,18.6,-0.089,0.037,0.030,,,0,turning,0,0.63,0.75,0.55,0.52
8.1345,1,18.6,0.023,-0.013,-0.090,,,0,turning,0,0.63,0.75,0.55,0.52
8.1702,1,18.6,0.103,-0.008,-0.193,,,0,turning,0,0.63,0.75,0.55,0.52
8.2245,1,18.6,0.134,-0.013,0.242,,,0,turning,0,0.63,0.75,0.55,0.52
8.2701,1,18.6,0.105,-0.046,-0.140,,,0,turning,0,0.63,0.75,0.55,0.52
8.3128,1,18.6,0.263,0.027,-0.024,,,0,turning,0,0.63,0.75,0.55,0.52
8.3514,1,28.8,0.138,0.082,-0.217,,,0,turning,0,0.92,0.98,0.82,0.78
8.3930,1,28.8,0.001,0.055,-0.075,,,0,turning,0,0.92,0.98,0.82,0.78
8.4335,1,28.8,-0.141,0.062,0.110,,,0,turning,0,0.92,0.98,0.82,0.78
8.4780,1,28.8,0.041,0.050,0.098,,,0,turning,0,0.92,0.98,0.82,0.78
8.5229,1,28.8,0.313,0.032,0.035,,,0,turning,0,0.92,0.98,0.82,0.78
8.5584,1,28.8,0.006,0.008,-0.081,,,0,turning,0,0.92,0.98,0.82,0.78
8.6053,1,28.8,-0.002,0.376,-0.068,,,0,turning,0,0.92,0.98,0.82,0.78
8.6476,1,28.8,-0.067,0.168,0.066,,,0,turning,0,0.92,0.98,0.82,0.78
8.6917,1,28.8,-0.007,-0.048,0.010,,,0,turning,0,0.92,0.98,0.82,0.78
8.7350,1,28.8,0.103,0.006,-0.118,,,0,turning,0,0.92,0.98,0.82,0.78
8.7824,1,28.8,-0.064,-0.025,0.069,,,0,turning,0,0.92,0.98,0.82,0.78
8.8325,1,43.1,-0.037,-0.008,0.047,,,0,turning,0,1.19,1.31,1.39,1.45
8.8763,1,43.1,0.156,0.049,0.034,,,0,turning,0,1.19,1.31,1.39,1.45
8.9111,1,43.1,0.077,0.035,-0.131,,,0,turning,0,1.19,1.31,1.39,1.45
8.9672,1,43.1,-0.055,-0.079,0.133,,,0,turning,0,1.19,1.31,1.39,1.45
9.0107,1,43.1,0.173,0.077,0.067,,,0,turning,0,1.19,1.31,1.39,1.45
9.0567,1,43.1,-0.065,0.044,0.059,,,0,turning,0,1.19,1.31,1.39,1.45
9.0953,1,43.1,-0.052,0.118,0.092,,,0,turning,0,1.19,1.31,1.39,1.45
9.1442,1,43.1,-0.028,0.037,0.111,,,0,turning,0,1.19,1.31,1.39,1.45
9.1915,1,43.1,-0.068,0.196,0.103,,,0,turning,0,1.19,1.31,1.39,1.45
9.2346,1,43.1,0.060,0.015,-0.039,,,0,turning,0,1.19,1.31,1.39,1.45
9.2828,1,43.1,-0.020,-0.032,0.009,,,0,turning,0,1.19,1.31,1.39,1.45
9.3422,1,61.0,0.022,0.211,0.042,,,0,turning,0,1.63,1.78,1.54,1.55
9.3844,1,61.0,-0.009,-0.060,0.118,,,0,turning,0,1.63,1.78,1.54,1.55
9.4304,1,61.0,0.051,-0.054,0.108,,,0,turning,0,1.63,1.78,1.54,1.55
9.4850,1,61.0,0.022,0.009,0.035,,,0,turning,0,1.63,1.78,1.54,1.55
9.5374,1,61.0,-0.068,0.051,0.090,,,0,turning,0,1.63,1.78,1.54,1.55
9.5851,1,61.0,0.060,-0.183,0.060,,,0,turning,0,1.63,1.78,1.54,1.55
9.6277,1,61.0,0.200,0.015,0.020,,,0,turning,0,1.63,1.78,1.54,1.55
9.6917,1,61.0,0.115,-0.072,0.261,,,0,turning,0,1.63,1.78,1.54,1.55
9.7416,1,61.0,0.009,-0.069,0.035,,,0,turning,0,1.63,1.78,1.54,1.55
9.7867,1,61.0,0.058,-0.001,0.177,,,0,turning,0,1.63,1.78,1.54,1.55
9.8318,1,81.0,0.032,0.026,0.215,,,0,turning,0,2.65,2.32,2.59,2.42
9.8822,1,81.0,-0.009,-0.028,0.140,,,0,turning,0,2.65,2.32,2.59,2.42
9.9298,1,81.0,-0.008,0.080,0.139,,,0,turning,0,2.65,2.32,2.59,2.42
9.9790,1,81.0,0.061,0.155,0.230,,,0,turning,0,2.65,2.32,2.59,2.42
10.0534,1,81.0,0.038,0.212,0.275,,,0,turning,0,2.65,2.32,2.59,2.42
10.0952,1,81.0,-0.023,-0.056,0.112,,,0,turning,0,2.65,2.32,2.59,2.42
10.1408,1,81.0,0.023,-0.003,0.168,,,0,turning,0,2.65,2.32,2.59,2.42
10.1964,1,81.0,0.046,-0.021,0.292,,,0,turning,0,2.65,2.32,2.59,2.42
10.2477,1,81.0,0.045,0.032,0.131,,,0,turning,0,2.65,2.32,2.59,2.42
10.2820,1,81.0,0.107,-0.009,-0.020,,,0,turning,0,2.65,2.32,2.59,2.42
10.3409,1,100.8,0.020,0.054,0.138,,,0,turning,0,4.28,3.61,4.09,3.9
10.3813,1,100.8,0.017,0.381,0.153,,,0,turning,0,4.28,3.61,4.09,3.9
10.4283,1,100.8,-0.021,-0.002,0.207,,,0,turning,0,4.28,3.61,4.09,3.9
10.4765,1,100.8,0.074,0.009,0.290,,,0,turning,0,4.28,3.61,4.09,3.9
10.5245,1,100.8,0.140,-0.046,0.397,,,0,turning,0,4.28,3.61,4.09,3.9
10.5798,1,100.8,0.056,0.142,0.311,,,0,turning,0,4.28,3.61,4.09,3.9
10.6163,1,100.8,0.083,0.049,0.097,,,0,turning,0,4.28,3.61,4.09,3.9
10.6649,1,100.8,0.176,-0.035,0.530,,,0,turning,0,4.28,3.61,4.09,3.9
10.7040,1,100.8,-0.021,0.355,0.259,,,0,turning,0,4.28,3.61,4.09,3.9
10.7510,1,100.8,0.194,-0.045,0.357,,,0,turning,0,4.28,3.61,4.09,3.9
10.7932,1,100.8,0.053,-0.055,0.255,,,0,turning,0,4.28,3.61,4.09,3.9
10.8410,1,118.1,-0.036,0.095,0.322,,,0,turning,0,3.37,4.03,3.42,3.85
10.8843,1,118.1,0.020,0.026,0.239,,,0,turning,0,3.37,4.03,3.42,3.85
10.9394,1,118.1,-0.005,-0.005,0.247,,,0,turning,0,3.37,4.03,3.42,3.85
10.9991,1,118.1,0.084,0.012,0.362,,,0,turning,0,3.37,4.03,3.42,3.85
11.0455,1,118.1,0.132,-0.219,0.393,,,0,turning,0,3.37,4.03,3.42,3.85
11.0806,1,118.1,0.075,0.031,0.154,,,0,turning,0,3.37,4.03,3.42,3.85
11.1239,1,118.1,-0.035,0.081,0.363,,,0,turning,0,3.37,4.03,3.42,3.85
11.1599,1,118.1,0.062,-0.028,0.219,,,0,turning,0,3.37,4.03,3.42,3.85
11.1952,1,118.1,0.059,-0.224,0.350,,,0,turning,0,3.37,4.03,3.42,3.85
11.2290,1,118.1,0.074,0.003,0.308,,,0,turning,0,3.37,4.03,3.42,3.85
11.2725,1,118.1,0.195,0.051,0.259,,,0,turning,0,3.37,4.03,3.42,3.85
11.3142,1,118.1,0.067,-0.027,0.296,,,0,turning,0,3.37,4.03,3.42,3.85
11.3638,1,131.6,0.044,0.040,0.456,,,0,turning,0,3.23,3.89,3.64,3.7
11.4182,1,131.6,0.005,0.071,0.484,,,0,turning,0,3.23,3.89,3.64,3.7
11.4625,1,131.6,0.036,-0.015,0.429,,,0,turning,0,3.23,3.89,3.64,3.7
11.5054,1,131.6,0.021,-0.078,0.522,,,0,turning,0,3.23,3.89,3.64,3.7
11.5619,1,131.6,-0.006,0.011,0.567,,,0,turning,0,3.23,3.89,3.64,3.7
11.6100,1,131.6,0.079,0.160,0.481,,,0,turning,0,3.23,3.89,3.64,3.7
11.6596,1,131.6,0.086,0.050,0.678,,,0,turning,0,3.23,3.89,3.64,3.7
11.7013,1,131.6,0.028,-0.082,0.690,,,0,turning,0,3.23,3.89,3.64,3.7
11.7418,1,131.6,0.153,-0.035,0.866,,,0,turning,0,3.23,3.89,3.64,3.7
11.7908,1,131.6,0.120,-0.081,0.823,,,0,turning,0,3.23,3.89,3.64,3.7
11.8358,1,140.9,0.143,-0.229,0.814,,,0,turning,0,3.23,4.07,3.83,3.78
11.8856,1,140.9,0.030,0.036,0.681,,,0,turning,0,3.23,4.07,3.83,3.78
11.9259,1,140.9,0.153,0.069,0.542,,,0,turning,0,3.23,4.07,3.83,3.78
11.9655,1,140.9,0.171,0.008,0.680,,,0,turning,0,3.23,4.07,3.83,3.78
12.0030,1,140.9,0.141,-0.034,0.670,,,0,turning,0,3.23,4.07,3.83,3.78
12.0435,1,140.9,-0.011,-0.071,0.861,,,0,turning,0,3.23,4.07,3.83,3.78
12.0812,1,140.9,-0.046,-0.068,0.864,,,0,turning,0,3.23,4.07,3.83,3.78
12.1250,1,140.9,0.304,0.029,0.855,,,0,turning,0,3.23,4.07,3.83,3.78
12.1655,1,140.9,0.036,0.189,0.797,,,0,turning,0,3.23,4.07,3.83,3.78
12.2095,1,140.9,0.152,-0.046,1.271,,,0,turning,0,3.23,4.07,3.83,3.78
12.2468,1,140.9,0.082,0.030,0.720,,,0,turning,0,3.23,4.07,3.83,3.78
12.2931,1,140.9,-0.127,0.221,0.781,,,0,turning,0,3.23,4.07,3.83,3.78
12.3285,1,140.9,0.027,-0.021,0.853,,,0,turning,0,3.23,4.07,3.83,3.78
12.3767,1,146.6,-0.000,0.015,0.864,,,0,turning,0,3.23,4.1,4.09,3.76
12.4178,1,146.6,0.016,-0.027,0.983,,,0,turning,0,3.23,4.1,4.09,3.76
12.4584,1,146.6,0.075,-0.081,1.045,,,0,turning,0,3.23,4.1,4.09,3.76
12.5044,1,146.6,0.147,-0.017,0.991,,,0,turning,0,3.23,4.1,4.09,3.76
12.5499,1,146.6,-0.024,0.026,0.891,,,0,turning,0,3.23,4.1,4.09,3.76
12.5912,1,146.6,0.077,0.067,0.791,,,0,turning,0,3.23,4.1,4.09,3.76
12.6461,1,146.6,-0.014,0.043,0.967,,,0,turning,0,3.23,4.1,4.09,3.76
12.6865,1,146.6,0.203,-0.019,1.066,,,0,turning,0,3.23,4.1,4.09,3.76
12.7299,1,146.6,0.139,0.106,0.902,,,0,turning,0,3.23,4.1,4.09,3.76
12.7732,1,146.6,0.162,-0.019,0.960,,,0,turning,0,3.23,4.1,4.09,3.76
12.8160,1,146.6,0.053,0.118,1.245,,,0,turning,0,3.23,4.1,4.09,3.76
12.8541,1,149.3,0.164,0.007,1.090,,,0,turning,0,3.24,4.18,4.15,3.93
12.8998,1,149.3,0.249,-0.008,1.060,,,0,turning,0,3.24,4.18,4.15,3.93
12.9408,1,149.3,0.088,-0.047,0.936,,,0,turning,0,3.24,4.18,4.15,3.93
12.9740,1,149.3,0.012,0.020,1.025,,,0,turning,0,3.24,4.18,4.15,3.93
13.0386,1,149.3,-0.032,0.046,1.077,,,0,turning,0,3.24,4.18,4.15,3.93
13.0864,1,149.3,0.142,0.087,1.294,,,0,turning,0,3.24,4.18,4.15,3.93
13.1301,1,149.3,0.020,-0.025,1.090,,,0,turning,0,3.24,4.18,4.15,3.93
13.1792,1,149.3,0.109,-0.006,1.221,,,0,turning,0,3.24,4.18,4.15,3.93
13.2430,1,149.3,0.123,0.293,1.298,,,0,turning,0,3.24,4.18,4.15,3.93
13.2934,1,149.3,0.031,-0.017,1.224,,,0,turning,0,3.24,4.18,4.15,3.93
13.3367,1,150.0,0.065,0.051,1.182,,,0,turning,0,3.28,4.23,4.27,3.85
13.3852,1,150.0,0.118,0.053,1.288,,,0,turning,0,3.28,4.23,4.27,3.85
13.4253,1,150.0,0.066,0.013,1.154,,,0,turning,0,3.28,4.23,4.27,3.85
13.4671,1,150.0,0.336,0.042,1.407,,,0,turning,0,3.28,4.23,4.27,3.85
13.5104,1,150.0,-0.001,0.036,1.339,,,0,turning,0,3.28,4.23,4.27,3.85
13.5456,1,150.0,0.163,0.015,1.278,,,0,turning,0,3.28,4.23,4.27,3.85
13.5892,1,150.0,0.429,0.081,1.366,,,0,turning,0,3.28,4.23,4.27,3.85
13.6298,1,150.0,-0.098,0.015,1.332,,,0,turning,0,3.28,4.23,4.27,3.85
13.6710,1,150.0,-0.141,-0.109,1.419,,,0,turning,0,3.28,4.23,4.27,3.85
13.7216,1,150.0,-0.046,0.027,1.383,,,0,turning,0,3.28,4.23,4.27,3.85
13.7727,1,150.0,0.045,0.030,1.332,,,0,turning,0,3.28,4.23,4.27,3.85
13.8186,1,150.0,0.075,-0.026,1.329,,,0,turning,0,3.28,4.23,4.27,3.85
13.8660,1,150.5,0.146,-0.001,1.432,,,0,turning,0,3.28,4.2,4.28,3.87
13.9059,1,150.5,0.109,-0.047,1.447,,,0,turning,0,3.28,4.2,4.28,3.87
13.9562,1,150.5,0.141,0.031,1.491,,,0,turning,0,3.28,4.2,4.28,3.87
13.9973,1,150.5,0.143,0.096,1.432,,,0,turning,0,3.28,4.2,4.28,3.87
14.0414,1,150.5,0.248,0.015,1.439,,,0,turning,0,3.28,4.2,4.28,3.87
14.0908,1,150.5,0.087,0.001,1.370,,,0,turning,0,3.28,4.2,4.28,3.87
14.1350,1,150.5,0.079,0.067,1.257,,,0,turning,0,3.28,4.2,4.28,3.87
14.1724,1,150.5,0.074,-0.011,1.310,,,0,turning,0,3.28,4.2,4.28,3.87
14.2161,1,150.5,-0.087,-0.093,1.526,,,0,turning,0,3.28,4.2,4.28,3.87
14.2563,1,150.5,-0.015,0.060,1.261,,,0,turning,0,3.28,4.2,4.28,3.87
14.3013,1,150.5,-0.051,0.011,1.338,,,0,turning,0,3.28,4.2,4.28,3.87
14.3485,1,152.1,0.116,0.014,1.262,,,0,turning,0,3.24,4.2,4.34,3.86
14.3941,1,152.1,0.258,0.089,1.217,,,0,turning,0,3.24,4.2,4.34,3.86
14.4324,1,152.1,0.018,0.019,1.330,,,0,turning,0,3.24,4.2,4.34,3.86
14.4742,1,152.1,0.054,0.038,1.294,,,0,turning,0,3.24,4.2,4.34,3.86
14.5253,1,152.1,0.025,0.143,1.309,,,0,turning,0,3.24,4.2,4.34,3.86
14.5698,1,152.1,0.106,0.095,1.277,,,0,turning,0,3.24,4.2,4.34,3.86
14.6121,1,152.1,-0.072,-0.009,1.337,,,0,turning,0,3.24,4.2,4.34,3.86
14.6509,1,152.1,0.117,0.007,1.231,,,0,turning,0,3.24,4.2,4.34,3.86
14.6937,1,152.1,0.116,0.044,1.196,,,0,turning,0,3.24,4.2,4.34,3.86
14.7287,1,152.1,-0.009,0.041,1.223,,,0,turning,0,3.24,4.2,4.34,3.86
14.7834,1,152.1,0.079,0.056,1.492,,,0,turning,0,3.24,4.2,4.34,3.86
14.8348,1,155.2,0.024,0.008,1.303,,,0,turning,0,3.33,4.36,4.31,3.88
14.8803,1,155.2,0.078,0.026,1.173,,,0,turning,0,3.33,4.36,4.31,3.88
14.9207,1,155.2,0.178,0.020,1.213,,,0,turning,0,3.33,4.36,4.31,3.88
14.9638,1,155.2,0.337,0.079,1.373,,,0,turning,0,3.33,4.36,4.31,3.88
14.9981,1,155.2,0.196,0.022,1.220,,,0,turning,0,3.33,4.36,4.31,3.88
15.0387,1,155.2,0.154,0.091,1.211,,,0,turning,0,3.33,4.36,4.31,3.88
15.0888,1,155.2,0.033,0.202,1.410,,,0,turning,0,3.33,4.36,4.31,3.88
15.1310,1,155.2,0.231,0.070,1.282,,,0,turning,0,3.33,4.36,4.31,3.88
15.1744,1,155.2,0.108,-0.043,1.334,,,0,turning,0,3.33,4.36,4.31,3.88
15.2207,1,155.2,-0.047,0.041,1.291,,,0,turning,0,3.33,4.36,4.31,3.88
15.2678,1,155.2,-0.007,0.090,1.281,,,0,turning,0,3.33,4.36,4.31,3.88
15.3111,1,155.2,0.266,0.046,1.348,,,0,turning,0,3.33,4.36,4.31,3.88
15.3675,1,160.2,0.081,-0.015,1.386,,,0,turning,0,3.32,4.33,4.63,3.99
15.4092,1,160.2,0.171,0.043,1.205,,,0,turning,0,3.32,4.33,4.63,3.99
15.4579,1,160.2,0.202,-0.117,1.538,,,0,turning,0,3.32,4.33,4.63,3.99
15.4969,1,160.2,0.116,0.028,1.482,,,0,turning,0,3.32,4.33,4.63,3.99
15.5361,1,160.2,0.065,-0.020,1.280,,,0,turning,0,3.32,4.33,4.63,3.99
15.5985,1,160.2,-0.058,0.052,1.330,,,0,turning,0,3.32,4.33,4.63,3.99
15.6457,1,160.2,-0.008,0.093,1.258,,,0,turning,0,3.32,4.33,4.63,3.99
15.6834,1,160.2,-0.067,0.041,1.324,,,0,turning,0,3.32,4.33,4.63,3.99
15.7295,1,160.2,0.112,0.023,1.393,,,0,turning,0,3.32,4.33,4.63,3.99
15.7742,1,160.2,-0.006,-0.029,1.313,,,0,turning,0,3.32,4.33,4.63,3.99
15.8162,1,160.2,0.137,0.024,1.199,,,0,turning,0,3.32,4.33,4.63,3.99
15.8696,1,167.0,0.219,-0.008,1.416,,,0,turning,0,3.41,4.53,4.81,4.02
15.9119,1,167.0,0.044,0.024,1.273,,,0,turning,0,3.41,4.53,4.81,4.02
15.9587,1,167.0,0.120,0.032,1.254,,,0,turning,0,3.41,4.53,4.81,4.02
15.9971,1,167.0,0.054,0.006,1.281,,,0,turning,0,3.41,4.53,4.81,4.02
16.0406,1,167.0,0.159,0.026,1.279,,,0,turning,0,3.41,4.53,4.81,4.02
16.0832,1,167.0,0.162,-0.024,1.263,,,0,turning,0,3.41,4.53,4.81,4.02
16.1337,1,167.0,0.073,0.099,1.383,,,0,turning,0,3.41,4.53,4.81,4.02
16.1766,1,167.0,0.282,0.075,1.382,,,0,turning,0,3.41,4.53,4.81,4.02
16.2111,1,167.0,0.128,0.037,1.196,,,0,turning,0,3.41,4.53,4.81,4.02
16.2675,1,167.0,0.067,-0.015,1.335,,,0,turning,0,3.41,4.53,4.81,4.02
16.3533,1,174.8,0.103,-0.081,1.334,,,0,turning,0,3.36,4.7,4.71,4.11
16.3969,1,174.8,0.077,-0.089,1.461,,,0,turning,0,3.36,4.7,4.71,4.11
16.4436,1,174.8,0.026,0.042,1.300,,,0,turning,0,3.36,4.7,4.71,4.11
16.4900,1,174.8,0.018,0.020,1.327,,,0,turning,0,3.36,4.7,4.71,4.11
16.5360,1,174.8,0.277,-0.072,1.504,,,0,turning,0,3.36,4.7,4.71,4.11
16.5851,1,174.8,0.124,-0.125,1.353,,,0,turning,0,3.36,4.7,4.71,4.11
16.6314,1,174.8,0.077,0.005,1.351,,,0,turning,0,3.36,4.7,4.71,4.11
16.6767,1,174.8,0.115,0.063,1.151,,,0,turning,0,3.36,4.7,4.71,4.11
16.7160,1,174.8,0.136,0.007,1.226,,,0,turning,0,3.36,4.7,4.71,4.11
16.7624,1,174.8,0.160,0.027,1.422,,,0,turning,0,3.36,4.7,4.71,4.11
16.8060,1,174.8,0.063,0.034,1.407,,,0,turning,0,3.36,4.7,4.71,4.11
16.8500,1,182.5,0.103,0.270,1.500,,,0,turning,0,2.98,4.44,4.13,3.74
16.8972,1,182.5,0.136,0.146,1.625,,,0,turning,0,2.98,4.44,4.13,3.74
16.9395,1,182.5,0.155,0.086,1.685,,,0,turning,0,2.98,4.44,4.13,3.74
16.9768,1,182.5,0.085,0.067,1.829,,,0,turning,0,2.98,4.44,4.13,3.74
17.0242,1,182.5,0.137,0.034,1.912,,,0,turning,0,2.98,4.44,4.13,3.74
17.0686,1,182.5,0.262,0.052,2.030,,,0,turning,0,2.98,4.44,4.13,3.74
17.1031,1,182.5,0.147,0.034,1.946,,,0,turning,0,2.98,4.44,4.13,3.74
17.1416,1,182.5,0.098,0.036,2.091,,,0,turning,0,2.98,4.44,4.13,3.74
17.1781,1,182.5,0.132,0.247,2.183,,,0,turning,0,2.98,4.44,4.13,3.74
17.2224,1,182.5,0.030,-0.026,2.375,,,0,turning,0,2.98,4.44,4.13,3.74
17.2628,1,182.5,0.184,-0.070,2.307,,,0,turning,0,2.98,4.44,4.13,3.74
17.3065,1,182.5,0.051,0.036,2.638,,,0,turning,0,2.98,4.44,4.13,3.74
17.3505,1,189.0,0.102,0.064,2.643,,,0,turning,0,2.72,4.3,4.03,3.67
17.3930,1,189.0,0.140,0.024,2.789,,,0,turning,0,2.72,4.3,4.03,3.67
17.4488,1,189.0,0.264,0.072,3.167,,,0,turning,0,2.72,4.3,4.03,3.67
17.4854,1,189.0,0.133,0.150,2.982,,,0,turning,0,2.72,4.3,4.03,3.67
17.5442,1,189.0,0.103,0.071,3.229,,,0,turning,0,2.72,4.3,4.03,3.67
17.5897,1,189.0,0.226,0.155,3.456,,,0,turning,0,2.72,4.3,4.03,3.67
17.6413,1,189.0,0.119,0.099,3.402,,,0,turning,0,2.72,4.3,4.03,3.67
17.6965,1,189.0,0.216,0.060,3.765,,,0,turning,0,2.72,4.3,4.03,3.67
17.7423,1,189.0,0.226,0.042,3.976,,,0,turning,0,2.72,4.3,4.03,3.67
17.7758,1,189.0,0.116,-0.049,3.947,,,0,turning,0,2.72,4.3,4.03,3.67
17.8547,1,193.6,0.081,-0.086,3.951,,,0,turning,1,2.48,3.89,3.8,3.4
17.8956,1,193.6,0.587,-0.053,4.818,,,0,turning,1,2.48,3.89,3.8,3.4
17.9416,1,193.6,0.740,-0.050,4.769,,,0,turning,1,2.48,3.89,3.8,3.4
17.9886,1,193.6,0.169,0.050,4.258,,,0,turning,1,2.48,3.89,3.8,3.4
18.0173,1,193.6,-0.818,0.220,3.553,,,0,turning,2,2.48,3.89,3.8,3.4
18.0722,1,193.6,-0.192,0.508,4.774,,,0,turning,2,2.48,3.89,3.8,3.4
18.1154,1,193.6,0.049,0.639,4.633,,,0,turning,2,2.48,3.89,3.8,3.4
18.1596,1,193.6,0.119,-0.029,5.796,,,0,turning,2,2.48,3.89,3.8,3.4
18.1895,1,193.6,0.113,-0.986,7.832,,,0,turning,3,2.48,3.89,3.8,3.4
18.2326,1,193.6,-0.328,0.649,4.632,,,0,turning,3,2.48,3.89,3.8,3.4
18.2807,1,193.6,-0.028,0.700,6.288,,,0,turning,3,2.48,3.89,3.8,3.4
18.3164,1,193.6,0.675,0.173,9.902,,,0,turning,3,2.48,3.89,3.8,3.4
18.3592,1,196.4,0.175,-0.328,4.481,,,0,turning,3,2.52,4.17,3.65,2.68
18.4090,1,196.4,0.578,-0.834,5.319,,,0,turning,3,2.52,4.17,3.65,2.68
18.4460,1,196.4,0.990,-0.537,5.205,,,0,turning,3,2.52,4.17,3.65,2.68
18.4840,1,196.4,-0.175,0.337,5.575,,,0,turning,3,2.52,4.17,3.65,2.68
18.5334,1,196.4,-2.199,1.481,6.850,,,0,turning,3,2.52,4.17,3.65,2.68
18.5858,1,196.4,-0.491,0.529,5.393,,,0,turning,3,2.52,4.17,3.65,2.68
18.6323,1,196.4,0.740,0.884,4.868,,,0,turning,3,2.52,4.17,3.65,2.68
18.6780,1,196.4,0.216,-0.856,5.154,,,0,turning,3,2.52,4.17,3.65,2.68
18.7181,1,196.4,-1.147,-3.805,5.706,,,0,turning,3,2.52,4.17,3.65,2.68
18.7715,1,196.4,0.171,0.834,5.142,,,0,turning,3,2.52,4.17,3.65,2.68
18.8162,1,196.4,-0.712,-0.611,5.057,,,0,turning,3,2.52,4.17,3.65,2.68
18.8529,1,197.7,1.015,-0.448,4.883,,,0,turning,3,2.62,4.23,2.69,2.64
18.8883,1,197.7,3.727,1.256,4.684,,,0,turning,3,2.62,4.23,2.69,2.64
18.9292,1,197.7,0.267,-0.842,4.649,,,0,turning,3,2.62,4.23,2.69,2.64
18.9725,1,197.7,-0.052,-0.563,5.156,,,0,turning,3,2.62,4.23,2.69,2.64
19.0120,1,197.7,-0.435,-0.423,4.326,,,0,turning,3,2.62,4.23,2.69,2.64
19.0570,1,197.7,-0.748,0.490,4.497,,,0,turning,3,2.62,4.23,2.69,2.64
19.0999,1,197.7,-0.777,0.193,4.504,,,0,turning,3,2.62,4.23,2.69,2.64
19.1447,1,197.7,-0.699,0.483,4.525,,,0,turning,3,2.62,4.23,2.69,2.64
19.1855,1,197.7,0.024,1.024,3.548,,,0,turning,3,2.62,4.23,2.69,2.64
19.2300,1,197.7,0.866,0.427,4.249,,,0,turning,3,2.62,4.23,2.69,2.64
19.2644,1,197.7,0.351,-0.561,3.868,,,0,turning,3,2.62,4.23,2.69,2.64
19.3003,2,197.7,-0.759,-1.470,2.006,,,0,turning,3,2.62,4.23,2.69,2.64
19.3461,2,198.0,0.794,0.933,4.024,,,0,turning,3,2.19,3.9,4.22,2.94
19.3934,2,198.0,0.762,-0.251,4.083,,,0,turning,3,2.19,3.9,4.22,2.94
19.4344,2,198.0,-0.521,-0.370,4.405,,,0,turning,3,2.19,3.9,4.22,2.94
19.4792,2,198.0,-0.032,1.278,4.131,,,0,turning,3,2.19,3.9,4.22,2.94
19.5254,2,198.0,0.819,-0.179,4.004,,,0,turning,3,2.19,3.9,4.22,2.94
19.5740,2,198.0,-0.758,-0.255,3.854,,,0,turning,3,2.19,3.9,4.22,2.94
19.6257,2,198.0,-0.562,1.189,4.103,,,0,turning,3,2.19,3.9,4.22,2.94
19.6679,2,198.0,0.656,0.272,3.723,,,0,turning,3,2.19,3.9,4.22,2.94
19.7235,2,198.0,-0.900,0.161,3.841,,,0,turning,3,2.19,3.9,4.22,2.94
19.7639,2,198.0,-0.196,1.219,3.788,,,0,turning,3,2.19,3.9,4.22,2.94
19.8092,2,198.0,2.607,1.909,3.117,,,1,turning,3,2.19,3.9,4.22,2.94
19.8982,2,198.2,-0.438,1.489,3.417,0.000,204,1,turning,3,2.36,3.97,3.02,3.13
19.9492,2,198.06,0.187,1.059,3.204,0.000,344,1,turning,3,2.36,3.97,3.02,3.13
19.9935,2,198.1,0.111,-0.426,2.875,0.000,39,1,turning,3,2.36,3.97,3.02,3.13
20.0648,2,198.18,-0.093,1.591,3.029,0.000,86,1,turning,3,2.36,3.97,3.02,3.13
20.1084,2,198.06,0.649,0.188,2.816,0.000,280,1,turning,3,2.36,3.97,3.02,3.13
20.1571,2,198.14,1.397,-5.543,2.169,0.000,136,1,turning,3,2.36,3.97,3.02,3.13
20.2035,2,198.29,0.359,-0.300,2.595,0.000,110,1,turning,3,2.36,3.97,3.02,3.13
20.2738,2,198.1,-0.074,1.513,2.517,0.000,281,1,turning,3,2.36,3.97,3.02,3.13
20.3178,2,198.1,0.495,-0.097,2.323,0.000,282,1,turning,3,2.36,3.97,3.02,3.13
20.3581,2,198.14,1.382,-3.007,2.235,0.000,156,1,turning,3,2.33,3.49,3.27,3.16
20.4052,2,198.14,-0.525,0.117,2.124,0.000,110,1,turning,3,2.33,3.49,3.27,3.16
20.4577,2,198.14,0.296,0.306,1.851,0.000,311,1,turning,3,2.33,3.49,3.27,3.16
20.5021,2,198.22,-0.256,0.389,-1.217,0.000,259,1,turning,3,2.33,3.49,3.27,3.16
20.5574,2,199.16,-0.209,0.736,-3.214,0.000,307,1,turning,3,2.33,3.49,3.27,3.16
20.6035,2,199.4,-0.242,0.463,-3.225,0.000,284,1,turning,3,2.33,3.49,3.27,3.16
20.6524,2,199.0,-0.249,0.436,-3.079,0.000,311,1,turning,3,2.33,3.49,3.27,3.16
20.7041,2,198.69,-0.152,0.570,-3.045,0.000,307,1,turning,3,2.33,3.49,3.27,3.16
20.7483,2,198.53,-0.322,0.495,-3.236,0.000,260,1,turning,3,2.33,3.49,3.27,3.16
20.7873,2,198.49,-0.153,0.482,-3.340,0.000,322,1,turning,3,2.33,3.49,3.27,3.16
20.8380,2,198.5,-0.228,0.518,-3.225,0.000,237,1,turning,3,2.54,3.65,2.86,2.95
20.8735,2,198.37,-0.275,0.607,-3.439,0.000,285,1,turning,3,2.54,3.65,2.86,2.95
20.9158,2,198.45,-0.272,0.458,-3.247,0.000,289,1,turning,3,2.54,3.65,2.86,2.95
20.9642,2,198.33,-0.237,0.538,-3.397,0.000,317,1,turning,3,2.54,3.65,2.86,2.95
21.0096,2,198.37,-0.254,0.828,-3.352,0.000,273,1,turning,3,2.54,3.65,2.86,2.95
21.0436,2,198.33,-0.227,0.614,-3.487,0.000,275,1,turning,3,2.54,3.65,2.86,2.95
21.0872,2,198.37,-0.241,0.579,-3.238,0.000,274,1,turning,3,2.54,3.65,2.86,2.95
21.1329,2,198.29,-0.224,0.893,-3.408,0.000,287,1,turning,3,2.54,3.65,2.86,2.95
21.1779,2,198.37,0.014,0.565,-3.264,0.000,272,1,turning,3,2.54,3.65,2.86,2.95
21.2208,2,198.29,-0.050,0.430,-3.216,0.000,183,1,turning,3,2.54,3.65,2.86,2.95
21.2611,2,198.29,-0.250,0.495,-3.379,0.000,139,1,turning,3,2.54,3.65,2.86,2.95
21.3090,2,198.37,-0.245,0.392,-3.378,0.000,325,1,turning,3,2.54,3.65,2.86,2.95
21.3601,2,198.4,-0.231,0.382,-3.267,0.000,338,1,turning,3,2.12,3.8,3.09,2.86
21.3989,2,198.33,-0.181,0.498,-3.374,0.000,303,1,turning,3,2.12,3.8,3.09,2.86
21.4542,2,198.37,-0.202,0.325,-3.056,0.000,269,1,turning,3,2.12,3.8,3.09,2.86
21.4975,2,198.26,-0.014,0.451,-2.693,0.000,319,1,turning,3,2.12,3.8,3.09,2.86
21.5488,2,198.18,0.150,0.729,-2.887,0.000,234,1,turning,3,2.12,3.8,3.09,2.86
21.5929,2,198.29,-0.106,0.780,-2.875,0.000,243,1,turning,3,2.12,3.8,3.09,2.86
21.6315,2,198.29,-0.078,0.504,-2.867,0.000,287,1,turning,3,2.12,3.8,3.09,2.86
21.6822,2,198.29,0.028,0.374,-2.684,0.000,320,1,turning,3,2.12,3.8,3.09,2.86
21.7383,2,198.26,0.192,0.405,-2.739,0.000,167,1,turning,3,2.12,3.8,3.09,2.86
21.7866,2,198.29,0.064,0.182,-1.379,0.000,207,1,turning,3,2.12,3.8,3.09,2.86
21.8441,2,197.9,0.399,0.613,-0.658,0.000,87,1,turning,3,2.39,3.87,3.23,3.26
21.8867,2,197.82,0.289,0.318,-0.680,0.000,233,1,turning,3,2.39,3.87,3.23,3.26
21.9241,2,197.98,0.350,0.322,-0.788,0.000,200,1,turning,3,2.39,3.87,3.23,3.26
21.9747,2,198.14,0.425,0.376,-0.731,0.000,216,1,turning,3,2.39,3.87,3.23,3.26
22.0232,2,198.18,0.374,0.543,-0.705,0.000,226,1,turning,3,2.39,3.87,3.23,3.26
22.0606,2,198.18,0.407,0.207,-0.581,0.000,256,1,turning,3,2.39,3.87,3.23,3.26
22.1014,2,198.18,0.493,0.223,-0.626,0.000,152,1,turning,3,2.39,3.87,3.23,3.26
22.1465,2,198.22,0.541,0.512,-0.609,0.000,198,1,turning,3,2.39,3.87,3.23,3.26
22.2021,2,198.26,0.480,0.450,-0.443,0.000,244,1,turning,3,2.39,3.87,3.23,3.26
22.2381,2,198.22,0.511,0.228,-0.510,0.000,248,1,turning,3,2.39,3.87,3.23,3.26
22.2813,2,198.26,0.465,0.229,-0.394,0.000,176,1,turning,3,2.39,3.87,3.23,3.26
22.3270,2,198.22,0.398,0.304,-0.438,0.000,224,1,turning,3,2.39,3.87,3.23,3.26
22.3734,2,198.26,0.564,0.274,-0.457,0.000,262,1,turning,3,2.63,3.8,2.93,3.0
22.4273,2,198.26,0.358,0.386,-0.494,0.000,213,1,turning,3,2.63,3.8,2.93,3.0
22.4703,2,198.29,0.328,0.197,-0.247,0.000,275,1,turning,3,2.63,3.8,2.93,3.0
22.5168,2,198.22,0.636,0.220,-0.327,0.000,260,1,turning,3,2.63,3.8,2.93,3.0
22.5692,2,198.26,0.277,0.155,-0.432,0.000,199,1,turning,3,2.63,3.8,2.93,3.0
22.6161,2,198.29,0.217,0.225,-0.402,0.000,324,1,turning,3,2.63,3.8,2.93,3.0
22.6666,2,198.29,0.135,0.298,-0.479,0.000,290,1,turning,3,2.63,3.8,2.93,3.0
22.7202,2,198.29,-0.162,0.205,-0.612,0.000,287,1,turning,3,2.63,3.8,2.93,3.0
22.7647,2,198.33,-0.105,0.110,-0.667,0.000,339,1,turning,3,2.63,3.8,2.93,3.0
22.8080,2,198.33,-0.087,0.181,-0.655,0.000,332,1,turning,3,2.63,3.8,2.93,3.0
22.8526,2,198.3,-0.066,0.202,-0.682,0.000,275,1,turning,3,2.36,4.15,3.09,2.87
22.8969,2,198.33,-0.035,0.167,-0.690,0.000,262,1,turning,3,2.36,4.15,3.09,2.87
22.9326,2,198.33,0.016,0.186,-0.772,0.000,248,1,turning,3,2.36,4.15,3.09,2.87
22.9744,2,198.33,0.054,0.188,-0.774,0.000,241,1,turning,3,2.36,4.15,3.09,2.87
23.0119,2,198.33,0.045,0.161,-0.758,0.000,238,1,turning,3,2.36,4.15,3.09,2.87
23.0549,2,198.33,-0.071,0.073,-0.596,0.000,244,1,turning,3,2.36,4.15,3.09,2.87
23.1013,2,198.26,-0.111,0.094,-0.657,0.000,315,1,turning,3,2.36,4.15,3.09,2.87
23.1472,2,198.29,0.045,0.138,-0.637,0.000,295,1,turning,3,2.36,4.15,3.09,2.87
23.1828,2,198.29,-0.050,0.082,-0.872,0.000,233,1,turning,3,2.36,4.15,3.09,2.87
23.2290,2,198.37,-0.089,0.277,-0.821,0.000,273,1,turning,3,2.36,4.15,3.09,2.87
23.2751,2,198.33,-0.155,-0.025,-0.688,0.000,275,1,turning,3,2.36,4.15,3.09,2.87
23.3307,2,198.29,-0.016,-0.034,-0.517,0.000,36,1,turning,3,2.36,4.15,3.09,2.87
23.3924,2,198.26,0.046,-0.194,-0.498,0.000,196,1,turning,3,2.63,3.57,3.3,3.2
23.4279,2,198.29,0.113,0.024,-0.818,0.000,148,1,turning,3,2.63,3.57,3.3,3.2
23.4757,2,198.41,0.038,0.001,-0.581,0.000,236,1,turning,3,2.63,3.57,3.3,3.2
23.5235,2,198.29,0.016,0.180,-0.728,0.000,260,1,turning,3,2.63,3.57,3.3,3.2
23.5723,2,198.37,-0.055,0.016,-0.604,0.000,267,1,turning,3,2.63,3.57,3.3,3.2
23.6152,2,198.29,-0.010,0.065,-0.670,0.000,300,1,turning,3,2.63,3.57,3.3,3.2
23.6698,2,198.33,0.033,0.035,-0.602,0.000,257,1,turning,3,2.63,3.57,3.3,3.2
23.7199,2,198.33,-0.058,0.053,-0.687,0.000,237,1,turning,3,2.63,3.57,3.3,3.2
23.7675,2,198.33,-0.048,0.064,-0.630,0.000,282,1,turning,3,2.63,3.57,3.3,3.2
23.8101,2,198.33,0.062,0.010,-0.596,0.000,267,1,turning,3,2.63,3.57,3.3,3.2
23.8556,2,198.3,0.063,0.076,-0.698,0.000,217,1,turning,3,2.03,3.5,3.6,3.16
23.9048,2,198.37,0.049,0.044,-0.589,0.000,244,1,turning,3,2.03,3.5,3.6,3.16
23.9491,2,198.33,0.141,0.088,-0.668,0.000,248,1,turning,3,2.03,3.5,3.6,3.16
23.9905,2,198.37,0.016,0.100,-0.771,0.000,232,1,turning,3,2.03,3.5,3.6,3.16
24.0279,2,198.37,-0.046,0.082,-0.768,0.000,278,1,turning,3,2.03,3.5,3.6,3.16
24.0719,2,198.37,0.010,0.171,-0.627,0.000,290,1,turning,3,2.03,3.5,3.6,3.16
24.1170,2,198.33,0.104,0.104,-0.710,0.000,259,1,turning,3,2.03,3.5,3.6,3.16
24.2044,2,198.37,-0.006,0.067,-0.598,0.000,224,1,turning,3,2.03,3.5,3.6,3.16
24.2502,2,198.33,0.072,0.073,-0.586,0.000,278,1,turning,3,2.03,3.5,3.6,3.16
24.2983,2,198.33,0.015,0.048,-0.667,0.000,237,1,,3,2.03,3.5,3.6,3.16
24.3508,2,198.4,-0.060,0.051,-0.595,0.000,264,1,,3,2.46,3.65,3.25,3.14
24.3910,2,198.33,-0.063,0.102,-0.692,0.000,290,1,,3,2.46,3.65,3.25,3.14
24.4355,2,198.37,0.119,0.102,-0.670,0.000,274,1,,3,2.46,3.65,3.25,3.14
24.4816,2,198.37,0.000,0.464,-0.703,0.000,223,1,,3,2.46,3.65,3.25,3.14
24.5316,2,198.37,-0.083,0.087,-0.660,0.000,270,1,,3,2.46,3.65,3.25,3.14
24.5792,2,198.37,-0.039,0.263,-0.743,0.000,5,1,,3,2.46,3.65,3.25,3.14
24.6266,2,198.41,-0.107,0.002,-0.655,0.000,264,1,,3,2.46,3.65,3.25,3.14
24.6729,2,198.37,-0.036,0.244,-0.755,0.000,45,1,,3,2.46,3.65,3.25,3.14
24.7133,2,198.41,-0.108,0.095,-0.673,0.000,258,1,,3,2.46,3.65,3.25,3.14
24.7558,2,198.37,0.025,0.110,-0.568,0.000,287,1,,3,2.46,3.65,3.25,3.14
24.7970,2,198.33,-0.032,0.067,-0.676,0.000,228,1,,3,2.46,3.65,3.25,3.14
24.8393,2,198.4,-0.080,0.051,-0.694,0.000,256,1,,3,2.37,3.54,2.96,2.83
24.8873,2,198.41,0.072,0.095,-0.684,0.000,280,1,,3,2.37,3.54,2.96,2.83
24.9319,2,198.37,-0.061,0.347,-0.710,0.000,229,1,,3,2.37,3.54,2.96,2.83
24.9771,2,198.41,-0.076,-0.003,-0.599,0.000,274,1,,3,2.37,3.54,2.96,2.83
25.0203,2,198.37,-0.052,-0.006,-0.630,0.000,63,1,,3,2.37,3.54,2.96,2.83
25.0561,2,198.37,0.035,0.075,-0.760,0.000,244,1,,3,2.37,3.54,2.96,2.83
25.1017,2,198.41,-0.055,0.086,-0.684,0.000,238,1,,3,2.37,3.54,2.96,2.83
25.1485,2,198.41,0.128,0.062,-0.643,0.000,274,1,,3,2.37,3.54,2.96,2.83
25.1938,2,198.37,0.102,0.059,-0.632,0.000,218,1,,3,2.37,3.54,2.96,2.83
25.2414,2,198.37,0.272,0.075,-0.537,0.000,237,1,,3,2.37,3.54,2.96,2.83
25.2884,2,198.37,0.029,0.049,-0.671,0.000,215,1,,3,2.37,3.54,2.96,2.83
25.3346,2,198.41,0.174,0.049,-0.461,0.000,300,1,,3,2.37,3.54,2.96,2.83
25.3823,2,198.33,0.267,0.078,-0.519,0.000,229,1,,3,2.36,3.65,3.4,3.5
25.4295,2,198.37,-0.067,0.029,-0.683,0.000,223,1,,3,2.36,3.65,3.4,3.5
25.4758,2,198.45,-0.036,0.171,-0.758,0.000,328,1,,3,2.36,3.65,3.4,3.5
25.5200,2,198.45,0.067,0.095,-0.516,0.000,280,1,,3,2.36,3.65,3.4,3.5
25.5609,2,198.45,0.072,0.104,-0.796,0.000,238,1,,3,2.36,3.65,3.4,3.5
25.6054,2,198.45,-0.035,0.212,-0.696,0.000,245,1,,3,2.36,3.65,3.4,3.5
25.6798,2,198.45,0.058,0.386,-0.515,0.000,279,1,,3,2.36,3.65,3.4,3.5
25.7308,2,198.45,0.239,0.009,-0.442,0.000,258,1,,3,2.36,3.65,3.4,3.5
25.7825,2,198.45,0.058,0.032,-0.539,0.000,165,1,,3,2.36,3.65,3.4,3.5
25.8356,2,198.45,-0.024,-0.031,-0.614,0.000,282,1,,3,2.36,3.65,3.4,3.5
25.8886,2,198.45,0.130,0.089,-0.637,0.000,321,1,,3,2.36,3.65,3.4,3.5
25.9225,2,198.45,-0.004,0.075,-0.751,0.000,237,1,,3,2.36,3.65,3.4,3.5
25.9673,2,198.45,0.131,0.034,-0.655,0.000,280,1,,3,2.36,3.65,3.4,3.5
26.0208,2,198.45,-0.021,0.018,-0.629,0.000,223,1,,3,2.36,3.65,3.4,3.5
26.0736,2,198.45,-0.039,0.303,-0.599,0.000,291,1,,3,2.36,3.65,3.4,3.5
26.1172,2,198.45,0.096,0.048,-0.706,0.000,273,1,,3,2.36,3.65,3.4,3.5
26.1710,2,198.45,0.063,0.214,-0.491,0.000,203,1,,3,2.36,3.65,3.4,3.5
26.2164,2,198.45,0.073,0.048,-0.615,0.000,257,1,,3,2.36,3.65,3.4,3.5
26.2597,2,198.45,0.002,0.040,-0.708,0.000,225,1,,3,2.36,3.65,3.4,3.5
26.2995,2,198.45,-0.019,-0.001,-0.705,0.000,274,1,,3,2.36,3.65,3.4,3.5
26.3464,2,198.45,0.115,-0.010,-0.380,0.000,272,1,,3,2.36,3.65,3.4,3.5
26.4108,2,198.45,0.098,0.047,-0.587,0.000,218,1,,3,2.36,3.65,3.4,3.5
26.4553,2,198.45,-0.011,0.046,-0.770,0.000,245,1,,3,2.36,3.65,3.4,3.5
26.5226,2,198.45,0.056,0.013,-0.585,0.000,281,1,,3,2.36,3.65,3.4,3.5
26.5776,2,198.45,0.106,0.034,-0.553,0.000,243,1,,3,2.36,3.65,3.4,3.5
26.6127,2,198.45,0.005,0.047,-0.731,0.000,236,1,,3,2.36,3.65,3.4,3.5
26.6563,2,198.45,-0.019,0.029,-0.670,0.000,274,1,,3,2.36,3.65,3.4,3.5
26.7057,2,198.45,-0.007,0.102,-0.574,0.000,273,1,,3,2.36,3.65,3.4,3.5
26.7487,2,198.45,0.152,0.011,-0.564,0.000,263,1,,3,2.36,3.65,3.4,3.5
26.8040,2,198.45,0.045,0.224,-0.506,0.000,210,1,,3,2.36,3.65,3.4,3.5
26.8469,2,198.45,-0.007,0.064,-0.749,0.000,266,1,,3,2.36,3.65,3.4,3.5
26.8865,2,198.45,-0.042,0.044,-0.644,0.000,276,1,,3,2.36,3.65,3.4,3.5
26.9328,2,198.45,0.218,0.060,-0.614,0.000,279,1,,3,2.36,3.65,3.4,3.5
26.9738,2,198.45,0.056,0.057,-0.632,0.000,211,1,,3,2.36,3.65,3.4,3.5
27.0237,2,198.45,-0.086,0.335,-0.767,0.000,265,1,,3,2.36,3.65,3.4,3.5
27.0674,2,198.45,0.144,0.020,-0.475,0.000,283,1,,3,2.36,3.65,3.4,3.5
27.1025,2,198.45,-0.020,0.050,-0.703,0.000,184,1,,3,2.36,3.65,3.4,3.5
27.1424,2,198.45,0.032,-0.007,-0.555,0.000,285,1,,3,2.36,3.65,3.4,3.5
27.1921,2,198.45,-0.011,-0.062,-0.642,0.000,237,1,,3,2.36,3.65,3.4,3.5
27.2633,2,198.45,0.035,-0.177,-0.690,0.000,261,1,,3,2.36,3.65,3.4,3.5
27.2998,2,198.45,0.016,0.039,-0.769,0.000,176,1,,3,2.36,3.65,3.4,3.5
27.3584,2,198.45,0.146,0.069,-0.523,0.000,261,1,,3,2.36,3.65,3.4,3.5
27.3994,2,198.45,0.027,-0.008,-0.675,0.000,235,1,,3,2.36,3.65,3.4,3.5
27.4590,2,198.45,0.025,0.322,-0.602,0.000,268,1,,3,2.36,3.65,3.4,3.5
27.4940,2,198.45,-0.007,0.050,-0.760,0.000,267,1,,3,2.36,3.65,3.4,3.5
27.5445,2,198.45,-0.096,-0.006,-0.638,0.000,264,1,,3,2.36,3.65,3.4,3.5
27.5887,2,198.45,0.041,0.034,-0.734,0.000,312,1,,3,2.36,3.65,3.4,3.5
27.6398,2,198.45,-0.015,0.076,-0.684,0.000,232,1,,3,2.36,3.65,3.4,3.5
27.6871,2,198.45,-0.045,0.028,-0.678,0.000,261,1,,3,2.36,3.65,3.4,3.5
27.7249,2,198.45,0.003,0.057,-0.708,0.000,267,1,,3,2.36,3.65,3.4,3.5
27.7781,2,198.45,-0.039,0.238,-0.630,0.000,249,1,,3,2.36,3.65,3.4,3.5
27.8218,2,198.45,-0.054,0.153,-0.618,0.000,267,1,,3,2.36,3.65,3.4,3.5
27.8645,2,198.45,0.089,-0.072,-0.547,0.000,266,1,,3,2.36,3.65,3.4,3.5
27.9065,2,198.45,0.165,-0.026,-0.505,0.000,170,1,,3,2.36,3.65,3.4,3.5
27.9603,2,198.45,0.091,0.010,-0.692,0.000,210,1,,3,2.36,3.65,3.4,3.5
27.9982,2,198.45,-0.061,0.064,-0.651,0.000,251,1,,3,2.36,3.65,3.4,3.5
28.0365,2,198.45,-0.018,0.073,-0.757,0.000,292,1,,3,2.36,3.65,3.4,3.5
28.0726,2,198.45,0.053,0.057,-0.790,0.000,265,1,,3,2.36,3.65,3.4,3.5
28.1241,2,198.45,-0.050,0.067,-0.700,0.000,240,1,,3,2.36,3.65,3.4,3.5
28.1673,2,198.45,0.046,0.082,-0.716,0.000,277,1,,3,2.36,3.65,3.4,3.5
28.2044,2,198.45,0.100,0.051,-0.652,0.000,242,1,,3,2.36,3.65,3.4,3.5
28.2449,2,198.45,-0.018,0.045,-0.801,0.000,230,1,,3,2.36,3.65,3.4,3.5
28.2799,2,198.45,0.023,0.110,-0.820,0.000,277,1,,3,2.36,3.65,3.4,3.5
28.3297,2,198.45,0.108,0.036,-0.605,0.000,257,1,,3,2.36,3.65,3.4,3.5
28.3767,2,198.45,0.031,0.302,-0.782,0.000,224,1,,3,2.36,3.65,3.4,3.5
28.4221,2,198.45,0.011,0.039,-0.709,0.000,267,1,,3,2.36,3.65,3.4,3.5
28.4686,2,198.45,0.079,0.069,-0.578,0.000,250,1,,3,2.36,3.65,3.4,3.5
28.5022,2,198.45,0.000,0.096,-0.774,0.000,235,1,,3,2.36,3.65,3.4,3.5
28.5491,2,198.45,-0.023,0.304,-0.785,0.000,269,1,,3,2.36,3.65,3.4,3.5
28.6114,2,198.45,-0.046,0.003,-0.715,0.000,269,1,,3,2.36,3.65,3.4,3.5
28.6674,2,198.45,0.043,-0.126,-0.610,0.000,253,1,,3,2.36,3.65,3.4,3.5
28.7155,2,198.45,-0.066,0.030,-0.693,0.000,161,1,,3,2.36,3.65,3.4,3.5
28.7628,2,198.45,0.051,-0.072,-0.619,0.000,277,1,,3,2.36,3.65,3.4,3.5
28.8072,2,198.45,0.170,0.098,-0.733,0.000,217,1,,3,2.36,3.65,3.4,3.5
28.8505,2,198.45,-0.065,0.096,-0.635,0.000,235,1,,3,2.36,3.65,3.4,3.5
28.9013,2,198.45,0.101,0.069,-0.578,0.000,291,1,,3,2.36,3.65,3.4,3.5
28.9512,2,198.45,0.006,0.055,-0.629,0.000,233,1,,3,2.36,3.65,3.4,3.5
28.9975,2,198.45,0.066,0.049,-0.697,0.000,267,1,,3,2.36,3.65,3.4,3.5
29.0454,2,198.45,0.161,0.096,-0.675,0.000,242,1,,3,2.36,3.65,3.4,3.5
29.0924,2,198.45,0.126,0.082,-0.575,0.000,232,1,,3,2.36,3.65,3.4,3.5
29.1339,2,198.45,-0.008,0.017,-0.778,0.000,245,1,,3,2.36,3.65,3.4,3.5
29.1768,2,198.45,-0.008,0.211,-0.787,0.000,293,1,,3,2.36,3.65,3.4,3.5
29.2406,2,198.45,0.011,0.096,-0.657,0.000,270,1,,3,2.36,3.65,3.4,3.5
29.2841,2,198.45,0.224,0.084,-0.632,0.000,254,1,,3,2.36,3.65,3.4,3.5
29.3326,2,198.45,0.075,0.050,-0.577,0.000,212,1,,3,2.36,3.65,3.4,3.5
29.3670,2,198.45,-0.020,0.082,-0.802,0.000,259,1,,3,2.36,3.65,3.4,3.5
29.4084,2,198.45,0.088,0.256,-0.734,0.000,284,1,,3,2.36,3.65,3.4,3.5
29.4453,2,198.45,-0.039,0.047,-0.686,0.000,253,1,,3,2.36,3.65,3.4,3.5
29.4902,2,198.45,0.165,-0.047,-0.725,0.000,295,1,,3,2.36,3.65,3.4,3.5
29.5343,2,198.45,-0.077,0.037,-0.585,0.000,191,1,,3,2.36,3.65,3.4,3.5
29.5843,2,198.45,0.043,-0.020,-0.615,0.000,297,1,,3,2.36,3.65,3.4,3.5
29.6227,2,198.45,-0.037,0.069,-0.788,0.000,234,1,,3,2.36,3.65,3.4,3.5
29.6660,2,198.45,-0.155,0.185,-0.670,0.000,271,1,,3,2.36,3.65,3.4,3.5
29.7124,2,198.45,0.047,0.087,-0.793,0.000,286,1,,3,2.36,3.65,3.4,3.5
29.7599,2,198.45,0.193,0.029,-0.426,0.000,225,1,,3,2.36,3.65,3.4,3.5
29.8108,2,198.45,-0.032,0.125,-0.677,0.000,205,1,,3,2.36,3.65,3.4,3.5
29.8506,2,198.45,-0.022,0.004,-0.700,0.000,282,1,,3,2.36,3.65,3.4,3.5
29.8913,2,198.45,0.077,0.113,-0.817,0.000,265,1,,3,2.36,3.65,3.4,3.5
29.9484,2,198.45,0.065,0.237,-0.591,0.000,243,1,,3,2.36,3.65,3.4,3.5
29.9867,2,198.45,-0.010,0.069,-0.753,0.000,256,1,,3,2.36,3.65,3.4,3.5
30.0372,2,198.45,-0.064,0.071,-0.715,0.000,270,1,,3,2.36,3.65,3.4,3.5
30.0727,2,198.45,-0.014,0.110,-0.763,0.000,280,1,,3,2.36,3.65,3.4,3.5
30.1129,2,198.45,0.018,0.087,-0.769,0.000,255,1,,3,2.36,3.65,3.4,3.5
30.1555,2,198.45,0.013,0.049,-0.600,0.000,245,1,,3,2.36,3.65,3.4,3.5
30.1997,2,198.45,0.010,0.083,-0.789,0.000,246,1,,3,2.36,3.65,3.4,3.5
30.2506,2,198.45,0.112,0.144,-0.614,0.000,254,1,,3,2.36,3.65,3.4,3.5
30.3040,2,198.45,-0.033,0.078,-0.684,0.000,239,1,,3,2.36,3.65,3.4,3.5
30.3389,2,198.45,0.000,0.079,-0.776,0.000,280,1,,3,2.36,3.65,3.4,3.5
30.3829,2,198.45,0.065,0.087,-0.655,0.000,257,1,,3,2.36,3.65,3.4,3.5
30.4192,2,198.45,-0.034,0.064,-0.738,0.000,240,1,,3,2.36,3.65,3.4,3.5
30.4837,2,198.45,-0.094,0.041,-0.651,0.000,273,1,,3,2.36,3.65,3.4,3.5
30.5310,2,198.45,0.001,-0.057,-0.651,0.000,284,1,,3,2.36,3.65,3.4,3.5
30.5850,2,198.45,0.025,0.090,-0.780,0.000,220,1,,3,2.36,3.65,3.4,3.5
30.6391,2,198.45,-0.030,0.040,-0.695,0.000,250,1,,3,2.36,3.65,3.4,3.5
30.6791,2,198.45,-0.047,0.177,-0.656,0.000,263,1,,3,2.36,3.65,3.4,3.5
30.7261,2,198.45,0.034,-0.015,-0.648,0.000,267,1,,3,2.36,3.65,3.4,3.5
30.7742,2,198.45,0.028,0.161,-0.618,0.000,214,1,,3,2.36,3.65,3.4,3.5
30.8241,2,198.45,0.129,0.133,-0.558,0.000,255,1,,3,2.36,3.65,3.4,3.5
30.8649,2,198.45,0.020,0.064,-0.746,0.000,234,1,,3,2.36,3.65,3.4,3.5
30.9228,2,198.45,-0.039,0.353,-0.636,0.000,265,1,,3,2.36,3.65,3.4,3.5
30.9671,2,198.45,0.143,0.103,-0.739,0.000,273,1,,3,2.36,3.65,3.4,3.5
31.0123,2,198.45,-0.045,0.270,-0.645,0.000,208,1,,3,2.36,3.65,3.4,3.5
31.0709,2,198.45,0.035,0.200,-0.692,0.000,279,1,,3,2.36,3.65,3.4,3.5
31.1172,2,198.45,0.112,-0.030,-0.585,0.000,249,1,,3,2.36,3.65,3.4,3.5
31.1804,2,198.45,-0.057,0.468,-0.627,0.000,175,1,,3,2.36,3.65,3.4,3.5
31.2371,2,198.45,0.098,0.232,-0.569,0.000,276,1,,3,2.36,3.65,3.4,3.5
31.2886,2,198.45,0.010,0.103,-0.632,0.000,232,1,,3,2.36,3.65,3.4,3.5
31.3331,2,198.45,0.043,0.094,-0.771,0.000,255,1,,3,2.36,3.65,3.4,3.5
31.3777,2,198.45,0.107,0.026,-0.570,0.000,243,1,,3,2.36,3.65,3.4,3.5
31.4158,2,198.45,0.052,0.096,-0.797,0.000,219,1,,3,2.36,3.65,3.4,3.5
31.4591,2,198.45,0.035,0.109,-0.616,0.000,258,1,,3,2.36,3.65,3.4,3.5
31.4964,2,198.45,0.036,0.093,-0.809,0.000,260,1,,3,2.36,3.65,3.4,3.5
31.5341,2,198.45,-0.003,0.067,-0.745,0.000,256,1,,3,2.36,3.65,3.4,3.5
31.5786,2,198.45,-0.026,0.091,-0.759,0.000,264,1,,3,2.36,3.65,3.4,3.5
31.6251,2,198.45,0.009,0.202,-0.754,0.000,266,1,,3,2.36,3.65,3.4,3.5
31.6714,2,198.45,0.057,0.089,-0.658,0.000,258,1,,3,2.36,3.65,3.4,3.5
31.7176,2,198.45,0.001,-0.006,-0.655,0.000,236,1,,3,2.36,3.65,3.4,3.5
31.7809,2,198.45,0.033,0.125,-0.663,0.000,251,1,,3,2.36,3.65,3.4,3.5
31.8166,2,198.45,0.043,0.084,-0.792,0.000,254,1,,3,2.36,3.65,3.4,3.5
31.8627,2,198.45,-0.047,0.072,-0.729,0.000,249,1,,3,2.36,3.65,3.4,3.5
31.9033,2,198.45,-0.061,0.108,-0.677,0.000,275,1,,3,2.36,3.65,3.4,3.5
31.9579,2,198.45,0.178,0.091,-0.667,0.000,269,1,,3,2.36,3.65,3.4,3.5
32.0059,2,198.45,0.074,0.111,-0.574,0.000,219,1,,3,2.36,3.65,3.4,3.5
32.0637,2,198.45,0.012,0.064,-0.615,0.000,253,1,,3,2.36,3.65,3.4,3.5
32.1091,2,198.45,-0.008,0.015,-0.683,0.000,267,1,,3,2.36,3.65,3.4,3.5
32.1511,2,198.45,-0.049,0.059,-0.718,0.000,264,1,,3,2.36,3.65,3.4,3.5
32.1920,2,198.45,-0.072,0.050,-0.686,0.000,271,1,,3,2.36,3.65,3.4,3.5
32.2482,2,198.45,-0.029,-0.024,-0.671,0.000,270,1,,3,2.36,3.65,3.4,3.5
32.2904,2,198.45,-0.012,0.067,-0.724,0.000,244,1,,3,2.36,3.65,3.4,3.5
32.3384,2,198.45,0.035,0.062,-0.788,0.000,254,1,,3,2.36,3.65,3.4,3.5
32.3815,2,198.45,0.009,0.163,-0.741,0.000,244,1,,3,2.36,3.65,3.4,3.5
32.4347,2,198.45,-0.006,0.080,-0.775,0.000,259,1,,3,2.36,3.65,3.4,3.5
32.5068,2,198.45,0.035,0.443,-0.585,0.000,257,1,,3,2.36,3.65,3.4,3.5
32.5685,2,198.45,-0.066,0.125,-0.665,0.000,261,1,,3,2.36,3.65,3.4,3.5
32.6138,2,198.45,0.042,0.087,-0.812,0.000,282,1,,3,2.36,3.65,3.4,3.5
32.6601,2,198.45,0.003,0.416,-0.730,0.000,227,1,,3,2.36,3.65,3.4,3.5
32.7058,2,198.45,-0.107,0.091,-0.638,0.000,264,1,,3,2.36,3.65,3.4,3.5
32.7545,2,198.45,0.153,0.016,-0.498,0.000,309,1,,3,2.36,3.65,3.4,3.5
32.7921,2,198.45,0.272,0.122,-0.581,0.000,196,1,,3,2.36,3.65,3.4,3.5
32.8366,2,198.45,0.270,0.082,-0.600,0.000,221,1,,3,2.36,3.65,3.4,3.5
32.8910,2,198.45,0.060,0.085,-0.585,0.000,226,1,,3,2.36,3.65,3.4,3.5
32.9496,2,198.45,-0.047,0.367,-0.645,0.000,285,1,,3,2.36,3.65,3.4,3.5
32.9954,2,198.45,0.107,0.102,-0.624,0.000,281,1,,3,2.36,3.65,3.4,3.5
33.0358,2,198.45,0.012,0.070,-0.808,0.000,223,1,,3,2.36,3.65,3.4,3.5
33.0848,2,198.45,-0.034,0.082,-0.692,0.000,266,1,,3,2.36,3.65,3.4,3.5
33.1365,2,198.45,0.079,0.278,-0.631,0.000,273,1,,3,2.36,3.65,3.4,3.5
33.1797,2,198.45,0.037,0.099,-0.811,0.000,252,1,,3,2.36,3.65,3.4,3.5
33.2287,2,198.45,0.040,0.028,-0.692,0.000,248,1,,3,2.36,3.65,3.4,3.5
33.2791,2,198.45,-0.069,0.025,-0.694,0.000,241,1,,3,2.36,3.65,3.4,3.5
33.3280,2,198.45,0.032,0.072,-0.779,0.000,283,1,,3,2.36,3.65,3.4,3.5
33.3695,2,198.45,0.052,0.055,-0.579,0.000,246,1,,3,2.36,3.65,3.4,3.5
33.4226,2,198.45,0.132,0.040,-0.559,0.000,244,1,,3,2.36,3.65,3.4,3.5
33.4660,2,198.45,0.020,0.090,-0.799,0.000,231,1,,3,2.36,3.65,3.4,3.5
33.5138,2,198.45,0.021,-0.081,-0.655,0.000,267,1,,3,2.36,3.65,3.4,3.5
33.5563,2,198.45,0.112,0.086,-0.670,0.000,241,1,,3,2.36,3.65,3.4,3.5
33.6003,2,198.45,0.024,0.092,-0.799,0.000,245,1,,3,2.36,3.65,3.4,3.5
33.6580,2,198.45,-0.096,0.120,-0.636,0.000,265,1,,3,2.36,3.65,3.4,3.5
33.7052,2,198.45,-0.011,0.079,-0.716,0.000,285,1,,3,2.36,3.65,3.4,3.5
33.7504,2,198.45,-0.011,0.045,-0.744,0.000,252,1,,3,2.36,3.65,3.4,3.5
33.7893,2,198.45,0.081,0.116,-0.630,0.000,251,1,,3,2.36,3.65,3.4,3.5
33.8289,2,198.45,0.204,0.073,-0.582,0.000,241,1,,3,2.36,3.65,3.4,3.5
33.8844,2,198.45,0.008,0.077,-0.689,0.000,222,1,,3,2.36,3.65,3.4,3.5
33.9322,2,198.45,0.103,0.062,-0.568,0.000,277,1,,3,2.36,3.65,3.4,3.5
33.9699,2,198.45,0.023,0.071,-0.768,0.000,242,1,,3,2.36,3.65,3.4,3.5
34.0293,2,198.45,0.156,0.133,-0.588,0.000,265,1,,3,2.36,3.65,3.4,3.5
34.0726,2,198.45,0.073,0.047,-0.695,0.000,239,1,,3,2.36,3.65,3.4,3.5
34.1207,2,198.45,0.164,0.099,-0.597,0.000,254,1,,3,2.36,3.65,3.4,3.5
34.1932,2,198.45,-0.044,0.358,-0.660,0.000,239,1,,3,2.36,3.65,3.4,3.5
34.2388,2,198.45,0.066,0.051,-0.676,0.000,279,1,,3,2.36,3.65,3.4,3.5
34.2881,2,198.45,-0.027,0.023,-0.663,0.000,221,1,,3,2.36,3.65,3.4,3.5
34.3258,2,198.45,0.018,0.098,-0.847,0.000,272,1,,3,2.36,3.65,3.4,3.5
34.3719,2,198.45,0.171,0.087,-0.705,0.000,254,1,,3,2.36,3.65,3.4,3.5
34.4067,2,198.45,-0.042,0.058,-0.765,0.000,226,1,,3,2.36,3.65,3.4,3.5
34.4492,2,198.45,0.021,0.146,-0.641,0.000,285,1,,3,2.36,3.65,3.4,3.5
34.5173,2,198.45,-0.046,0.068,-0.698,0.000,258,1,,3,2.36,3.65,3.4,3.5
34.5739,2,198.45,0.140,0.035,-0.560,0.000,270,1,,3,2.36,3.65,3.4,3.5
34.6200,2,198.45,0.157,-0.042,-0.611,0.000,220,1,,3,2.36,3.65,3.4,3.5
34.6621,2,198.45,0.046,0.124,-0.637,0.000,217,1,,3,2.36,3.65,3.4,3.5
34.7089,2,198.45,0.161,0.092,-0.628,0.000,266,1,,3,2.36,3.65,3.4,3.5
34.7582,2,198.45,0.030,0.018,-0.594,0.000,238,1,,3,2.36,3.65,3.4,3.5
34.8083,2,198.45,0.026,0.074,-0.656,0.000,270,1,,3,2.36,3.65,3.4,3.5
34.8440,2,198.45,0.010,0.111,-0.814,0.000,263,1,,3,2.36,3.65,3.4,3.5
34.9096,2,198.45,0.112,0.008,-0.667,0.000,262,1,,3,2.36,3.65,3.4,3.5
34.9509,2,198.45,0.010,0.088,-0.745,0.000,226,1,,3,2.36,3.65,3.4,3.5
34.9962,2,198.45,-0.045,0.071,-0.711,0.000,266,1,,3,2.36,3.65,3.4,3.5
35.0421,2,198.45,-0.035,0.135,-0.681,0.000,272,1,,3,2.36,3.65,3.4,3.5
35.0921,2,198.45,0.001,0.093,-0.753,0.000,263,1,,3,2.36,3.65,3.4,3.5
35.1374,2,198.45,-0.020,0.437,-0.726,0.000,250,1,,3,2.36,3.65,3.4,3.5
35.1858,2,198.45,-0.034,0.076,-0.704,0.000,265,1,,3,2.36,3.65,3.4,3.5
35.2317,2,198.45,0.088,0.048,-0.541,0.000,240,1,,3,2.36,3.65,3.4,3.5
35.2763,2,198.45,-0.033,0.067,-0.693,0.000,217,1,,3,2.36,3.65,3.4,3.5
35.3224,2,198.45,-0.048,0.279,-0.718,0.000,268,1,,3,2.36,3.65,3.4,3.5
35.3673,2,198.45,0.113,0.055,-0.547,0.000,267,1,,3,2.36,3.65,3.4,3.5
35.4107,2,198.45,0.039,0.084,-0.769,0.000,213,1,,3,2.36,3.65,3.4,3.5
35.4664,2,198.45,0.027,0.146,-0.660,0.000,252,1,,3,2.36,3.65,3.4,3.5
35.5285,2,198.45,-0.036,0.066,-0.700,0.000,258,1,,3,2.36,3.65,3.4,3.5
35.5758,2,198.45,0.087,0.146,-0.656,0.000,269,1,,3,2.36,3.65,3.4,3.5
35.6198,2,198.45,0.066,0.068,-0.671,0.000,242,1,,3,2.36,3.65,3.4,3.5
35.6837,2,198.45,-0.108,0.045,-0.690,0.000,243,1,,3,2.36,3.65,3.4,3.5
35.7354,2,198.45,0.010,0.058,-0.713,0.000,293,1,,3,2.36,3.65,3.4,3.5
35.7787,2,198.45,0.039,0.075,-0.810,0.000,246,1,,3,2.36,3.65,3.4,3.5
35.8294,2,198.45,0.111,0.363,-0.523,0.000,246,1,,3,2.36,3.65,3.4,3.5
35.8804,2,198.45,-0.065,0.077,-0.705,0.000,253,1,,3,2.36,3.65,3.4,3.5
35.9217,2,198.45,0.086,0.057,-0.604,0.000,290,1,,3,2.36,3.65,3.4,3.5
35.9728,2,198.45,-0.028,0.095,-0.709,0.000,228,1,,3,2.36,3.65,3.4,3.5
36.0151,2,198.45,0.093,0.041,-0.533,0.000,269,1,,3,2.36,3.65,3.4,3.5
36.0597,2,198.45,0.115,0.063,-0.531,0.000,231,1,,3,2.36,3.65,3.4,3.5
36.1085,2,198.45,0.044,0.050,-0.736,0.000,239,1,,3,2.36,3.65,3.4,3.5
36.1518,2,198.45,-0.006,0.073,-0.729,0.000,259,1,,3,2.36,3.65,3.4,3.5
36.1944,2,198.45,0.007,0.070,-0.793,0.000,267,1,,3,2.36,3.65,3.4,3.5
36.2354,2,198.45,-0.039,0.076,-0.702,0.000,258,1,,3,2.36,3.65,3.4,3.5
36.2839,2,198.45,-0.015,0.170,-0.698,0.000,266,1,,3,2.36,3.65,3.4,3.5
36.3305,2,198.45,0.017,0.111,-0.624,0.000,259,1,,3,2.36,3.65,3.4,3.5
36.3771,2,198.45,-0.009,0.451,-0.774,0.000,248,1,,3,2.36,3.65,3.4,3.5
36.4250,2,198.45,0.213,-0.030,-0.454,0.000,264,1,,3,2.36,3.65,3.4,3.5
36.4686,2,198.45,0.037,0.117,-0.851,0.000,175,1,,3,2.36,3.65,3.4,3.5
36.5341,2,198.45,0.157,0.072,-0.555,0.000,265,1,,3,2.36,3.65,3.4,3.5
36.5763,2,198.45,-0.009,0.067,-0.680,0.000,231,1,,3,2.36,3.65,3.4,3.5
36.6249,2,198.45,-0.009,0.435,-0.740,0.000,278,1,,3,2.36,3.65,3.4,3.5
36.6889,2,198.45,0.121,0.050,-0.549,0.000,268,1,,3,2.36,3.65,3.4,3.5
36.7338,2,198.45,0.157,0.102,-0.566,0.000,204,1,,3,2.36,3.65,3.4,3.5
36.8114,2,198.45,0.006,0.051,-0.704,0.000,232,1,,3,2.36,3.65,3.4,3.5
36.8607,2,198.45,-0.017,0.037,-0.752,0.000,274,1,,3,2.36,3.65,3.4,3.5
36.9012,2,198.45,0.010,0.011,-0.698,0.000,268,1,,3,2.36,3.65,3.4,3.5
36.9474,2,198.45,0.137,0.049,-0.608,0.000,252,1,,3,2.36,3.65,3.4,3.5
36.9921,2,198.45,-0.048,0.362,-0.614,0.000,233,1,,3,2.36,3.65,3.4,3.5
37.0280,2,198.45,0.029,0.085,-0.775,0.000,274,1,,3,2.36,3.65,3.4,3.5
37.0702,2,198.45,0.001,0.451,-0.731,0.000,240,1,,3,2.36,3.65,3.4,3.5
37.1223,2,198.45,-0.035,0.087,-0.684,0.000,264,1,,3,2.36,3.65,3.4,3.5
37.1728,2,198.45,0.165,0.029,-0.509,0.000,251,1,,3,2.36,3.65,3.4,3.5
37.2138,2,198.45,0.162,-0.138,-0.601,0.000,206,1,,3,2.36,3.65,3.4,3.5
37.2529,2,198.45,0.038,0.090,-0.815,0.000,187,1,,3,2.36,3.65,3.4,3.5
37.3050,2,198.45,0.190,0.216,-0.539,0.000,268,1,,3,2.36,3.65,3.4,3.5
37.3513,2,198.45,-0.008,0.056,-0.689,0.000,245,1,,3,2.36,3.65,3.4,3.5
37.3969,2,198.45,0.120,-0.001,-0.610,0.000,282,1,,3,2.36,3.65,3.4,3.5
37.4470,2,198.45,0.089,0.245,-0.739,0.000,230,1,,3,2.36,3.65,3.4,3.5
37.4912,2,198.45,-0.041,0.055,-0.666,0.000,259,1,,3,2.36,3.65,3.4,3.5
37.5293,2,198.45,0.035,0.073,-0.632,0.000,282,1,,3,2.36,3.65,3.4,3.5
37.5692,2,198.45,0.012,0.209,-0.774,0.000,249,1,,3,2.36,3.65,3.4,3.5
37.6054,2,198.45,0.013,0.061,-0.608,0.000,260,1,,3,2.36,3.65,3.4,3.5
37.6526,2,198.45,-0.004,0.134,-0.677,0.000,249,1,,3,2.36,3.65,3.4,3.5
37.6894,2,198.45,0.026,0.096,-0.822,0.000,259,1,,3,2.36,3.65,3.4,3.5
37.7452,2,198.45,0.005,0.185,-0.692,0.000,249,1,,3,2.36,3.65,3.4,3.5
37.7832,2,198.45,0.038,-0.013,-0.749,0.000,259,1,,3,2.36,3.65,3.4,3.5
37.8340,2,198.45,0.077,0.017,-0.574,0.000,229,1,,3,2.36,3.65,3.4,3.5
37.8831,2,198.45,0.289,0.140,-0.595,0.000,238,1,,3,2.36,3.65,3.4,3.5
37.9218,2,198.45,0.130,0.090,-0.668,0.000,228,1,,3,2.36,3.65,3.4,3.5
37.9649,2,198.45,0.009,0.148,-0.590,0.000,256,1,,3,2.36,3.65,3.4,3.5
38.0105,2,198.45,0.206,0.101,-0.670,0.000,276,1,,3,2.36,3.65,3.4,3.5
38.0585,2,198.45,0.121,0.087,-0.713,0.000,229,1,,3,2.36,3.65,3.4,3.5
38.0984,2,198.45,0.073,0.030,-0.602,0.000,252,1,,3,2.36,3.65,3.4,3.5
38.1578,2,198.45,-0.031,0.009,-0.715,0.000,257,1,,3,2.36,3.65,3.4,3.5
38.2006,2,198.45,0.176,0.076,-0.568,0.000,279,1,,3,2.36,3.65,3.4,3.5
38.2548,2,198.45,-0.017,-0.016,-0.696,0.000,233,1,,3,2.36,3.65,3.4,3.5
38.2929,2,198.45,0.072,0.096,-0.825,0.000,276,1,,3,2.36,3.65,3.4,3.5
38.3319,2,198.45,0.127,0.094,-0.588,0.000,251,1,,3,2.36,3.65,3.4,3.5
38.3863,2,198.45,0.031,0.070,-0.671,0.000,242,1,,3,2.36,3.65,3.4,3.5
38.4377,2,198.45,-0.056,0.157,-0.678,0.000,262,1,,3,2.36,3.65,3.4,3.5
38.4957,2,198.45,-0.010,0.059,-0.701,0.000,274,1,,3,2.36,3.65,3.4,3.5
38.5548,2,198.45,0.056,0.053,-0.714,0.000,252,1,,3,2.36,3.65,3.4,3.5
38.6025,2,198.45,-0.048,0.045,-0.698,0.000,239,1,,3,2.36,3.65,3.4,3.5
38.6502,2,198.45,0.123,0.044,-0.607,0.000,267,1,,3,2.36,3.65,3.4,3.5
38.6911,2,198.45,-0.032,-0.002,-0.745,0.000,230,1,,3,2.36,3.65,3.4,3.5
38.7369,2,198.45,0.247,0.099,-0.596,0.000,269,1,,3,2.36,3.65,3.4,3.5
38.7769,2,198.45,-0.064,0.073,-0.745,0.000,227,1,,3,2.36,3.65,3.4,3.5
38.8166,2,198.45,0.042,0.086,-0.687,0.000,287,1,,3,2.36,3.65,3.4,3.5
38.8703,2,198.45,0.076,0.146,-0.620,0.000,251,1,,3,2.36,3.65,3.4,3.5
38.9263,2,198.45,-0.051,0.024,-0.691,0.000,249,1,,3,2.36,3.65,3.4,3.5
38.9687,2,198.45,0.005,0.026,-0.683,0.000,274,1,,3,2.36,3.65,3.4,3.5
39.0258,2,198.45,0.112,0.147,-0.588,0.000,249,1,,3,2.36,3.65,3.4,3.5
39.0842,2,198.45,0.170,0.103,-0.674,0.000,242,1,,3,2.36,3.65,3.4,3.5
39.1311,2,198.45,-0.086,0.367,-0.654,0.000,234,1,,3,2.36,3.65,3.4,3.5
39.1854,2,198.45,0.067,0.247,-0.567,0.000,280,1,,3,2.36,3.65,3.4,3.5
39.2375,2,198.45,-0.061,0.023,-0.711,0.000,246,1,,3,2.36,3.65,3.4,3.5
39.2849,2,198.45,-0.075,0.074,-0.637,0.000,275,1,,3,2.36,3.65,3.4,3.5
39.3382,2,198.45,0.061,0.202,-0.577,0.000,265,1,,3,2.36,3.65,3.4,3.5
39.4065,2,198.45,-0.014,-0.008,-0.676,0.000,245,1,,3,2.36,3.65,3.4,3.5
39.4517,2,198.45,0.178,0.085,-0.671,0.000,245,1,,3,2.36,3.65,3.4,3.5
39.4989,2,198.45,-0.020,0.096,-0.736,0.000,228,1,,3,2.36,3.65,3.4,3.5
39.5434,2,198.45,0.106,-0.015,-0.566,0.000,271,1,,3,2.36,3.65,3.4,3.5
39.5968,2,198.45,-0.032,0.015,-0.637,0.000,228,1,,3,2.36,3.65,3.4,3.5
39.6579,2,198.45,0.008,0.025,-0.645,0.000,271,1,,3,2.36,3.65,3.4,3.5
39.7069,2,198.45,-0.112,0.141,-0.767,0.000,254,1,,3,2.36,3.65,3.4,3.5
39.7553,2,198.45,0.119,0.124,-0.664,0.000,275,1,,3,2.36,3.65,3.4,3.5
39.7936,2,198.45,0.159,0.071,-0.625,0.000,233,1,,3,2.36,3.65,3.4,3.5
39.8443,2,198.45,-0.007,0.101,-0.678,0.000,230,1,,3,2.36,3.65,3.4,3.5
39.8900,2,198.45,-0.088,0.186,-0.719,0.000,270,1,,3,2.36,3.65,3.4,3.5
39.9321,2,198.45,0.053,0.052,-0.593,0.000,276,1,,3,2.36,3.65,3.4,3.5
39.9748,2,198.45,0.146,0.107,-0.717,0.000,232,1,,3,2.36,3.65,3.4,3.5
40.0323,2,198.45,0.127,-0.061,-0.606,0.000,234,1,,3,2.36,3.65,3.4,3.5
40.0835,2,198.45,-0.017,-0.017,-0.631,0.000,221,1,,3,2.36,3.65,3.4,3.5
40.1318,2,198.45,0.060,0.084,-0.811,0.000,274,1,,3,2.36,3.65,3.4,3.5
40.1736,2,198.45,0.007,0.060,-0.698,0.000,252,1,,3,2.36,3.65,3.4,3.5
40.2172,2,198.45,-0.037,0.061,-0.694,0.000,260,1,,3,2.36,3.65,3.4,3.5
40.2642,2,198.45,0.014,-0.021,-0.654,0.000,265,1,,3,2.36,3.65,3.4,3.5
40.3038,2,198.45,0.033,0.088,-0.771,0.000,243,1,,3,2.36,3.65,3.4,3.5
40.3384,2,198.45,-0.005,0.085,-0.758,0.000,251,1,,3,2.36,3.65,3.4,3.5
40.3798,2,198.45,0.052,0.097,-0.803,0.000,258,1,,3,2.36,3.65,3.4,3.5
40.4171,2,198.45,0.159,-0.094,-0.558,0.000,247,1,,3,2.36,3.65,3.4,3.5
40.4693,2,198.45,0.103,0.081,-0.606,0.000,206,1,,3,2.36,3.65,3.4,3.5
40.5182,2,198.45,-0.042,0.072,-0.725,0.000,252,1,,3,2.36,3.65,3.4,3.5
40.5675,2,198.45,-0.009,0.040,-0.707,0.000,276,1,,3,2.36,3.65,3.4,3.5
40.6125,2,198.45,-0.030,0.052,-0.715,0.000,258,1,,3,2.36,3.65,3.4,3.5
40.6589,2,198.45,0.152,0.091,-0.690,0.000,260,1,,3,2.36,3.65,3.4,3.5
