# generated, 2026-09-01T02:57:22+00:00
# source, results/flights/2026-08-29_231418
frame,t_capture,t_host,x_mm,y_mm,z_mm,theta_deg,phi_deg,psi_deg,nx,ny,nz,vx_mm_s,vy_mm_s,vz_mm_s,ellipse_cx,ellipse_cy,major_px,minor_px,ellipse_deg,area_px,fit_rms_px,ambiguity_margin_deg,n_solutions,jump_deg,discrepancy_mm,margin,refine_rms_px,union_coverage,pred_pos_mm,pred_ang_deg,t_seg_ms,t_est_ms,t_total_ms
4,431175.941375,431175.941375,7.0610,-2.4811,134.7321,42.2704,-8.8382,77.8613,0.664643,-0.103346,-0.739979,,,,803.822,335.080,416.274,306.137,77.861,0.0,nan,85.375,2,,0.4641,39.8854,5.2718,0.8611,,,14.7167,9.1128,23.8295
5,431175.968503,431175.968503,6.9134,-2.5849,134.7267,42.7100,-9.3477,77.8613,0.669281,-0.110171,-0.734796,,,,803.822,335.080,416.274,306.137,77.861,0.0,nan,85.375,2,0.558,0.4641,39.8854,5.0697,0.8944,,,12.4268,7.2266,19.6534
6,431175.988784,431175.988784,6.9579,-2.4089,134.7238,42.5852,-8.5849,77.8613,0.669104,-0.101012,-0.736272,,,,803.822,335.080,416.274,306.137,77.861,0.0,nan,85.375,2,0.532,0.4641,39.8854,5.0751,0.8500,,,13.0322,11.1337,24.1660
7,431176.023397,431176.023397,6.9769,-2.4719,134.7181,42.9530,-9.7400,77.8613,0.671577,-0.115278,-0.731912,,,,803.822,335.080,416.274,306.137,77.861,0.0,nan,85.375,2,0.866,0.4641,39.8854,4.9126,0.8444,,,11.3987,13.1441,24.5428
8,431176.048650,431176.048650,6.7802,-2.5935,134.9652,42.6092,-8.5810,77.8613,0.669416,-0.101013,-0.735988,,,,803.822,335.080,416.274,306.137,77.861,0.0,nan,85.375,2,0.859,0.4641,39.8854,5.5529,0.9333,,,12.8197,4.3192,17.1388
9,431176.083658,431176.083658,6.9590,-2.4802,134.7131,42.4632,-9.4836,77.8613,0.665890,-0.111236,-0.737711,,,,803.822,335.080,416.274,306.137,77.861,0.0,nan,85.375,2,0.627,0.4641,39.8854,5.0233,0.8556,,,12.6575,12.6132,25.2707
10,431176.105791,431176.105791,7.0279,-2.4433,134.7121,42.8268,-9.9351,77.8613,0.669590,-0.117285,-0.733412,,,,803.822,335.080,416.274,306.137,77.861,0.0,nan,85.375,2,0.475,0.4641,39.8854,4.8717,0.8278,,,12.4448,16.8994,29.3442
11,431176.135065,431176.135065,6.8900,-2.5907,134.7160,42.5606,-9.0294,77.8613,0.667988,-0.106150,-0.736562,,,,803.822,335.080,416.274,306.137,77.861,0.0,nan,85.375,2,0.669,0.4641,39.8854,5.0797,0.8611,,,11.0760,5.8997,16.9756
12,431176.164358,431176.164358,6.8715,-2.4942,134.7390,42.2144,-9.1565,77.8613,0.663345,-0.106921,-0.740636,,,,803.822,335.080,416.274,306.137,77.861,0.0,nan,85.375,2,0.357,0.4641,39.8854,5.1963,0.8667,,,12.4714,10.5895,23.0608
13,431176.189233,431176.189233,6.7882,-2.7871,134.6997,42.7795,-8.9033,77.8613,0.670995,-0.105115,-0.733973,,,,803.822,335.080,416.274,306.137,77.861,0.0,nan,85.375,2,0.590,0.4641,39.8854,5.2864,0.8333,,,12.6295,7.2011,19.8307
14,431176.217852,431176.217852,6.9627,-2.4082,134.7423,42.3912,-9.3964,77.8613,0.665143,-0.110070,-0.738559,,,,803.822,335.080,416.274,306.137,77.861,0.0,nan,85.375,2,0.512,0.4641,39.8854,4.9738,0.8333,,,12.5308,12.7882,25.3189
15,431176.245015,431176.245015,6.9129,-2.4336,134.7327,42.6550,-9.9952,77.8613,0.667298,-0.117605,-0.735447,,,,803.822,335.080,416.274,306.137,77.861,0.0,nan,85.375,2,0.483,0.4641,39.8854,4.9948,0.8444,,,11.1131,11.9962,23.1093
16,431176.270155,431176.270155,6.8109,-2.5780,134.7276,42.6258,-9.1347,77.8613,0.668619,-0.107511,-0.735792,,,,803.822,335.080,416.274,306.137,77.861,0.0,nan,85.375,2,0.584,0.4641,39.8854,5.2134,0.9056,,,12.4207,4.8594,17.2800
17,431176.296427,431176.296427,6.9934,-2.6072,134.7304,42.9053,-10.8513,77.8613,0.668615,-0.128166,-0.732480,,,,803.822,335.080,416.274,306.137,77.861,0.0,nan,85.375,2,1.199,0.4641,39.8854,4.7852,0.9056,,,11.6346,8.5208,20.1555
18,431176.322278,431176.322278,6.8379,-2.6044,134.6989,42.2951,-8.9368,77.8613,0.664780,-0.104539,-0.739689,,,,803.822,335.080,416.274,306.137,77.861,0.0,nan,85.375,2,1.432,0.4641,39.8854,5.2684,0.8389,,,11.9265,4.6612,16.5877
19,431176.352799,431176.352799,6.8612,-2.5136,134.7222,42.6730,-9.1478,77.8613,0.669192,-0.107760,-0.735234,,,,803.822,335.080,416.274,306.137,77.861,0.0,nan,85.375,2,0.404,0.4641,39.8854,5.1342,0.8778,,,11.2808,12.2238,23.5046
20,431176.379917,431176.379917,6.8353,-2.4541,134.7015,42.7542,-9.6489,77.8613,0.669252,-0.113783,-0.734272,,,,803.822,335.080,416.274,306.137,77.861,0.0,nan,85.375,2,0.349,0.4641,39.8854,5.2001,0.8556,,,12.1002,6.9386,19.0388
21,431176.407530,431176.407530,6.8141,-2.4762,134.7317,42.5896,-9.5048,77.8613,0.667452,-0.111751,-0.736219,,,,803.822,335.080,416.274,306.137,77.861,0.0,nan,85.375,2,0.191,0.4641,39.8854,5.1464,0.8722,,,11.4702,8.4233,19.8935
22,431176.436138,431176.436138,7.0251,-2.5016,134.7362,42.7980,-9.7903,77.8613,0.669521,-0.115529,-0.733754,,,,803.822,335.080,416.274,306.137,77.861,0.0,nan,85.375,2,0.284,0.4641,39.8854,4.8963,0.8500,,,11.6834,13.9818,25.6651
23,431176.460095,431176.460095,6.8142,-2.6128,134.7399,42.4744,-8.7743,77.8613,0.667358,-0.103007,-0.737579,,,,803.822,335.080,416.274,306.137,77.861,0.0,nan,85.375,2,0.760,0.4641,39.8854,5.2892,0.8889,,,11.0218,6.4564,17.4782
24,431176.480637,431176.480637,6.9858,-2.4833,134.7246,42.7652,-8.9708,77.8613,0.670690,-0.105876,-0.734143,,,,803.822,335.080,416.274,306.137,77.861,0.0,nan,85.375,2,0.320,0.4641,39.8854,5.1327,0.8611,,,12.9276,9.5880,22.5156
25,431176.516417,431176.516417,6.8666,-2.3809,134.7628,42.8641,-8.5363,77.8613,0.672726,-0.100975,-0.732969,,,,803.822,335.080,416.274,306.137,77.861,0.0,nan,85.375,2,0.311,0.4641,39.8854,5.1733,0.8444,,,11.7509,8.5545,20.3054
26,431176.539845,431176.539845,6.8338,-2.4918,134.7157,42.6570,-8.4631,77.8613,0.670229,-0.099725,-0.735423,,,,803.822,335.080,416.274,306.137,77.861,0.0,nan,85.375,2,0.213,0.4641,39.8854,5.2956,0.8833,,,11.1715,8.9310,20.1025
27,431176.568069,431176.568069,6.9995,-2.4473,134.7310,42.9208,-10.0422,77.8613,0.670553,-0.118746,-0.732296,,,,803.822,335.080,416.274,306.137,77.861,0.0,nan,85.375,2,1.105,0.4641,39.8854,4.9168,0.8333,,,11.0169,8.2368,19.2538
28,431176.595960,431176.595960,6.9759,-2.5081,134.7059,42.8754,-10.4656,77.8613,0.669087,-0.123592,-0.732835,,,,803.822,335.080,416.274,306.137,77.861,0.0,nan,85.375,2,0.292,0.4641,39.8854,5.0008,0.8500,,,12.5964,15.2276,27.8240
29,431176.619357,431176.619357,6.8360,-2.3964,134.7407,42.1761,-8.5873,77.8613,0.663885,-0.100253,-0.741085,,,,803.822,335.080,416.274,306.137,77.861,0.0,nan,85.375,2,1.449,0.4641,39.8854,5.3454,0.8556,,,11.5551,6.2527,17.8077
30,431176.648100,431176.648100,6.8521,-2.4781,134.7224,42.5791,-9.8119,77.8613,0.666710,-0.115304,-0.736344,,,,803.822,335.080,416.274,306.137,77.861,0.0,nan,85.375,2,0.919,0.4641,39.8854,5.1043,0.8611,,,12.5819,10.6360,23.2179
31,431176.671705,431176.671705,6.8438,-2.4802,134.7253,42.7600,-9.0526,77.8613,0.670472,-0.106824,-0.734204,,,,803.822,335.080,416.274,306.137,77.861,0.0,nan,85.375,2,0.546,0.4641,39.8854,5.1642,0.8722,,,10.9759,5.2904,16.2662
32,431176.696594,431176.696594,6.9380,-2.5025,134.6928,43.0358,-9.0072,77.8613,0.674040,-0.106844,-0.730927,,,,803.822,335.080,416.274,306.137,77.861,0.0,nan,85.375,2,0.278,0.4641,39.8854,5.1431,0.8667,,,11.5434,10.3869,21.9303
33,431176.727825,431176.727825,6.8175,-2.5767,134.7571,42.6823,-8.6162,77.8613,0.670282,-0.101564,-0.735124,,,,803.822,335.080,416.274,306.137,77.861,0.0,nan,85.375,2,0.442,0.4641,39.8854,5.3370,0.9056,,,13.5926,7.3510,20.9437
34,431176.744218,431176.744218,6.9361,-2.4659,134.7027,42.8050,-9.9473,77.8613,0.669291,-0.117379,-0.733670,,,,803.822,335.080,416.274,306.137,77.861,0.0,nan,85.375,2,0.912,0.4641,39.8854,4.9399,0.8500,,,12.4987,12.6830,25.1817
35,431176.775385,431176.775385,6.8121,-2.4815,134.7114,42.9092,-9.4727,77.8613,0.671555,-0.112050,-0.732433,,,,803.822,335.080,416.274,306.137,77.861,0.0,nan,85.375,2,0.339,0.4641,39.8854,5.1694,0.8722,,,11.6212,8.5186,20.1398
36,431176.803319,431176.803319,6.9214,-2.5202,134.7038,42.6336,-8.7253,77.8613,0.669469,-0.102746,-0.735700,,,,803.822,335.080,416.274,306.137,77.861,0.0,nan,85.375,2,0.578,0.4641,39.8854,5.1661,0.8778,,,12.8648,9.0944,21.9593
37,431176.828654,431176.828654,6.9740,-2.4318,134.7295,42.8405,-9.7239,77.8613,0.670191,-0.114846,-0.733249,,,,803.822,335.080,416.274,306.137,77.861,0.0,nan,85.375,2,0.709,0.4641,39.8854,4.9806,0.8333,,,12.2965,13.4101,25.7066
38,431176.856606,431176.856606,6.9494,-2.3768,134.7327,43.0663,-8.9345,77.8613,0.674559,-0.106049,-0.730564,,,,803.822,335.080,416.274,306.137,77.861,0.0,nan,85.375,2,0.583,0.4641,39.8854,5.0957,0.8333,,,12.6987,9.9269,22.6255
39,431176.884242,431176.884242,6.8446,-2.6849,134.6829,42.8860,-8.6269,77.8613,0.672843,-0.102082,-0.732709,,,,803.822,335.080,416.274,306.137,77.861,0.0,nan,85.375,2,0.276,0.4641,39.8854,5.2930,0.8389,,,11.5087,5.8736,17.3823
40,431176.908837,431176.908837,6.8325,-2.5324,134.7030,42.6396,-8.8507,77.8613,0.669319,-0.104223,-0.735629,,,,803.822,335.080,416.274,306.137,77.861,0.0,nan,85.375,2,0.290,0.4641,39.8854,5.3067,0.8889,,,11.6995,7.2045,18.9040
41,431176.932390,431176.932390,6.9147,-2.4322,134.7238,42.5234,-9.8952,77.8613,0.665836,-0.116150,-0.737002,,,,803.822,335.080,416.274,306.137,77.861,0.0,nan,85.375,2,0.716,0.4641,39.8854,4.9776,0.8389,,,12.4353,17.1205,29.5559
42,431176.965692,431176.965692,6.8794,-2.5645,134.7446,42.8797,-9.9093,77.8613,0.670309,-0.117100,-0.732784,,,,803.822,335.080,416.274,306.137,77.861,0.0,nan,85.375,2,0.356,0.4641,39.8854,5.0225,0.8889,,,11.6338,12.5503,24.1840
43,431176.993082,431176.993082,7.0079,-2.3818,134.7151,42.7116,-9.7034,77.8613,0.668604,-0.114327,-0.734778,,,,803.822,335.080,416.274,306.137,77.861,0.0,nan,85.375,2,0.219,0.4641,39.8854,4.9405,0.8111,,,10.8241,19.9479,30.7720
44,431177.020667,431177.020667,6.8582,-2.5309,134.7124,43.0870,-10.4400,77.8613,0.671799,-0.123783,-0.730317,,,,803.822,335.080,416.274,306.137,77.861,0.0,nan,85.375,2,0.626,0.4641,39.8854,5.0101,0.8722,,,11.6761,9.7734,21.4495
45,431177.049059,431177.049059,6.9684,-2.3982,134.7334,42.7844,-9.7120,77.8613,0.669507,-0.114586,-0.733915,,,,803.822,335.080,416.274,306.137,77.861,0.0,nan,85.375,2,0.581,0.4641,39.8854,4.9560,0.8333,,,11.5512,14.5286,26.0798
46,431177.073720,431177.073720,6.8895,-2.3692,134.7258,42.6550,-9.0614,77.8613,0.669126,-0.106715,-0.735447,,,,803.822,335.080,416.274,306.137,77.861,0.0,nan,85.375,2,0.460,0.4641,39.8854,5.1213,0.8333,,,11.5548,11.7182,23.2730
47,431177.103985,431177.103985,6.9257,-2.4281,134.7228,42.6994,-9.7042,77.8613,0.668449,-0.114310,-0.734921,,,,803.822,335.080,416.274,306.137,77.861,0.0,nan,85.375,2,0.438,0.4641,39.8854,4.9965,0.8389,,,11.3059,9.6728,20.9787
48,431177.152811,431177.152811,6.9258,-2.5619,134.7256,42.9609,-9.9278,77.8613,0.671294,-0.117495,-0.731820,,,,803.822,335.080,416.274,306.137,77.861,0.0,nan,85.375,2,0.302,0.4641,39.8854,5.0603,0.8833,,,11.7285,8.6041,20.3325
49,431177.188237,431177.188237,6.9397,-2.3090,134.7315,42.6067,-9.4117,77.8613,0.667850,-0.110701,-0.736018,,,,803.822,335.080,416.274,306.137,77.861,0.0,nan,85.375,2,0.498,0.4641,39.8854,5.0997,0.8167,,,12.0180,15.0849,27.1029
50,431177.232725,431177.232725,6.8480,-2.4661,134.7413,42.5950,-8.9661,77.8613,0.668542,-0.105482,-0.736156,,,,803.822,335.080,416.274,306.137,77.861,0.0,nan,85.375,2,0.302,0.4641,39.8854,5.1409,0.8722,,,11.0056,7.5669,18.5725
51,431177.264541,431177.264541,6.8337,-2.5318,134.7168,42.7570,-9.2106,77.8613,0.670137,-0.108666,-0.734240,,,,803.822,335.080,416.274,306.137,77.861,0.0,nan,85.375,2,0.232,0.4641,39.8854,5.2055,0.8889,,,11.0258,7.6475,18.6734
52,431177.312267,431177.312267,6.9337,-2.4022,134.7230,42.4471,-8.7078,77.8613,0.667130,-0.102178,-0.737901,,,,803.822,335.080,416.274,306.137,77.861,0.0,nan,85.375,2,0.460,0.4641,39.8854,5.2015,0.8444,,,12.5202,11.6217,24.1418
53,431177.343714,431177.343714,6.9590,-2.3472,134.7374,42.4121,-8.5180,77.8613,0.667018,-0.099901,-0.738313,,,,803.822,335.080,416.274,306.137,77.861,0.0,nan,85.375,2,0.133,0.4641,39.8854,5.2083,0.8278,,,11.3984,9.8280,21.2264
54,431177.368741,431177.368741,6.8033,-2.5071,134.7560,42.5669,-8.6626,77.8613,0.668733,-0.101884,-0.736489,,,,803.822,335.080,416.274,306.137,77.861,0.0,nan,85.375,2,0.183,0.4641,39.8854,5.2901,0.8889,,,11.3227,5.9663,17.2890
55,431177.402612,431177.402612,6.8473,-2.6163,134.7377,42.5595,-8.6000,77.8613,0.668751,-0.101139,-0.736575,,,,803.822,335.080,416.274,306.137,77.861,0.0,nan,85.375,2,0.043,0.4641,39.8854,5.3198,0.8500,,,11.2465,8.2279,19.4744
56,431177.432812,431177.432812,6.9676,-2.5417,134.6881,42.4064,-8.6899,77.8613,0.666643,-0.101891,-0.738380,,,,803.822,335.080,416.274,306.137,77.861,0.0,nan,85.375,2,0.165,0.4641,39.8854,5.2661,0.8778,,,11.1875,8.2974,19.4849
57,431177.464004,431177.464004,6.8931,-2.6018,134.7186,42.8671,-10.5958,77.8613,0.668700,-0.125094,-0.732934,,,,803.822,335.080,416.274,306.137,77.861,0.0,nan,85.375,2,1.371,0.4641,39.8854,4.9940,0.9056,,,11.3544,10.9886,22.3430
58,431177.496734,431177.496734,6.8601,-2.4982,134.7470,43.0586,-8.9671,77.8613,0.674401,-0.106418,-0.730656,,,,803.822,335.080,416.274,306.137,77.861,0.0,nan,85.375,2,1.126,0.4641,39.8854,5.1648,0.8778,,,11.3657,6.9207,18.2863
59,431177.530793,431177.530793,6.7779,-2.5969,134.9590,42.5822,-8.6210,77.8613,0.669003,-0.101428,-0.736307,,,,803.822,335.080,416.274,306.137,77.861,0.0,nan,85.375,2,0.531,0.4641,39.8854,5.5984,0.9333,,,10.9831,4.5925,15.5756
60,431177.564307,431177.564307,6.8605,-2.4615,134.7324,42.5971,-8.6723,77.8613,0.669101,-0.102056,-0.736131,,,,803.822,335.080,416.274,306.137,77.861,0.0,nan,85.375,2,0.038,0.4641,39.8854,5.2229,0.8667,,,13.5631,7.5402,21.1033
61,431177.589044,431177.589044,6.8854,-2.5436,134.7333,42.6612,-9.0427,77.8613,0.669240,-0.106509,-0.735373,,,,803.822,335.080,416.274,306.137,77.861,0.0,nan,85.375,2,0.259,0.4641,39.8854,5.1274,0.8889,,,12.7007,9.0218,21.7225
62,431177.616727,431177.616727,6.8826,-2.4241,134.7159,42.6365,-9.5239,77.8613,0.668008,-0.112073,-0.735666,,,,803.822,335.080,416.274,306.137,77.861,0.0,nan,85.375,2,0.327,0.4641,39.8854,5.1493,0.8444,,,12.6728,11.8063,24.4792
63,431177.653254,431177.653254,6.8852,-2.4567,134.7209,42.4700,-9.3615,77.8613,0.666212,-0.109831,-0.737631,,,,803.822,335.080,416.274,306.137,77.861,0.0,nan,85.375,2,0.199,0.4641,39.8854,5.1258,0.8556,,,15.2725,12.0035,27.2760
64,431177.677223,431177.677223,6.8690,-2.5788,134.6933,42.6238,-9.8882,77.8613,0.667122,-0.116290,-0.735816,,,,803.822,335.080,416.274,306.137,77.861,0.0,nan,85.375,2,0.388,0.4641,39.8854,5.1487,0.9056,,,17.3268,7.1207,24.4475
65,431177.710623,431177.710623,6.8050,-2.6597,134.6958,43.0421,-9.7280,77.8613,0.672721,-0.115329,-0.730853,,,,803.822,335.080,416.274,306.137,77.861,0.0,nan,85.375,2,0.432,0.4641,39.8854,5.1469,0.8611,,,12.6932,7.1445,19.8377
66,431177.737934,431177.737934,6.8222,-2.5986,134.7161,42.7178,-8.5038,77.8613,0.670930,-0.100317,-0.734704,,,,803.822,335.080,416.274,306.137,77.861,0.0,nan,85.375,2,0.894,0.4641,39.8854,5.2665,0.8444,,,12.6863,6.1315,18.8178
67,431177.765942,431177.765942,6.8602,-2.5291,134.7156,42.7506,-9.6349,77.8613,0.669233,-0.113611,-0.734315,,,,803.822,335.080,416.274,306.137,77.861,0.0,nan,85.375,2,0.768,0.4641,39.8854,5.0390,0.8833,,,12.4527,8.8783,21.3310
68,431177.797665,431177.797665,7.0250,-2.4100,134.7163,43.0125,-9.7472,77.8613,0.672310,-0.115491,-0.731205,,,,803.822,335.080,416.274,306.137,77.861,0.0,nan,85.375,2,0.273,0.4641,39.8854,5.0833,0.8278,,,13.7566,13.4910,27.2476
69,431177.827266,431177.827266,6.8498,-2.5388,134.7418,43.0575,-9.3341,77.8613,0.673693,-0.110733,-0.730669,,,,803.822,335.080,416.274,306.137,77.861,0.0,nan,85.375,2,0.286,0.4641,39.8854,5.1307,0.8889,,,12.0987,11.2530,23.3517
70,431177.848469,431177.848469,6.9359,-2.5753,134.6978,42.6715,-8.8973,77.8613,0.669639,-0.104831,-0.735251,,,,803.822,335.080,416.274,306.137,77.861,0.0,nan,85.375,2,0.487,0.4641,39.8854,5.1183,0.8333,,,22.1687,20.2990,42.4678
71,431177.881198,431177.881198,6.7865,-2.5962,134.6960,42.5876,-8.7045,77.8613,0.668922,-0.102413,-0.736244,,,,803.822,335.080,416.274,306.137,77.861,0.0,nan,85.375,2,0.155,0.4641,39.8854,5.3779,0.8556,,,29.5250,9.6945,39.2195
72,431177.910088,431177.910088,6.8100,-2.8436,134.7108,43.1073,-12.1235,77.8613,0.668126,-0.143521,-0.730075,,,,803.822,335.080,416.274,306.137,77.861,0.0,nan,85.375,2,2.382,0.4641,39.8854,4.9017,0.8889,,,23.0572,17.7791,40.8363
73,431177.936641,431177.936641,7.0000,-2.5935,134.9608,42.6092,-8.5810,77.8613,0.669416,-0.101013,-0.735988,,,,803.822,335.080,416.274,306.137,77.861,0.0,nan,85.375,2,2.460,0.4641,39.8854,5.4230,0.9111,,,20.7342,13.7473,34.4815
74,431177.964853,431177.964853,6.9810,-2.5936,134.9908,42.6092,-8.5810,77.8613,0.669416,-0.101013,-0.735988,,,,803.822,335.080,416.274,306.137,77.861,0.0,nan,85.375,2,0.000,0.4641,39.8854,5.4477,0.9167,,,20.5145,15.2040,35.7185
75,431177.990776,431177.990776,6.9054,-2.5002,134.7570,42.5985,-8.4254,77.8613,0.669552,-0.099174,-0.736115,,,,803.822,335.080,416.274,306.137,77.861,0.0,nan,85.375,2,0.106,0.4641,39.8854,5.2134,0.8778,,,16.1163,18.0741,34.1904
76,431178.012627,431178.012627,6.9841,-2.4361,134.7295,42.7867,-10.3595,77.8613,0.668198,-0.122149,-0.733888,,,,803.822,335.080,416.274,306.137,77.861,0.0,nan,85.375,2,1.325,0.4641,39.8854,4.9986,0.8278,,,18.2288,19.2915,37.5203
77,431178.044777,431178.044777,6.8187,-2.5810,134.7361,42.7145,-9.2046,77.8613,0.669611,-0.108508,-0.734743,,,,803.822,335.080,416.274,306.137,77.861,0.0,nan,85.375,2,0.787,0.4641,39.8854,5.2363,0.9167,,,23.9742,13.5773,37.5515
78,431178.073779,431178.073779,6.7754,-2.5896,134.9586,42.6010,-8.3963,77.8613,0.669633,-0.098839,-0.736086,,,,803.822,335.080,416.274,306.137,77.861,0.0,nan,85.375,2,0.559,0.4641,39.8854,5.5860,0.9389,,,23.4767,4.7954,28.2721
79,431178.101564,431178.101564,6.8064,-2.5391,134.7884,43.0878,-8.8726,77.8613,0.674944,-0.105362,-0.730308,,,,803.822,335.080,416.274,306.137,77.861,0.0,nan,85.375,2,0.585,0.4641,39.8854,5.2066,0.8944,,,17.4495,12.8825,30.3320
80,431178.130979,431178.130979,7.0577,-2.4678,134.7396,43.2631,-10.1840,77.8613,0.674552,-0.121177,-0.728214,,,,803.822,335.080,416.274,306.137,77.861,0.0,nan,85.375,2,0.914,0.4641,39.8854,4.9732,0.8333,,,21.3647,17.2246,38.5893
81,431178.156362,431178.156362,6.9589,-2.5365,134.6910,42.7171,-8.6848,77.8613,0.670601,-0.102435,-0.734712,,,,803.822,335.080,416.274,306.137,77.861,0.0,nan,85.375,2,1.159,0.4641,39.8854,5.2045,0.8722,,,22.0418,11.4711,33.5129
82,431178.180558,431178.180558,6.8258,-2.5553,134.6949,42.7969,-8.6350,77.8613,0.671701,-0.102005,-0.733766,,,,803.822,335.080,416.274,306.137,77.861,0.0,nan,85.375,2,0.087,0.4641,39.8854,5.3594,0.8611,,,22.2467,12.7672,35.0140
83,431178.212427,431178.212427,6.7827,-2.5373,134.8173,42.3409,-8.5416,77.8613,0.666069,-0.100039,-0.739151,,,,803.822,335.080,416.274,306.137,77.861,0.0,nan,85.375,2,0.460,0.4641,39.8854,5.4445,0.9056,,,16.3610,5.3677,21.7287
84,431178.236693,431178.236693,7.0344,-2.4030,134.7466,43.2072,-7.7447,77.8613,0.678394,-0.092262,-0.728882,,,,803.822,335.080,416.274,306.137,77.861,0.0,nan,85.375,2,1.021,0.4641,39.8854,5.1444,0.8444,,,15.7429,13.8728,29.6157
85,431178.260703,431178.260703,6.8124,-2.6150,134.7280,42.5045,-8.4715,77.8613,0.668276,-0.099535,-0.737224,,,,803.822,335.080,416.274,306.137,77.861,0.0,nan,85.375,2,0.859,0.4641,39.8854,5.3645,0.8556,,,12.2586,4.3819,16.6405
86,431178.288599,431178.288599,6.8278,-2.5411,134.6990,43.1667,-8.5921,77.8613,0.676446,-0.102208,-0.729366,,,,803.822,335.080,416.274,306.137,77.861,0.0,nan,85.375,2,0.667,0.4641,39.8854,5.2982,0.8889,,,11.5830,11.0249,22.6079
87,431178.308917,431178.308917,6.8746,-2.5884,134.7171,43.2191,-8.5122,77.8613,0.677247,-0.101363,-0.728740,,,,803.822,335.080,416.274,306.137,77.861,0.0,nan,85.375,2,0.076,0.4641,39.8854,5.2744,0.8389,,,12.7065,6.3221,19.0286
88,431178.336122,431178.336122,6.9335,-2.4687,134.7191,42.7531,-9.7623,77.8613,0.669011,-0.115105,-0.734285,,,,803.822,335.080,416.274,306.137,77.861,0.0,nan,85.375,2,0.971,0.4641,39.8854,5.1701,0.8500,,,11.6930,9.5395,21.2325
89,431178.364623,431178.364623,6.7730,-2.5835,134.6626,42.6792,-8.4157,77.8613,0.670593,-0.099213,-0.735161,,,,803.822,335.080,416.274,306.137,77.861,0.0,nan,85.375,2,0.916,0.4641,39.8854,5.4667,0.8500,,,11.9541,5.2020,17.1561
90,431178.388126,431178.388126,6.7957,-2.3988,134.7897,42.6500,-9.0362,77.8613,0.669110,-0.106410,-0.735506,,,,803.822,335.080,416.274,306.137,77.861,0.0,nan,85.375,2,0.421,0.4641,39.8854,5.2276,0.8556,,,13.4482,6.0500,19.4982
91,431178.417199,431178.417199,6.9299,-2.5342,134.7078,42.4611,-9.8936,77.8613,0.665050,-0.115994,-0.737736,,,,803.822,335.080,416.274,306.137,77.861,0.0,nan,85.375,2,0.610,0.4641,39.8854,4.9487,0.8722,,,11.4527,19.0462,30.4990
92,431178.444595,431178.444595,7.0921,-2.5936,134.9563,42.6092,-8.5810,77.8613,0.669416,-0.101013,-0.735988,,,,803.822,335.080,416.274,306.137,77.861,0.0,nan,85.375,2,0.900,0.4641,39.8854,5.5388,0.9167,,,12.5274,11.0215,23.5488
93,431178.472369,431178.472369,6.8677,-2.4315,134.7293,42.6233,-9.2325,77.8613,0.668403,-0.108647,-0.735821,,,,803.822,335.080,416.274,306.137,77.861,0.0,nan,85.375,2,0.441,0.4641,39.8854,5.1759,0.8556,,,11.8917,7.7515,19.6432
94,431178.498502,431178.498502,6.8890,-2.4696,134.7348,42.4853,-9.3342,77.8613,0.666457,-0.109546,-0.737451,,,,803.822,335.080,416.274,306.137,77.861,0.0,nan,85.375,2,0.154,0.4641,39.8854,5.1009,0.8667,,,14.2531,11.3263,25.5794
95,431178.529497,431178.529497,6.9136,-2.5423,134.7009,42.6929,-9.0152,77.8613,0.669693,-0.106251,-0.734998,,,,803.822,335.080,416.274,306.137,77.861,0.0,nan,85.375,2,0.300,0.4641,39.8854,5.1553,0.8833,,,12.0966,10.6164,22.7130
96,431178.552513,431178.552513,6.9603,-2.5600,134.9295,44.3450,-8.6435,77.8613,0.691038,-0.105046,-0.715144,,,,803.822,335.080,416.274,306.137,77.861,0.0,nan,85.375,2,1.672,0.4641,39.8854,5.6502,0.8833,,,12.4275,5.3265,17.7540
97,431178.580252,431178.580252,6.9543,-2.4895,134.7419,42.6301,-9.2158,77.8613,0.668521,-0.108466,-0.735741,,,,803.822,335.080,416.274,306.137,77.861,0.0,nan,85.375,2,1.759,0.4641,39.8854,5.0029,0.8667,,,13.0474,9.7726,22.8200
98,431178.608476,431178.608476,6.9160,-2.4765,134.8193,43.4736,-8.7581,77.8613,0.679998,-0.104761,-0.725691,,,,803.822,335.080,416.274,306.137,77.861,0.0,nan,85.375,2,0.900,0.4641,39.8854,5.1343,0.8667,,,12.7271,6.3452,19.0723
99,431178.637857,431178.637857,6.8567,-2.4497,134.7445,42.7634,-9.2617,77.8613,0.670122,-0.109277,-0.734163,,,,803.822,335.080,416.274,306.137,77.861,0.0,nan,85.375,2,0.789,0.4641,39.8854,5.0652,0.8611,,,11.5012,9.9804,21.4815
100,431178.661323,431178.661323,6.8450,-2.6132,134.6711,42.6087,-8.9641,77.8613,0.668719,-0.105485,-0.735995,,,,803.822,335.080,416.274,306.137,77.861,0.0,nan,85.375,2,0.254,0.4641,39.8854,5.3793,0.8611,,,11.2407,7.3908,18.6315
101,431178.688724,431178.688724,6.8454,-2.4368,134.7174,42.5482,-9.1546,77.8613,0.667597,-0.107584,-0.736709,,,,803.822,335.080,416.274,306.137,77.861,0.0,nan,85.375,2,0.142,0.4641,39.8854,5.1765,0.8611,,,12.2889,9.0701,21.3590
102,431178.720876,431178.720876,6.9042,-2.4936,134.7059,42.6585,-9.1093,77.8613,0.669081,-0.107281,-0.735406,,,,803.822,335.080,416.274,306.137,77.861,0.0,nan,85.375,2,0.114,0.4641,39.8854,5.1283,0.8722,,,14.0872,8.8306,22.9178
103,431178.753195,431178.753195,6.7957,-2.6185,134.7207,42.5402,-8.9540,77.8613,0.667868,-0.105230,-0.736803,,,,803.822,335.080,416.274,306.137,77.861,0.0,nan,85.375,2,0.158,0.4641,39.8854,5.3215,0.8722,,,12.1200,6.0215,18.1415
104,431178.784909,431178.784909,6.8156,-2.3749,134.7281,42.4761,-9.2241,77.8613,0.666550,-0.108245,-0.737559,,,,803.822,335.080,416.274,306.137,77.861,0.0,nan,85.375,2,0.193,0.4641,39.8854,5.2969,0.8500,,,11.8530,11.1140,22.9670
105,431178.812226,431178.812226,6.7749,-2.5935,134.9663,42.6092,-8.5810,77.8613,0.669416,-0.101013,-0.735988,,,,803.822,335.080,416.274,306.137,77.861,0.0,nan,85.375,2,0.455,0.4641,39.8854,5.5871,0.9389,,,11.7311,3.0776,14.8087
106,431178.836107,431178.836107,6.8895,-2.5246,134.6990,43.1660,-8.1381,77.8613,0.677225,-0.096843,-0.729375,,,,803.822,335.080,416.274,306.137,77.861,0.0,nan,85.375,2,0.633,0.4641,39.8854,5.2839,0.8833,,,10.8114,5.8695,16.6809
107,431178.867288,431178.867288,6.7698,-2.6436,134.7287,42.6054,-8.9621,77.8613,0.668681,-0.105455,-0.736034,,,,803.822,335.080,416.274,306.137,77.861,0.0,nan,85.375,2,0.793,0.4641,39.8854,5.4294,0.8667,,,11.2412,5.5088,16.7500
108,431178.894494,431178.894494,6.9054,-2.5189,134.7527,42.4373,-8.8152,77.8613,0.666812,-0.103409,-0.738017,,,,803.822,335.080,416.274,306.137,77.861,0.0,nan,85.375,2,0.195,0.4641,39.8854,5.2590,0.8778,,,11.3730,5.9386,17.3115
109,431178.912584,431178.912584,6.8587,-2.3638,134.7436,42.5482,-9.2252,77.8613,0.667464,-0.108407,-0.736708,,,,803.822,335.080,416.274,306.137,77.861,0.0,nan,85.375,2,0.298,0.4641,39.8854,5.1809,0.8333,,,12.9401,8.7400,21.6801
110,431178.940969,431178.940969,6.8206,-2.5805,134.7039,42.9622,-10.2452,77.8613,0.670650,-0.121216,-0.731803,,,,803.822,335.080,416.274,306.137,77.861,0.0,nan,85.375,2,0.807,0.4641,39.8854,5.0514,0.9056,,,11.1345,6.7889,17.9233
111,431178.980028,431178.980028,6.9671,-2.5330,134.7021,42.8145,-8.5392,77.8613,0.672093,-0.100915,-0.733558,,,,803.822,335.080,416.274,306.137,77.861,0.0,nan,85.375,2,1.170,0.4641,39.8854,5.1546,0.8833,,,11.5384,7.3949,18.9333
112,431179.005961,431179.005961,6.9661,-2.4680,134.7443,42.9591,-9.7867,77.8613,0.671558,-0.115838,-0.731841,,,,803.822,335.080,416.274,306.137,77.861,0.0,nan,85.375,2,0.861,0.4641,39.8854,4.9527,0.8444,,,11.4882,10.7709,22.2591
113,431179.036141,431179.036141,6.9597,-2.6407,134.7103,43.6586,-8.9353,77.8613,0.681982,-0.107226,-0.723466,,,,803.822,335.080,416.274,306.137,77.861,0.0,nan,85.375,2,0.911,0.4641,39.8854,5.2520,0.8222,,,11.3971,5.8875,17.2847
114,431179.060226,431179.060226,6.7791,-2.4252,134.9528,42.5869,-8.6309,77.8613,0.669044,-0.101553,-0.736252,,,,803.822,335.080,416.274,306.137,77.861,0.0,nan,85.375,2,1.092,0.4641,39.8854,5.4598,0.8556,,,11.7818,5.4193,17.2011
115,431179.092350,431179.092350,6.9093,-2.5281,134.7058,42.9366,-9.3492,77.8613,0.672140,-0.110660,-0.732108,,,,803.822,335.080,416.274,306.137,77.861,0.0,nan,85.375,2,0.600,0.4641,39.8854,5.0589,0.8778,,,11.0330,9.4967,20.5297
116,431179.120707,431179.120707,6.8666,-2.4675,134.7018,42.9215,-9.6405,77.8613,0.671379,-0.114043,-0.732287,,,,803.822,335.080,416.274,306.137,77.861,0.0,nan,85.375,2,0.199,0.4641,39.8854,5.0932,0.8556,,,11.1826,6.1634,17.3460
117,431179.144587,431179.144587,6.8379,-2.5892,134.6928,42.6178,-8.4107,77.8613,0.669823,-0.099038,-0.735887,,,,803.822,335.080,416.274,306.137,77.861,0.0,nan,85.375,2,0.889,0.4641,39.8854,5.4004,0.8444,,,11.7935,5.7618,17.5554
118,431179.176383,431179.176383,6.8996,-2.4651,134.7153,42.9198,-9.5770,77.8613,0.671483,-0.113296,-0.732307,,,,803.822,335.080,416.274,306.137,77.861,0.0,nan,85.375,2,0.848,0.4641,39.8854,5.1397,0.8556,,,10.9886,10.1849,21.1735
119,431179.201689,431179.201689,6.8221,-2.2907,134.7245,42.3389,-8.4176,77.8613,0.666259,-0.098594,-0.739174,,,,803.822,335.080,416.274,306.137,77.861,0.0,nan,85.375,2,0.977,0.4641,39.8854,5.2832,0.8278,,,10.8421,10.5922,21.4343
120,431179.228895,431179.228895,7.2169,-2.4650,134.6794,43.2708,-9.0519,77.8613,0.676911,-0.107841,-0.728123,,,,803.822,335.080,416.274,306.137,77.861,0.0,nan,85.375,2,1.027,0.4641,39.8854,5.2547,0.8444,,,13.1503,7.0394,20.1897
121,431179.256469,431179.256469,6.8544,-2.5698,134.7023,42.9366,-8.6068,77.8613,0.673518,-0.101942,-0.732108,,,,803.822,335.080,416.274,306.137,77.861,0.0,nan,85.375,2,0.452,0.4641,39.8854,5.2385,0.8444,,,11.4152,5.8057,17.2209
122,431179.280488,431179.280488,6.7328,-2.5937,134.9754,42.6092,-8.5810,77.8613,0.669416,-0.101013,-0.735988,,,,803.822,335.080,416.274,306.137,77.861,0.0,nan,85.375,2,0.328,0.4641,39.8854,5.6709,0.9389,,,10.9199,3.3169,14.2367
123,431179.309375,431179.309375,6.8216,-2.4293,134.7446,42.4367,-9.0900,77.8613,0.666301,-0.106605,-0.738023,,,,803.822,335.080,416.274,306.137,77.861,0.0,nan,85.375,2,0.385,0.4641,39.8854,5.2042,0.8611,,,11.7838,9.9059,21.6897
124,431179.329628,431179.329628,6.9342,-2.4059,134.7297,42.5264,-9.5628,77.8613,0.666538,-0.112291,-0.736966,,,,803.822,335.080,416.274,306.137,77.861,0.0,nan,85.375,2,0.332,0.4641,39.8854,5.1151,0.8333,,,11.9643,11.6076,23.5719
125,431179.376793,431179.376793,6.9870,-2.5220,134.7299,42.8427,-9.6603,77.8613,0.670346,-0.114106,-0.733223,,,,803.822,335.080,416.274,306.137,77.861,0.0,nan,85.375,2,0.323,0.4641,39.8854,5.0536,0.8667,,,11.3318,15.8703,27.2021
126,431179.400717,431179.400717,6.7722,-2.5226,134.7775,42.5672,-8.3418,77.8613,0.669298,-0.098139,-0.736484,,,,803.822,335.080,416.274,306.137,77.861,0.0,nan,85.375,2,0.936,0.4641,39.8854,5.4827,0.9000,,,11.1767,5.8129,16.9895
127,431179.451445,431179.451445,6.9352,-2.5054,134.7077,42.7634,-9.4529,77.8613,0.669753,-0.111512,-0.734163,,,,803.822,335.080,416.274,306.137,77.861,0.0,nan,85.375,2,0.778,0.4641,39.8854,5.0475,0.8722,,,11.4225,10.2015,21.6240
128,431179.484630,431179.484630,7.1410,-2.4116,134.7362,43.1940,-10.2705,77.8613,0.673504,-0.122038,-0.729040,,,,803.822,335.080,416.274,306.137,77.861,0.0,nan,85.375,2,0.704,0.4641,39.8854,5.1011,0.8056,,,11.2160,14.0248,25.2408
129,431179.516518,431179.516518,6.8728,-2.3749,134.7360,42.6990,-8.9242,77.8613,0.669938,-0.105199,-0.734926,,,,803.822,335.080,416.274,306.137,77.861,0.0,nan,85.375,2,1.042,0.4641,39.8854,5.1641,0.8389,,,11.5045,11.6842,23.1887
130,431179.544297,431179.544297,6.8230,-2.4899,134.7635,42.8864,-8.0756,77.8613,0.673798,-0.095602,-0.732704,,,,803.822,335.080,416.274,306.137,77.861,0.0,nan,85.375,2,0.606,0.4641,39.8854,5.2918,0.8889,,,11.2551,9.7165,20.9716
131,431179.573660,431179.573660,6.8248,-2.4808,134.7597,42.7387,-8.9410,77.8613,0.670409,-0.105475,-0.734456,,,,803.822,335.080,416.274,306.137,77.861,0.0,nan,85.375,2,0.606,0.4641,39.8854,5.1449,0.8778,,,11.0203,5.5104,16.5307
132,431179.596773,431179.596773,6.8740,-2.4572,134.7556,42.0761,-9.1740,77.8613,0.661545,-0.106839,-0.742256,,,,803.822,335.080,416.274,306.137,77.861,0.0,nan,85.375,2,0.681,0.4641,39.8854,5.1928,0.8611,,,10.7391,6.9443,17.6834
133,431179.625088,431179.625088,6.8602,-2.4715,134.7344,42.7007,-9.2963,77.8613,0.669262,-0.109552,-0.734906,,,,803.822,335.080,416.274,306.137,77.861,0.0,nan,85.375,2,0.630,0.4641,39.8854,5.0560,0.8722,,,11.1207,8.0885,19.2092
134,431179.647809,431179.647809,6.9836,-2.4085,134.7560,43.1214,-8.9020,77.8613,0.675312,-0.105775,-0.729908,,,,803.822,335.080,416.274,306.137,77.861,0.0,nan,85.375,2,0.499,0.4641,39.8854,4.9918,0.8500,,,10.9196,9.3967,20.3163
135,431179.680476,431179.680476,6.9710,-2.4490,134.7318,42.8706,-9.3522,77.8613,0.671301,-0.110558,-0.732893,,,,803.822,335.080,416.274,306.137,77.861,0.0,nan,85.375,2,0.396,0.4641,39.8854,4.9398,0.8500,,,11.0686,12.7673,23.8359
136,431179.704354,431179.704354,6.8018,-2.5637,134.6541,42.6273,-9.1336,77.8613,0.668640,-0.107501,-0.735775,,,,803.822,335.080,416.274,306.137,77.861,0.0,nan,85.375,2,0.285,0.4641,39.8854,5.3615,0.8500,,,11.0798,8.1538,19.2336
137,431179.732699,431179.732699,6.8422,-2.5557,134.7270,42.8130,-9.5345,77.8613,0.670220,-0.112572,-0.733576,,,,803.822,335.080,416.274,306.137,77.861,0.0,nan,85.375,2,0.329,0.4641,39.8854,5.0814,0.8889,,,10.9688,5.4318,16.4006
138,431179.760760,431179.760760,6.7888,-2.5922,134.7361,42.3840,-9.0268,77.8613,0.665747,-0.105763,-0.738644,,,,803.822,335.080,416.274,306.137,77.861,0.0,nan,85.375,2,0.550,0.4641,39.8854,5.3423,0.8833,,,10.9770,6.8991,17.8760
139,431179.785399,431179.785399,6.8246,-2.5253,134.7364,42.8201,-9.0723,77.8613,0.671196,-0.107176,-0.733491,,,,803.822,335.080,416.274,306.137,77.861,0.0,nan,85.375,2,0.437,0.4641,39.8854,5.1995,0.8833,,,12.7300,7.8214,20.5513
140,431179.812552,431179.812552,6.8685,-2.4283,134.7241,42.1258,-8.6411,77.8613,0.663146,-0.100778,-0.741674,,,,803.822,335.080,416.274,306.137,77.861,0.0,nan,85.375,2,0.753,0.4641,39.8854,5.2886,0.8556,,,11.9137,9.7400,21.6537
141,431179.836456,431179.836456,6.8501,-2.5988,134.7875,42.7843,-9.1706,77.8613,0.670558,-0.108254,-0.733916,,,,803.822,335.080,416.274,306.137,77.861,0.0,nan,85.375,2,0.749,0.4641,39.8854,5.2435,0.8778,,,11.2659,5.7144,16.9803
142,431179.864947,431179.864947,6.7806,-2.6059,134.7587,42.5336,-8.4767,77.8613,0.668638,-0.099651,-0.736880,,,,803.822,335.080,416.274,306.137,77.861,0.0,nan,85.375,2,0.533,0.4641,39.8854,5.4137,0.8667,,,10.7920,4.6955,15.4875
143,431179.892878,431179.892878,6.9265,-2.4691,134.7300,43.2243,-9.8077,77.8613,0.674848,-0.116660,-0.728678,,,,803.822,335.080,416.274,306.137,77.861,0.0,nan,85.375,2,1.139,0.4641,39.8854,4.9291,0.8500,,,11.6847,11.5737,23.2585
144,431179.916097,431179.916097,6.8155,-2.5211,134.7425,42.6886,-9.1057,77.8613,0.669469,-0.107300,-0.735050,,,,803.822,335.080,416.274,306.137,77.861,0.0,nan,85.375,2,0.718,0.4641,39.8854,5.2792,0.8944,,,11.4201,7.0467,18.4667
145,431179.940647,431179.940647,6.9872,-2.5423,134.7520,42.5604,-9.0517,77.8613,0.667944,-0.106410,-0.736565,,,,803.822,335.080,416.274,306.137,77.861,0.0,nan,85.375,2,0.133,0.4641,39.8854,5.0828,0.8833,,,11.9295,5.7691,17.6986
146,431179.968672,431179.968672,6.9994,-2.5298,134.6792,42.9018,-9.6875,77.8613,0.671036,-0.114552,-0.732522,,,,803.822,335.080,416.274,306.137,77.861,0.0,nan,85.375,2,0.550,0.4641,39.8854,4.9487,0.8611,,,11.0021,9.3376,20.3397
147,431180.001340,431180.001340,6.9273,-2.4269,134.7757,42.7942,-8.8076,77.8613,0.671356,-0.104023,-0.733799,,,,803.822,335.080,416.274,306.137,77.861,0.0,nan,85.375,2,0.608,0.4641,39.8854,5.0829,0.8556,,,11.1835,16.5280,27.7115
148,431180.028506,431180.028506,6.8690,-2.4972,134.7334,42.5874,-9.3618,77.8613,0.667700,-0.110080,-0.736246,,,,803.822,335.080,416.274,306.137,77.861,0.0,nan,85.375,2,0.429,0.4641,39.8854,5.0878,0.8722,,,10.8975,6.5722,17.4698
149,431180.048256,431180.048256,6.8232,-2.5083,134.7522,42.9173,-8.4780,77.8613,0.673501,-0.100391,-0.732338,,,,803.822,335.080,416.274,306.137,77.861,0.0,nan,85.375,2,0.685,0.4641,39.8854,5.1899,0.8889,,,12.8558,6.7537,19.6095
150,431180.080450,431180.080450,6.8161,-2.6361,134.6810,42.7661,-9.1487,77.8613,0.670369,-0.107961,-0.734132,,,,803.822,335.080,416.274,306.137,77.861,0.0,nan,85.375,2,0.481,0.4641,39.8854,5.2416,0.8444,,,12.6160,5.8399,18.4559
151,431180.116611,431180.116611,6.9834,-2.5169,134.7361,42.7476,-9.9148,77.8613,0.668632,-0.116873,-0.734351,,,,803.822,335.080,416.274,306.137,77.861,0.0,nan,85.375,2,0.520,0.4641,39.8854,4.8004,0.8611,,,11.6937,10.7030,22.3967
152,431180.144333,431180.144333,6.9025,-2.4618,134.7698,42.6618,-8.8658,77.8613,0.669573,-0.104443,-0.735367,,,,803.822,335.080,416.274,306.137,77.861,0.0,nan,85.375,2,0.717,0.4641,39.8854,5.1331,0.8667,,,11.1248,10.5748,21.6997
153,431180.168123,431180.168123,6.8472,-2.4642,134.7307,42.6672,-9.1833,77.8613,0.669052,-0.108162,-0.735303,,,,803.822,335.080,416.274,306.137,77.861,0.0,nan,85.375,2,0.215,0.4641,39.8854,5.1125,0.8667,,,12.9251,9.2303,22.1554
154,431180.196547,431180.196547,6.8811,-2.4099,134.7090,42.5829,-9.8598,77.8613,0.666662,-0.115870,-0.736299,,,,803.822,335.080,416.274,306.137,77.861,0.0,nan,85.375,2,0.466,0.4641,39.8854,5.1635,0.8444,,,11.0771,13.1219,24.1990
155,431180.227582,431180.227582,6.8602,-2.3713,134.7490,42.5810,-8.5497,77.8613,0.669113,-0.100593,-0.736321,,,,803.822,335.080,416.274,306.137,77.861,0.0,nan,85.375,2,0.886,0.4641,39.8854,5.1826,0.8444,,,12.1028,9.1896,21.2924
156,431180.264459,431180.264459,6.9613,-2.3547,134.7440,42.6379,-8.9892,77.8613,0.669043,-0.105837,-0.735650,,,,803.822,335.080,416.274,306.137,77.861,0.0,nan,85.375,2,0.303,0.4641,39.8854,5.2152,0.8278,,,11.4753,18.2570,29.7324
157,431180.284660,431180.284660,6.8301,-2.4622,134.7483,42.3470,-8.8487,77.8613,0.665602,-0.103620,-0.739079,,,,803.822,335.080,416.274,306.137,77.861,0.0,nan,85.375,2,0.306,0.4641,39.8854,5.2557,0.8722,,,11.4779,10.7937,22.2715
158,431180.311946,431180.311946,6.8805,-2.4080,134.7462,42.3346,-8.9226,77.8613,0.665309,-0.104454,-0.739225,,,,803.822,335.080,416.274,306.137,77.861,0.0,nan,85.375,2,0.051,0.4641,39.8854,5.1508,0.8444,,,11.2348,12.3795,23.6143
159,431180.360783,431180.360783,6.8074,-2.4683,134.7275,42.8740,-9.3880,77.8613,0.671276,-0.110984,-0.732851,,,,803.822,335.080,416.274,306.137,77.861,0.0,nan,85.375,2,0.625,0.4641,39.8854,5.1312,0.8667,,,11.0257,8.5645,19.5902
160,431180.384310,431180.384310,7.0748,-2.4489,134.6959,42.7387,-9.7125,77.8613,0.668929,-0.114492,-0.734456,,,,803.822,335.080,416.274,306.137,77.861,0.0,nan,85.375,2,0.259,0.4641,39.8854,5.0923,0.8278,,,11.3197,11.7270,23.0467
161,431180.412344,431180.412344,6.9501,-2.5892,134.7218,42.8460,-8.5616,77.8613,0.672452,-0.101238,-0.733184,,,,803.822,335.080,416.274,306.137,77.861,0.0,nan,85.375,2,0.789,0.4641,39.8854,5.2125,0.8333,,,11.0803,9.3591,20.4394
162,431180.436684,431180.436684,6.8499,-2.4592,134.7271,42.9738,-9.5651,77.8613,0.672187,-0.113271,-0.731666,,,,803.822,335.080,416.274,306.137,77.861,0.0,nan,85.375,2,0.695,0.4641,39.8854,5.1698,0.8556,,,11.2050,10.9324,22.1374
163,431180.471198,431180.471198,6.9165,-2.5454,134.7402,42.6660,-9.6775,77.8613,0.668079,-0.113926,-0.735317,,,,803.822,335.080,416.274,306.137,77.861,0.0,nan,85.375,2,0.317,0.4641,39.8854,5.1233,0.8833,,,10.8658,11.6669,22.5328
164,431180.496503,431180.496503,6.8544,-2.4924,134.7434,42.6154,-9.0022,77.8613,0.668734,-0.105944,-0.735915,,,,803.822,335.080,416.274,306.137,77.861,0.0,nan,85.375,2,0.460,0.4641,39.8854,5.2896,0.8722,,,11.7024,4.5546,16.2570
165,431180.524601,431180.524601,7.0027,-2.4722,134.7620,42.5782,-9.4310,77.8613,0.667450,-0.110866,-0.736355,,,,803.822,335.080,416.274,306.137,77.861,0.0,nan,85.375,2,0.293,0.4641,39.8854,5.0581,0.8500,,,11.5273,8.9793,20.5066
166,431180.548168,431180.548168,6.8938,-2.4505,134.8024,42.4550,-8.9711,77.8613,0.666754,-0.105259,-0.737807,,,,803.822,335.080,416.274,306.137,77.861,0.0,nan,85.375,2,0.334,0.4641,39.8854,5.1867,0.8611,,,11.1747,5.7984,16.9730
167,431180.580705,431180.580705,6.9465,-2.5339,134.7345,42.8244,-9.2541,77.8613,0.670907,-0.109314,-0.733440,,,,803.822,335.080,416.274,306.137,77.861,0.0,nan,85.375,2,0.416,0.4641,39.8854,5.0266,0.8778,,,12.2751,9.3036,21.5787
168,431180.612537,431180.612537,7.0518,-2.4878,134.7435,43.1497,-9.1570,77.8613,0.675191,-0.108837,-0.729570,,,,803.822,335.080,416.274,306.137,77.861,0.0,nan,85.375,2,0.332,0.4641,39.8854,5.0204,0.8556,,,11.9469,11.8245,23.7714
169,431180.636250,431180.636250,6.9480,-2.4429,134.7196,42.6830,-9.9196,77.8613,0.667806,-0.116786,-0.735116,,,,803.822,335.080,416.274,306.137,77.861,0.0,nan,85.375,2,0.698,0.4641,39.8854,5.1021,0.8389,,,12.4750,12.0467,24.5216
170,431180.660011,431180.660011,6.8972,-2.6255,134.7187,43.4231,-8.7703,77.8613,0.679343,-0.104808,-0.726297,,,,803.822,335.080,416.274,306.137,77.861,0.0,nan,85.375,2,1.079,0.4641,39.8854,5.3682,0.8278,,,11.0826,6.0800,17.1626
171,431180.686651,431180.686651,6.7810,-2.5234,134.7386,42.7671,-9.1602,77.8613,0.670361,-0.108097,-0.734120,,,,803.822,335.080,416.274,306.137,77.861,0.0,nan,85.375,2,0.708,0.4641,39.8854,5.3650,0.9000,,,12.1711,8.2470,20.4181
172,431180.717990,431180.717990,7.0976,-2.4270,134.7370,43.0437,-9.4407,77.8613,0.673312,-0.111957,-0.730833,,,,803.822,335.080,416.274,306.137,77.861,0.0,nan,85.375,2,0.336,0.4641,39.8854,5.0835,0.8278,,,11.5270,14.1172,25.6442
173,431180.740660,431180.740660,6.8824,-2.4334,134.7257,42.8265,-9.6509,77.8613,0.670160,-0.113961,-0.733415,,,,803.822,335.080,416.274,306.137,77.861,0.0,nan,85.375,2,0.260,0.4641,39.8854,5.0403,0.8444,,,11.2837,12.3135,23.5973
174,431180.768831,431180.768831,7.0278,-2.3280,134.7249,42.6933,-8.7791,77.8613,0.670129,-0.103491,-0.734994,,,,803.822,335.080,416.274,306.137,77.861,0.0,nan,85.375,2,0.607,0.4641,39.8854,5.1330,0.8222,,,12.0523,7.9080,19.9603
175,431180.792759,431180.792759,6.9103,-2.3913,134.6913,42.4743,-9.9566,77.8613,0.665089,-0.116754,-0.737580,,,,803.822,335.080,416.274,306.137,77.861,0.0,nan,85.375,2,0.826,0.4641,39.8854,5.1357,0.8222,,,11.3372,8.1539,19.4910
176,431180.820539,431180.820539,6.9505,-2.5769,134.7569,44.1298,-7.7988,77.8613,0.689845,-0.094483,-0.717765,,,,803.822,335.080,416.274,306.137,77.861,0.0,nan,85.375,2,2.220,0.4641,39.8854,5.5239,0.8556,,,12.7926,8.7668,21.5594
177,431180.848343,431180.848343,6.7834,-2.5239,134.6900,42.5024,-8.7848,77.8613,0.667695,-0.103184,-0.737249,,,,803.822,335.080,416.274,306.137,77.861,0.0,nan,85.375,2,1.762,0.4641,39.8854,5.3748,0.8944,,,12.5148,7.0747,19.5895
178,431180.872025,431180.872025,6.8259,-2.4443,134.7245,42.8932,-10.0153,77.8613,0.670263,-0.118370,-0.732623,,,,803.822,335.080,416.274,306.137,77.861,0.0,nan,85.375,2,0.921,0.4641,39.8854,5.1313,0.8556,,,11.0106,7.0513,18.0619
179,431180.900560,431180.900560,6.8202,-2.4359,134.7511,42.1321,-8.6037,77.8613,0.663292,-0.100357,-0.741601,,,,803.822,335.080,416.274,306.137,77.861,0.0,nan,85.375,2,1.220,0.4641,39.8854,5.2708,0.8722,,,11.2788,9.6457,20.9245
180,431180.924293,431180.924293,6.9728,-2.6233,134.7087,42.9015,-10.9367,77.8613,0.668376,-0.129153,-0.732525,,,,803.822,335.080,416.274,306.137,77.861,0.0,nan,85.375,2,1.754,0.4641,39.8854,4.8352,0.9111,,,13.6158,17.6801,31.2959
181,431180.952546,431180.952546,6.8985,-2.3662,134.7114,42.1795,-8.9762,77.8613,0.663233,-0.104763,-0.741045,,,,803.822,335.080,416.274,306.137,77.861,0.0,nan,85.375,2,1.509,0.4641,39.8854,5.0921,0.8333,,,12.4233,8.3155,20.7387
182,431180.980106,431180.980106,6.8334,-2.5553,134.7264,42.8954,-9.2368,77.8613,0.671837,-0.109257,-0.732597,,,,803.822,335.080,416.274,306.137,77.861,0.0,nan,85.375,2,0.737,0.4641,39.8854,5.2071,0.8944,,,11.2838,7.0862,18.3700
183,431181.005655,431181.005655,6.8967,-2.3845,134.7396,42.4729,-9.6703,77.8613,0.665647,-0.113426,-0.737596,,,,803.822,335.080,416.274,306.137,77.861,0.0,nan,85.375,2,0.515,0.4641,39.8854,5.0797,0.8389,,,11.4446,13.6600,25.1046
184,431181.028127,431181.028127,6.8862,-2.5972,134.6772,42.6399,-8.8083,77.8613,0.669399,-0.103728,-0.735626,,,,803.822,335.080,416.274,306.137,77.861,0.0,nan,85.375,2,0.606,0.4641,39.8854,5.2859,0.8333,,,11.1333,8.0011,19.1343
185,431181.056512,431181.056512,6.7963,-2.4162,134.7306,42.6096,-9.1208,77.8613,0.668440,-0.107315,-0.735983,,,,803.822,335.080,416.274,306.137,77.861,0.0,nan,85.375,2,0.214,0.4641,39.8854,5.2249,0.8611,,,11.2839,8.5249,19.8088
186,431181.080435,431181.080435,6.9329,-2.4462,134.7474,43.5790,-8.5487,77.8613,0.681695,-0.102472,-0.724425,,,,803.822,335.080,416.274,306.137,77.861,0.0,nan,85.375,2,1.045,0.4641,39.8854,5.2012,0.8667,,,10.9799,6.5505,17.5303
187,431181.105058,431181.105058,6.9694,-2.4980,134.6980,42.7945,-9.3303,77.8613,0.670383,-0.110144,-0.733795,,,,803.822,335.080,416.274,306.137,77.861,0.0,nan,85.375,2,0.949,0.4641,39.8854,5.0338,0.8611,,,11.2720,9.3130,20.5850
188,431181.132172,431181.132172,6.9285,-2.2543,134.7398,42.4153,-8.0312,77.8613,0.667884,-0.094236,-0.738275,,,,803.822,335.080,416.274,306.137,77.861,0.0,nan,85.375,2,0.958,0.4641,39.8854,5.4692,0.8167,,,11.2701,13.6852,24.9553
189,431181.160000,431181.160000,6.8465,-2.4538,134.7323,42.6406,-8.9878,77.8613,0.669080,-0.105826,-0.735618,,,,803.822,335.080,416.274,306.137,77.861,0.0,nan,85.375,2,0.685,0.4641,39.8854,5.1959,0.8667,,,11.8217,8.8484,20.6702
190,431181.188709,431181.188709,6.9105,-2.4243,134.7306,42.6791,-9.6767,77.8613,0.668247,-0.113945,-0.735162,,,,803.822,335.080,416.274,306.137,77.861,0.0,nan,85.375,2,0.468,0.4641,39.8854,5.0402,0.8444,,,11.1254,9.6202,20.7456
191,431181.216935,431181.216935,6.8571,-2.4929,134.7334,42.5422,-9.2518,77.8613,0.667337,-0.108704,-0.736780,,,,803.822,335.080,416.274,306.137,77.861,0.0,nan,85.375,2,0.319,0.4641,39.8854,5.1682,0.8722,,,11.4675,9.3125,20.7800
192,431181.244617,431181.244617,7.0233,-2.4338,134.7380,43.0831,-9.8469,77.8613,0.672996,-0.116814,-0.730364,,,,803.822,335.080,416.274,306.137,77.861,0.0,nan,85.375,2,0.675,0.4641,39.8854,4.9243,0.8333,,,10.9107,13.5589,24.4695
193,431181.268658,431181.268658,6.9409,-2.4566,134.7538,42.9414,-9.8229,77.8613,0.671263,-0.116223,-0.732051,,,,803.822,335.080,416.274,306.137,77.861,0.0,nan,85.375,2,0.143,0.4641,39.8854,5.0178,0.8500,,,12.0737,10.7793,22.8530
194,431181.296207,431181.296207,6.8250,-2.4763,134.7366,42.7439,-8.8049,77.8613,0.670724,-0.103892,-0.734395,,,,803.822,335.080,416.274,306.137,77.861,0.0,nan,85.375,2,0.720,0.4641,39.8854,5.2206,0.8778,,,11.6976,7.5093,19.2068
195,431181.325569,431181.325569,6.7876,-2.5935,134.9616,42.6092,-8.5810,77.8613,0.669416,-0.101013,-0.735988,,,,803.822,335.080,416.274,306.137,77.861,0.0,nan,85.375,2,0.203,0.4641,39.8854,5.5490,0.9389,,,12.6224,2.9591,15.5815
196,431181.348501,431181.348501,6.8162,-2.8181,134.6912,42.9107,-9.0193,77.8613,0.672439,-0.106737,-0.732416,,,,803.822,335.080,416.274,306.137,77.861,0.0,nan,85.375,2,0.424,0.4641,39.8854,5.2487,0.8111,,,11.1833,8.6227,19.8061
197,431181.376107,431181.376107,6.8145,-2.6414,134.7100,43.3153,-9.0400,77.8613,0.677491,-0.107790,-0.727590,,,,803.822,335.080,416.274,306.137,77.861,0.0,nan,85.375,2,0.405,0.4641,39.8854,5.2513,0.8444,,,11.9257,6.3321,18.2578
198,431181.404541,431181.404541,6.9242,-2.9123,134.6479,42.7506,-9.0521,77.8613,0.670354,-0.106799,-0.734316,,,,803.822,335.080,416.274,306.137,77.861,0.0,nan,85.375,2,0.565,0.4641,39.8854,5.2062,0.7611,,,11.9755,12.6485,24.6240
199,431181.432968,431181.432968,6.8024,-2.5685,134.7756,42.8800,-9.0099,77.8613,0.672069,-0.106565,-0.732781,,,,803.822,335.080,416.274,306.137,77.861,0.0,nan,85.375,2,0.133,0.4641,39.8854,5.2268,0.9111,,,11.7438,5.2471,16.9908
200,431181.456237,431181.456237,6.9540,-2.4747,134.7315,43.0549,-10.9394,77.8613,0.670293,-0.129556,-0.730700,,,,803.822,335.080,416.274,306.137,77.861,0.0,nan,85.375,2,1.327,0.4641,39.8854,4.9303,0.8389,,,11.5533,12.7676,24.3209
201,431181.484656,431181.484656,6.8624,-2.6828,134.7012,43.2392,-9.8772,77.8613,0.674892,-0.117511,-0.728500,,,,803.822,335.080,416.274,306.137,77.861,0.0,nan,85.375,2,0.749,0.4641,39.8854,5.0355,0.8444,,,12.8426,11.0391,23.8817
202,431181.512678,431181.512678,6.7910,-2.7907,134.6802,42.7870,-10.5053,77.8613,0.667889,-0.123850,-0.733884,,,,803.822,335.080,416.274,306.137,77.861,0.0,nan,85.375,2,0.623,0.4641,39.8854,5.0907,0.8722,,,11.5913,9.9558,21.5471
203,431181.544959,431181.544959,6.9680,-2.5101,134.7430,43.2334,-9.9105,77.8613,0.674751,-0.117890,-0.728569,,,,803.822,335.080,416.274,306.137,77.861,0.0,nan,85.375,2,0.603,0.4641,39.8854,4.8750,0.8667,,,12.6023,14.3009,26.9032
204,431181.572406,431181.572406,6.7689,-2.5758,134.7098,42.4706,-8.8413,77.8613,0.667188,-0.103779,-0.737624,,,,803.822,335.080,416.274,306.137,77.861,0.0,nan,85.375,2,1.054,0.4641,39.8854,5.5683,0.8944,,,11.0098,6.8622,17.8720
205,431181.596476,431181.596476,6.8643,-2.5437,134.7234,42.8961,-9.4523,77.8613,0.671430,-0.111784,-0.732589,,,,803.822,335.080,416.274,306.137,77.861,0.0,nan,85.375,2,0.594,0.4641,39.8854,5.0718,0.8944,,,11.4829,7.8087,19.2916
206,431181.620746,431181.620746,6.8119,-2.5974,134.7263,42.4830,-8.4525,77.8613,0.668036,-0.099273,-0.737477,,,,803.822,335.080,416.274,306.137,77.861,0.0,nan,85.375,2,0.794,0.4641,39.8854,5.3543,0.8500,,,11.3772,7.5804,18.9576
207,431181.653711,431181.653711,6.8623,-2.4701,134.7377,42.7607,-9.2375,77.8613,0.670133,-0.108988,-0.734196,,,,803.822,335.080,416.274,306.137,77.861,0.0,nan,85.375,2,0.600,0.4641,39.8854,5.1011,0.8667,,,11.1287,9.4812,20.6100
208,431181.680302,431181.680302,6.7738,-2.6098,134.7009,42.1187,-8.7169,77.8613,0.662922,-0.101641,-0.741757,,,,803.822,335.080,416.274,306.137,77.861,0.0,nan,85.375,2,0.732,0.4641,39.8854,5.6066,0.8556,,,11.4552,8.2232,19.6783
209,431181.704059,431181.704059,6.8196,-2.6037,134.7162,42.5670,-9.2049,77.8613,0.667741,-0.108209,-0.736487,,,,803.822,335.080,416.274,306.137,77.861,0.0,nan,85.375,2,0.556,0.4641,39.8854,5.2625,0.8722,,,11.4056,6.5557,17.9613
210,431181.732713,431181.732713,6.9540,-2.4990,134.7328,42.7677,-9.4200,77.8613,0.669871,-0.111136,-0.734113,,,,803.822,335.080,416.274,306.137,77.861,0.0,nan,85.375,2,0.248,0.4641,39.8854,4.9706,0.8611,,,12.4626,8.5444,21.0070
211,431181.760872,431181.760872,6.7935,-2.5894,134.7320,42.5445,-8.8227,77.8613,0.668163,-0.103708,-0.736752,,,,803.822,335.080,416.274,306.137,77.861,0.0,nan,85.375,2,0.462,0.4641,39.8854,5.3035,0.8778,,,11.0359,4.6795,15.7154
212,431181.788725,431181.788725,6.9630,-2.4620,134.7066,42.9180,-10.0917,77.8613,0.670416,-0.119319,-0.732329,,,,803.822,335.080,416.274,306.137,77.861,0.0,nan,85.375,2,0.939,0.4641,39.8854,5.1422,0.8444,,,11.1935,18.1551,29.3486
213,431181.816146,431181.816146,6.8592,-2.5078,134.7793,41.8925,-8.1566,77.8613,0.660980,-0.094738,-0.744399,,,,803.822,335.080,416.274,306.137,77.861,0.0,nan,85.375,2,1.660,0.4641,39.8854,5.3160,0.8944,,,11.4011,12.2710,23.6721
214,431181.840044,431181.840044,6.8470,-2.5688,134.7127,42.8374,-8.4555,77.8613,0.672530,-0.099976,-0.733286,,,,803.822,335.080,416.274,306.137,77.861,0.0,nan,85.375,2,0.966,0.4641,39.8854,5.3029,0.8444,,,11.5974,5.9541,17.5515
215,431181.868574,431181.868574,6.9540,-2.4790,134.7322,42.6706,-10.4416,77.8613,0.666558,-0.122836,-0.735263,,,,803.822,335.080,416.274,306.137,77.861,0.0,nan,85.375,2,1.359,0.4641,39.8854,4.9336,0.8444,,,11.0179,10.8687,21.8866
216,431181.896577,431181.896577,6.8322,-2.5938,134.6788,42.8554,-8.2819,77.8613,0.673058,-0.097971,-0.733072,,,,803.822,335.080,416.274,306.137,77.861,0.0,nan,85.375,2,1.478,0.4641,39.8854,5.5488,0.8444,,,11.1290,5.8493,16.9782
217,431181.920125,431181.920125,6.8802,-2.4600,134.7344,42.6313,-9.2344,77.8613,0.668501,-0.108685,-0.735727,,,,803.822,335.080,416.274,306.137,77.861,0.0,nan,85.375,2,0.684,0.4641,39.8854,5.0845,0.8611,,,11.3825,10.5070,21.8895
218,431181.944409,431181.944409,6.7961,-2.4962,134.7515,42.7256,-8.7515,77.8613,0.670588,-0.103231,-0.734612,,,,803.822,335.080,416.274,306.137,77.861,0.0,nan,85.375,2,0.341,0.4641,39.8854,5.1800,0.8833,,,11.0263,5.9399,16.9662
219,431181.980081,431181.980081,6.8537,-2.5001,134.7332,42.4977,-8.9064,77.8613,0.667415,-0.104591,-0.737304,,,,803.822,335.080,416.274,306.137,77.861,0.0,nan,85.375,2,0.251,0.4641,39.8854,5.1694,0.8833,,,10.8191,6.9045,17.7237
220,431182.004898,431182.004898,6.8568,-2.4628,134.6843,42.8568,-9.0430,77.8613,0.671714,-0.106905,-0.733057,,,,803.822,335.080,416.274,306.137,77.861,0.0,nan,85.375,2,0.371,0.4641,39.8854,5.2057,0.8611,,,11.8131,8.6278,20.4409
221,431182.037596,431182.037596,6.9239,-2.4969,134.7271,42.8006,-9.3714,77.8613,0.670381,-0.110637,-0.733723,,,,803.822,335.080,416.274,306.137,77.861,0.0,nan,85.375,2,0.230,0.4641,39.8854,4.9539,0.8611,,,11.3993,11.5002,22.8995
222,431182.059659,431182.059659,6.8865,-2.5743,134.7404,42.8887,-9.1642,77.8613,0.671890,-0.108392,-0.732677,,,,803.822,335.080,416.274,306.137,77.861,0.0,nan,85.375,2,0.166,0.4641,39.8854,5.0559,0.9000,,,11.1193,7.0096,18.1289
223,431182.094315,431182.094315,6.7672,-2.5064,134.8120,42.5572,-9.0859,77.8613,0.667840,-0.106802,-0.736602,,,,803.822,335.080,416.274,306.137,77.861,0.0,nan,85.375,2,0.336,0.4641,39.8854,5.2884,0.8944,,,11.2950,4.9150,16.2100
224,431182.127720,431182.127720,6.8914,-2.4810,134.7375,42.9703,-9.6018,77.8613,0.672070,-0.113694,-0.731707,,,,803.822,335.080,416.274,306.137,77.861,0.0,nan,85.375,2,0.542,0.4641,39.8854,4.9962,0.8611,,,11.6677,11.8965,23.5641
225,431182.166231,431182.166231,6.9089,-2.7304,134.6680,43.1987,-10.5785,77.8613,0.672896,-0.125667,-0.728984,,,,803.822,335.080,416.274,306.137,77.861,0.0,nan,85.375,2,0.705,0.4641,39.8854,4.9639,0.8444,,,12.2307,12.5374,24.7681
226,431182.196170,431182.196170,6.9873,-2.4255,134.7352,42.9646,-8.8251,77.8613,0.673477,-0.104561,-0.731775,,,,803.822,335.080,416.274,306.137,77.861,0.0,nan,85.375,2,1.220,0.4641,39.8854,4.9766,0.8500,,,11.9507,12.2450,24.1957
227,431182.228995,431182.228995,6.8022,-2.3425,134.7373,42.1774,-8.6008,77.8613,0.663878,-0.100412,-0.741069,,,,803.822,335.080,416.274,306.137,77.861,0.0,nan,85.375,2,0.802,0.4641,39.8854,5.2528,0.8389,,,11.1485,8.5267,19.6751
228,431182.259972,431182.259972,6.9612,-2.4406,134.7474,42.8080,-9.7406,77.8613,0.669747,-0.114970,-0.733635,,,,803.822,335.080,416.274,306.137,77.861,0.0,nan,85.375,2,0.995,0.4641,39.8854,5.3075,0.8444,,,11.6811,13.2643,24.9454
229,431182.292483,431182.292483,6.7581,-2.5699,134.7334,42.4812,-8.7093,77.8613,0.667561,-0.102262,-0.737499,,,,803.822,335.080,416.274,306.137,77.861,0.0,nan,85.375,2,0.771,0.4641,39.8854,5.3194,0.9167,,,12.7855,6.2431,19.0285
230,431182.323874,431182.323874,6.9173,-2.3355,134.7329,42.6710,-8.8220,77.8613,0.669769,-0.103949,-0.735258,,,,803.822,335.080,416.274,306.137,77.861,0.0,nan,85.375,2,0.205,0.4641,39.8854,5.1153,0.8333,,,11.7286,11.0458,22.7744
231,431182.345561,431182.345561,6.8487,-2.4263,134.7489,42.9988,-9.7274,77.8613,0.672179,-0.115228,-0.731368,,,,803.822,335.080,416.274,306.137,77.861,0.0,nan,85.375,2,0.697,0.4641,39.8854,5.1327,0.8500,,,12.9288,13.1651,26.0940
232,431182.400394,431182.400394,6.9160,-2.2876,134.7518,42.5594,-7.9779,77.8613,0.669808,-0.093872,-0.736577,,,,803.822,335.080,416.274,306.137,77.861,0.0,nan,85.375,2,1.267,0.4641,39.8854,5.2162,0.8167,,,12.6148,14.0510,26.6658
233,431182.428751,431182.428751,6.8997,-2.5833,134.7017,42.6610,-10.0295,77.8613,0.667304,-0.118018,-0.735376,,,,803.822,335.080,416.274,306.137,77.861,0.0,nan,85.375,2,1.393,0.4641,39.8854,4.9700,0.9000,,,11.7245,13.7075,25.4320
234,431182.467405,431182.467405,6.8987,-2.4716,134.7399,42.7472,-8.8080,77.8613,0.670761,-0.103935,-0.734355,,,,803.822,335.080,416.274,306.137,77.861,0.0,nan,85.375,2,0.833,0.4641,39.8854,5.0257,0.8667,,,14.3274,9.1514,23.4788
235,431182.509282,431182.509282,6.8199,-2.5048,134.7069,42.7886,-9.0305,77.8613,0.670876,-0.106622,-0.733865,,,,803.822,335.080,416.274,306.137,77.861,0.0,nan,85.375,2,0.157,0.4641,39.8854,5.1394,0.8833,,,13.5363,4.9614,18.4977
236,431182.535354,431182.535354,6.8249,-2.5216,134.7598,42.6474,-8.6911,77.8613,0.669705,-0.102373,-0.735537,,,,803.822,335.080,416.274,306.137,77.861,0.0,nan,85.375,2,0.270,0.4641,39.8854,5.2828,0.8944,,,11.8215,5.7517,17.5732
237,431182.560652,431182.560652,7.0048,-2.4272,134.7485,43.1974,-10.4209,77.8613,0.673223,-0.123814,-0.729000,,,,803.822,335.080,416.274,306.137,77.861,0.0,nan,85.375,2,1.300,0.4641,39.8854,4.7963,0.8278,,,23.1062,16.8490,39.9552
238,431182.588169,431182.588169,6.9209,-2.5687,134.7126,42.9601,-9.7019,77.8613,0.671742,-0.114846,-0.731829,,,,803.822,335.080,416.274,306.137,77.861,0.0,nan,85.375,2,0.545,0.4641,39.8854,4.9992,0.8889,,,12.9932,13.3910,26.3843
239,431182.620447,431182.620447,6.8804,-2.5084,134.7166,42.7706,-8.8766,77.8613,0.670932,-0.104785,-0.734078,,,,803.822,335.080,416.274,306.137,77.861,0.0,nan,85.375,2,0.593,0.4641,39.8854,5.0668,0.8833,,,12.9431,7.8504,20.7935
240,431182.644624,431182.644624,6.8740,-2.5950,134.9296,42.5364,-8.6929,77.8613,0.668292,-0.102178,-0.736849,,,,803.822,335.080,416.274,306.137,77.861,0.0,nan,85.375,2,0.265,0.4641,39.8854,5.4439,0.9278,,,14.1770,7.5730,21.7501
241,431182.673139,431182.673139,6.9144,-2.5331,134.7161,42.8795,-9.0002,77.8613,0.672081,-0.106449,-0.732786,,,,803.822,335.080,416.274,306.137,77.861,0.0,nan,85.375,2,0.401,0.4641,39.8854,5.0569,0.8833,,,12.4757,7.6223,20.0980
242,431182.700482,431182.700482,6.7775,-2.7462,134.6934,42.7016,-8.4865,77.8613,0.670755,-0.100083,-0.734896,,,,803.822,335.080,416.274,306.137,77.861,0.0,nan,85.375,2,0.392,0.4641,39.8854,5.3885,0.8778,,,11.7176,8.2816,19.9992
243,431182.728654,431182.728654,6.7972,-2.5751,134.7095,42.5927,-8.6729,77.8613,0.669044,-0.102054,-0.736183,,,,803.822,335.080,416.274,306.137,77.861,0.0,nan,85.375,2,0.167,0.4641,39.8854,5.3340,0.8722,,,11.9476,5.7676,17.7152
244,431182.753404,431182.753404,6.8789,-2.5259,134.7310,42.8277,-9.8964,77.8613,0.669681,-0.116835,-0.733401,,,,803.822,335.080,416.274,306.137,77.861,0.0,nan,85.375,2,0.863,0.4641,39.8854,5.0671,0.8778,,,12.4765,12.2362,24.7127
245,431182.780549,431182.780549,6.9701,-2.5281,134.7161,42.7179,-9.8696,77.8613,0.668350,-0.116280,-0.734702,,,,803.822,335.080,416.274,306.137,77.861,0.0,nan,85.375,2,0.111,0.4641,39.8854,5.0102,0.8667,,,12.4364,10.6295,23.0659
246,431182.804720,431182.804720,7.0611,-2.5595,134.6946,43.0383,-9.2717,77.8613,0.673571,-0.109960,-0.730897,,,,803.822,335.080,416.274,306.137,77.861,0.0,nan,85.375,2,0.518,0.4641,39.8854,5.1965,0.8833,,,11.4604,12.1514,23.6118
247,431182.832345,431182.832345,6.9778,-2.5202,134.6820,42.9864,-9.2232,77.8613,0.673010,-0.109284,-0.731515,,,,803.822,335.080,416.274,306.137,77.861,0.0,nan,85.375,2,0.062,0.4641,39.8854,5.0580,0.8611,,,11.7509,11.8613,23.6122
248,431182.860725,431182.860725,6.8946,-2.5994,134.6523,42.0202,-9.0091,77.8613,0.661135,-0.104821,-0.742909,,,,803.822,335.080,416.274,306.137,77.861,0.0,nan,85.375,2,0.977,0.4641,39.8854,5.3723,0.8389,,,13.7891,10.1931,23.9822
249,431182.885142,431182.885142,6.8165,-2.8369,134.7076,43.0837,-8.8496,77.8613,0.674935,-0.105084,-0.730356,,,,803.822,335.080,416.274,306.137,77.861,0.0,nan,85.375,2,1.069,0.4641,39.8854,5.2865,0.8000,,,14.0641,6.2837,20.3478
