# generated, 2026-09-01T15:53:21+00:00
# source, results/flights/2026-08-29_231418
frame,t_capture,t_host,x_mm,y_mm,z_mm,theta_deg,phi_deg,psi_deg,nx,ny,nz,vx_mm_s,vy_mm_s,vz_mm_s,ellipse_cx,ellipse_cy,major_px,minor_px,ellipse_deg,area_px,fit_rms_px,ambiguity_margin_deg,n_solutions,jump_deg,discrepancy_mm,margin,refine_rms_px,union_coverage,pred_pos_mm,pred_ang_deg,t_seg_ms,t_est_ms,t_total_ms
4,431175.941375,431175.941375,7.1278,-2.4553,134.4721,43.7944,-14.3215,77.8613,0.670566,-0.171193,-0.721827,,,,803.822,335.080,416.274,306.137,77.861,0.0,nan,85.375,2,,0.4641,39.8854,5.2542,0.8722,,,11.4160,4.4299,15.8459
5,431175.968503,431175.968503,7.1066,-2.4452,134.7486,43.0660,-11.3958,77.8613,0.669378,-0.134919,-0.730568,,,,803.822,335.080,416.274,306.137,77.861,0.0,nan,85.375,2,2.139,0.4641,39.8854,4.8286,0.8167,,,10.4400,5.3467,15.7868
6,431175.988784,431175.988784,7.0161,-2.5749,134.7584,43.0083,-12.4837,77.8613,0.665977,-0.147445,-0.731255,,,,803.822,335.080,416.274,306.137,77.861,0.0,nan,85.375,2,0.745,0.4641,39.8854,4.6965,0.9056,,,9.1071,4.1925,13.2997
7,431176.023397,431176.023397,7.0251,-2.6459,134.5401,44.7310,-16.3173,77.8613,0.675431,-0.197731,-0.710419,,,,803.822,335.080,416.274,306.137,77.861,0.0,nan,85.375,2,3.166,0.4641,39.8854,5.2450,0.9389,,,9.3596,3.1935,12.5531
8,431176.048650,431176.048650,6.9902,-2.4894,134.7994,42.7966,-12.1426,77.8613,0.664197,-0.142908,-0.733771,,,,803.822,335.080,416.274,306.137,77.861,0.0,nan,85.375,2,3.475,0.4641,39.8854,4.8386,0.8333,,,9.3742,3.7123,13.0865
9,431176.083658,431176.083658,6.9723,-2.7840,134.7399,43.1220,-13.4834,77.8613,0.664713,-0.159380,-0.729900,,,,803.822,335.080,416.274,306.137,77.861,0.0,nan,85.375,2,0.970,0.4641,39.8854,4.6797,0.9500,,,10.4766,3.2033,13.6798
10,431176.105791,431176.105791,6.8882,-2.3671,134.6516,41.7615,-10.4720,77.8613,0.654937,-0.121055,-0.745924,,,,803.822,335.080,416.274,306.137,77.861,0.0,nan,85.375,2,2.445,0.4641,39.8854,5.1577,0.8167,,,9.7414,4.8818,14.6232
11,431176.135065,431176.135065,7.0135,-2.5779,134.7510,43.1280,-12.3900,77.8613,0.667709,-0.146683,-0.729828,,,,803.822,335.080,416.274,306.137,77.861,0.0,nan,85.375,2,1.882,0.4641,39.8854,4.6084,0.9056,,,8.8977,3.9362,12.8340
12,431176.164358,431176.164358,7.3282,-2.3920,134.6636,41.7357,-15.7400,77.8613,0.640734,-0.180585,-0.746223,,,,803.822,335.080,416.274,306.137,77.861,0.0,nan,85.375,2,2.654,0.4641,39.8854,5.4000,0.8722,,,10.1473,3.3166,13.4639
13,431176.189233,431176.189233,6.8790,-2.5996,134.7655,43.3213,-10.8854,77.8613,0.673744,-0.129564,-0.727518,,,,803.822,335.080,416.274,306.137,77.861,0.0,nan,85.375,2,3.644,0.4641,39.8854,4.8412,0.9056,,,10.1034,3.0728,13.1762
14,431176.217852,431176.217852,7.1376,-2.6710,134.7303,42.5183,-11.4422,77.8613,0.662394,-0.134069,-0.737062,,,,803.822,335.080,416.274,306.137,77.861,0.0,nan,85.375,2,0.888,0.4641,39.8854,5.0642,0.8833,,,9.8058,3.1740,12.9798
15,431176.245015,431176.245015,6.9773,-2.5187,134.8359,42.9149,-10.3105,77.8613,0.669916,-0.121871,-0.732366,,,,803.822,335.080,416.274,306.137,77.861,0.0,nan,85.375,2,0.864,0.4641,39.8854,4.9452,0.8667,,,9.7521,3.5147,13.2668
16,431176.270155,431176.270155,7.0022,-2.4207,134.7463,43.0355,-10.8123,77.8613,0.670336,-0.128023,-0.730930,,,,803.822,335.080,416.274,306.137,77.861,0.0,nan,85.375,2,0.363,0.4641,39.8854,4.8708,0.8222,,,8.9245,5.5614,14.4859
17,431176.296427,431176.296427,7.0472,-2.4883,134.7229,43.4209,-11.7670,77.8613,0.672908,-0.140173,-0.726324,,,,803.822,335.080,416.274,306.137,77.861,0.0,nan,85.375,2,0.759,0.4641,39.8854,4.7527,0.8389,,,9.2549,5.5810,14.8359
18,431176.322278,431176.322278,7.0298,-2.5374,134.6818,43.0907,-12.4107,77.8613,0.667191,-0.146823,-0.730273,,,,803.822,335.080,416.274,306.137,77.861,0.0,nan,85.375,2,0.551,0.4641,39.8854,4.6923,0.8944,,,9.2914,3.8492,13.1405
19,431176.352799,431176.352799,7.2313,-2.5115,134.3412,45.0025,-16.7599,77.8613,0.677099,-0.203911,-0.707076,,,,803.822,335.080,416.274,306.137,77.861,0.0,nan,85.375,2,3.577,0.4641,39.8854,5.3772,0.8889,,,9.4112,3.2596,12.6708
20,431176.379917,431176.379917,7.1919,-2.6280,134.7161,42.7755,-12.2635,77.8613,0.663631,-0.144253,-0.734020,,,,803.822,335.080,416.274,306.137,77.861,0.0,nan,85.375,2,3.830,0.4641,39.8854,5.1444,0.9111,,,10.0812,3.2239,13.3050
21,431176.407530,431176.407530,7.0686,-2.6284,134.7007,43.4205,-12.8145,77.8613,0.670227,-0.152450,-0.726329,,,,803.822,335.080,416.274,306.137,77.861,0.0,nan,85.375,2,0.747,0.4641,39.8854,4.7752,0.9167,,,9.6350,4.3369,13.9720
22,431176.436138,431176.436138,7.0132,-2.4361,134.6573,43.1220,-10.6608,77.8613,0.671756,-0.126454,-0.729900,,,,803.822,335.080,416.274,306.137,77.861,0.0,nan,85.375,2,1.506,0.4641,39.8854,4.8680,0.8111,,,9.4302,3.7538,13.1839
23,431176.460095,431176.460095,7.0839,-2.5350,134.6758,43.1926,-12.6196,77.8613,0.667918,-0.149537,-0.729057,,,,803.822,335.080,416.274,306.137,77.861,0.0,nan,85.375,2,1.342,0.4641,39.8854,4.7616,0.8944,,,8.9041,3.1440,12.0482
24,431176.480637,431176.480637,7.0069,-2.5953,134.9267,43.2130,-11.1190,77.8613,0.671859,-0.132045,-0.728814,,,,803.822,335.080,416.274,306.137,77.861,0.0,nan,85.375,2,1.027,0.4641,39.8854,5.0912,0.8889,,,9.4951,3.8512,13.3463
25,431176.516417,431176.516417,7.1500,-2.5204,134.5475,43.9023,-13.0673,77.8613,0.675474,-0.156781,-0.720523,,,,803.822,335.080,416.274,306.137,77.861,0.0,nan,85.375,2,1.509,0.4641,39.8854,5.0826,0.8833,,,9.8352,3.9594,13.7946
26,431176.539845,431176.539845,6.9235,-2.4933,134.4609,45.3444,-14.9895,77.8613,0.687140,-0.183983,-0.702844,,,,803.822,335.080,416.274,306.137,77.861,0.0,nan,85.375,2,1.975,0.4641,39.8854,5.4331,0.8889,,,9.0029,3.1893,12.1922
27,431176.568069,431176.568069,7.1579,-2.5208,134.4813,44.2789,-14.5980,77.8613,0.675613,-0.175959,-0.715950,,,,803.822,335.080,416.274,306.137,77.861,0.0,nan,85.375,2,1.101,0.4641,39.8854,5.2265,0.8833,,,9.3799,4.7886,14.1685
28,431176.595960,431176.595960,6.9606,-2.5889,134.7712,43.6087,-12.3379,77.8613,0.673800,-0.147380,-0.724067,,,,803.822,335.080,416.274,306.137,77.861,0.0,nan,85.375,2,1.705,0.4641,39.8854,4.9233,0.9056,,,9.7206,3.5003,13.2209
29,431176.619357,431176.619357,6.9536,-2.6283,134.7628,42.0630,-13.7101,77.8613,0.650859,-0.158783,-0.742408,,,,803.822,335.080,416.274,306.137,77.861,0.0,nan,85.375,2,1.805,0.4641,39.8854,5.0390,0.9222,,,9.2288,3.6371,12.8659
30,431176.648100,431176.648100,6.8598,-2.4950,134.6865,43.0812,-10.7582,77.8613,0.671029,-0.127499,-0.730386,,,,803.822,335.080,416.274,306.137,77.861,0.0,nan,85.375,2,2.241,0.4641,39.8854,5.0509,0.8556,,,10.1921,3.7460,13.9381
31,431176.671705,431176.671705,7.0215,-2.4813,134.7275,43.0494,-12.0669,77.8613,0.667545,-0.142706,-0.730765,,,,803.822,335.080,416.274,306.137,77.861,0.0,nan,85.375,2,0.894,0.4641,39.8854,4.7882,0.8333,,,8.6974,4.9822,13.6796
32,431176.696594,431176.696594,7.1017,-2.4222,134.5510,43.8944,-12.8529,77.8613,0.675960,-0.154230,-0.720619,,,,803.822,335.080,416.274,306.137,77.861,0.0,nan,85.375,2,1.003,0.4641,39.8854,5.1869,0.8444,,,8.6615,3.4423,12.1038
33,431176.727825,431176.727825,7.0237,-2.4885,134.7552,43.4103,-11.7419,77.8613,0.672837,-0.139851,-0.726452,,,,803.822,335.080,416.274,306.137,77.861,0.0,nan,85.375,2,0.907,0.4641,39.8854,4.8017,0.8556,,,10.1325,5.0914,15.2240
34,431176.744218,431176.744218,7.0007,-2.4540,134.7107,43.6823,-11.4496,77.8613,0.676914,-0.137100,-0.723181,,,,803.822,335.080,416.274,306.137,77.861,0.0,nan,85.375,2,0.338,0.4641,39.8854,4.8469,0.8278,,,10.1142,4.5400,14.6543
35,431176.775385,431176.775385,7.0123,-2.6015,134.7066,43.5517,-12.7238,77.8613,0.672089,-0.151756,-0.724752,,,,803.822,335.080,416.274,306.137,77.861,0.0,nan,85.375,2,0.889,0.4641,39.8854,4.7531,0.9056,,,9.1123,4.1487,13.2610
36,431176.803319,431176.803319,7.0055,-2.5004,134.8496,42.9685,-10.6432,77.8613,0.669871,-0.125885,-0.731728,,,,803.822,335.080,416.274,306.137,77.861,0.0,nan,85.375,2,1.541,0.4641,39.8854,4.8978,0.8500,,,10.1916,3.4358,13.6275
37,431176.828654,431176.828654,7.2498,-2.4638,134.6573,42.4729,-15.1136,77.8613,0.651885,-0.176058,-0.737597,,,,803.822,335.080,416.274,306.137,77.861,0.0,nan,85.375,2,3.073,0.4641,39.8854,5.2418,0.8889,,,9.1409,4.3207,13.4616
38,431176.856606,431176.856606,7.2620,-2.5296,134.3512,44.9223,-16.2404,77.8613,0.677970,-0.197487,-0.708065,,,,803.822,335.080,416.274,306.137,77.861,0.0,nan,85.375,2,2.570,0.4641,39.8854,5.4779,0.8833,,,9.0573,4.1620,13.2193
39,431176.884242,431176.884242,6.9894,-2.5578,134.4949,44.5150,-14.9022,77.8613,0.677516,-0.180301,-0.713067,,,,803.822,335.080,416.274,306.137,77.861,0.0,nan,85.375,2,1.026,0.4641,39.8854,5.2231,0.9000,,,8.7642,3.6382,12.4024
40,431176.908837,431176.908837,7.0519,-2.5053,134.3606,44.5452,-13.8275,77.8613,0.681142,-0.167651,-0.712698,,,,803.822,335.080,416.274,306.137,77.861,0.0,nan,85.375,2,0.754,0.4641,39.8854,5.4839,0.8833,,,9.1764,3.3425,12.5190
41,431176.932390,431176.932390,6.8804,-2.5544,134.6443,43.8957,-11.5952,77.8613,0.679198,-0.139360,-0.720603,,,,803.822,335.080,416.274,306.137,77.861,0.0,nan,85.375,2,1.687,0.4641,39.8854,5.0204,0.8889,,,9.7902,3.4123,13.2025
42,431176.965692,431176.965692,6.9379,-2.3605,134.9995,42.2099,-9.5602,77.8613,0.662517,-0.111583,-0.740689,,,,803.822,335.080,416.274,306.137,77.861,0.0,nan,85.375,2,2.184,0.4641,39.8854,5.2767,0.8389,,,8.9223,4.6171,13.5394
43,431176.993082,431176.993082,7.0232,-2.4786,134.7659,43.0630,-12.2499,77.8613,0.667256,-0.144875,-0.730603,,,,803.822,335.080,416.274,306.137,77.861,0.0,nan,85.375,2,2.012,0.4641,39.8854,4.7973,0.8278,,,8.9425,4.6790,13.6214
44,431177.020667,431177.020667,6.9611,-2.5409,134.8948,42.8392,-9.1940,77.8613,0.671208,-0.108640,-0.733265,,,,803.822,335.080,416.274,306.137,77.861,0.0,nan,85.375,2,2.094,0.4641,39.8854,5.1773,0.8889,,,9.5417,3.6993,13.2410
45,431177.049059,431177.049059,6.9593,-2.7484,134.8363,43.0575,-12.3223,77.8613,0.667003,-0.145703,-0.730669,,,,803.822,335.080,416.274,306.137,77.861,0.0,nan,85.375,2,2.142,0.4641,39.8854,4.7512,0.9333,,,9.6163,3.7311,13.3474
46,431177.073720,431177.073720,7.0559,-2.4909,134.7015,43.3821,-13.3804,77.8613,0.668216,-0.158950,-0.726789,,,,803.822,335.080,416.274,306.137,77.861,0.0,nan,85.375,2,0.794,0.4641,39.8854,4.8396,0.8889,,,9.2216,4.7842,14.0058
47,431177.103985,431177.103985,6.9908,-2.4812,134.7377,42.4420,-13.0875,77.8613,0.657315,-0.152811,-0.737960,,,,803.822,335.080,416.274,306.137,77.861,0.0,nan,85.375,2,0.961,0.4641,39.8854,4.8783,0.8667,,,10.1385,4.3213,14.4598
48,431177.152811,431177.152811,7.0185,-2.4874,134.7303,43.2994,-11.2868,77.8613,0.672547,-0.134227,-0.727780,,,,803.822,335.080,416.274,306.137,77.861,0.0,nan,85.375,2,1.495,0.4641,39.8854,4.8868,0.8333,,,9.6191,5.6657,15.2848
49,431177.188237,431177.188237,6.9673,-2.6640,134.6550,43.3537,-12.8088,77.8613,0.669417,-0.152196,-0.727130,,,,803.822,335.080,416.274,306.137,77.861,0.0,nan,85.375,2,1.046,0.4641,39.8854,4.7583,0.9278,,,9.9252,3.5405,13.4657
50,431177.232725,431177.232725,6.9458,-2.5307,134.7550,43.2695,-11.3394,77.8613,0.672051,-0.134770,-0.728138,,,,803.822,335.080,416.274,306.137,77.861,0.0,nan,85.375,2,1.011,0.4641,39.8854,4.7808,0.8500,,,10.0505,3.6289,13.6794
51,431177.264541,431177.264541,7.0320,-2.5488,134.6402,43.0268,-11.5021,77.8613,0.668637,-0.136061,-0.731035,,,,803.822,335.080,416.274,306.137,77.861,0.0,nan,85.375,2,0.267,0.4641,39.8854,4.8349,0.9000,,,10.6755,3.3528,14.0282
52,431177.312267,431177.312267,7.0569,-2.4606,134.6436,43.7205,-12.5136,77.8613,0.674723,-0.149751,-0.722719,,,,803.822,335.080,416.274,306.137,77.861,0.0,nan,85.375,2,0.982,0.4641,39.8854,5.0239,0.8389,,,10.2188,5.0629,15.2817
53,431177.343714,431177.343714,7.2047,-2.5351,134.3776,44.3585,-16.7485,77.8613,0.669487,-0.201474,-0.714979,,,,803.822,335.080,416.274,306.137,77.861,0.0,nan,85.375,2,3.012,0.4641,39.8854,5.4790,0.8944,,,13.7488,6.0245,19.7733
54,431177.368741,431177.368741,6.9650,-2.7038,134.7522,43.2331,-12.9461,77.8613,0.667558,-0.153456,-0.728572,,,,803.822,335.080,416.274,306.137,77.861,0.0,nan,85.375,2,2.862,0.4641,39.8854,4.6946,0.9333,,,14.7844,6.8972,21.6816
55,431177.402612,431177.402612,6.8738,-2.5705,134.5746,44.4802,-14.1907,77.8613,0.679282,-0.171768,-0.713493,,,,803.822,335.080,416.274,306.137,77.861,0.0,nan,85.375,2,1.516,0.4641,39.8854,5.2313,0.9056,,,19.1065,3.6339,22.7404
56,431177.432812,431177.432812,7.0335,-2.4812,134.7339,43.0826,-11.6976,77.8613,0.668866,-0.138486,-0.730369,,,,803.822,335.080,416.274,306.137,77.861,0.0,nan,85.375,2,2.220,0.4641,39.8854,4.8228,0.8278,,,15.8306,5.4870,21.3177
57,431177.464004,431177.464004,6.9967,-2.4988,134.8173,43.3254,-11.8727,77.8613,0.671463,-0.141166,-0.727468,,,,803.822,335.080,416.274,306.137,77.861,0.0,nan,85.375,2,0.271,0.4641,39.8854,4.8887,0.8389,,,10.2332,4.4329,14.6661
58,431177.496734,431177.496734,7.0711,-2.5765,134.7471,43.3200,-12.8969,77.8613,0.668765,-0.153130,-0.727533,,,,803.822,335.080,416.274,306.137,77.861,0.0,nan,85.375,2,0.703,0.4641,39.8854,4.7653,0.9056,,,12.0572,6.4355,18.4927
59,431177.530793,431177.530793,7.0390,-2.4979,134.7141,43.3934,-11.8654,77.8613,0.672325,-0.141257,-0.726653,,,,803.822,335.080,416.274,306.137,77.861,0.0,nan,85.375,2,0.712,0.4641,39.8854,4.8232,0.8389,,,11.3194,8.1143,19.4338
60,431177.564307,431177.564307,7.0200,-2.5075,134.7419,43.3901,-10.4443,77.8613,0.675580,-0.124532,-0.726693,,,,803.822,335.080,416.274,306.137,77.861,0.0,nan,85.375,2,0.976,0.4641,39.8854,4.9184,0.8444,,,13.7497,8.7080,22.4577
61,431177.589044,431177.589044,6.9756,-2.5195,134.9130,42.8236,-9.0519,77.8613,0.671278,-0.106944,-0.733450,,,,803.822,335.080,416.274,306.137,77.861,0.0,nan,85.375,2,1.107,0.4641,39.8854,5.1366,0.8833,,,9.9960,3.8139,13.8099
62,431177.616727,431177.616727,7.2491,-2.3866,134.7685,41.4165,-12.7613,77.8613,0.645187,-0.146125,-0.749921,,,,803.822,335.080,416.274,306.137,77.861,0.0,nan,85.375,2,2.858,0.4641,39.8854,5.5039,0.8389,,,9.2768,3.4973,12.7742
63,431177.653254,431177.653254,7.1029,-2.5092,134.6872,42.3865,-15.3668,77.8613,0.650027,-0.178642,-0.738614,,,,803.822,335.080,416.274,306.137,77.861,0.0,nan,85.375,2,1.992,0.4641,39.8854,5.1538,0.9056,,,10.3060,4.7283,15.0342
64,431177.677223,431177.677223,7.0163,-2.5642,134.6362,43.4970,-13.6385,77.8613,0.668907,-0.162302,-0.725411,,,,803.822,335.080,416.274,306.137,77.861,0.0,nan,85.375,2,1.618,0.4641,39.8854,4.9203,0.9056,,,9.9697,4.8145,14.7842
65,431177.710623,431177.710623,7.1578,-2.5101,134.3871,45.1860,-15.6587,77.8613,0.683070,-0.191471,-0.704808,,,,803.822,335.080,416.274,306.137,77.861,0.0,nan,85.375,2,2.201,0.4641,39.8854,5.2987,0.8889,,,10.1632,4.1849,14.3481
66,431177.737934,431177.737934,7.0342,-2.4934,134.7484,43.1774,-11.7338,77.8613,0.669961,-0.139154,-0.729238,,,,803.822,335.080,416.274,306.137,77.861,0.0,nan,85.375,2,3.393,0.4641,39.8854,4.7020,0.8444,,,12.0757,5.4030,17.4787
67,431177.765942,431177.765942,7.0650,-2.4992,134.6352,43.4457,-12.1496,77.8613,0.672264,-0.144730,-0.726027,,,,803.822,335.080,416.274,306.137,77.861,0.0,nan,85.375,2,0.392,0.4641,39.8854,4.7689,0.8778,,,9.6985,3.7322,13.4307
68,431177.797665,431177.797665,7.0501,-2.4729,134.7876,43.4705,-12.2242,77.8613,0.672382,-0.145671,-0.725729,,,,803.822,335.080,416.274,306.137,77.861,0.0,nan,85.375,2,0.057,0.4641,39.8854,4.9826,0.8444,,,10.0169,4.7850,14.8019
69,431177.827266,431177.827266,7.0153,-2.5538,134.7229,43.3049,-12.4575,77.8613,0.669732,-0.147955,-0.727715,,,,803.822,335.080,416.274,306.137,77.861,0.0,nan,85.375,2,0.231,0.4641,39.8854,4.7209,0.9000,,,10.2904,4.7485,15.0389
70,431177.848469,431177.848469,7.0819,-2.4532,134.6853,43.1909,-11.4354,77.8613,0.670845,-0.135698,-0.729077,,,,803.822,335.080,416.274,306.137,77.861,0.0,nan,85.375,2,0.710,0.4641,39.8854,4.8001,0.8222,,,10.1605,4.4075,14.5680
71,431177.881198,431177.881198,6.9741,-2.5545,134.6945,43.4487,-12.7832,77.8613,0.670659,-0.152164,-0.725991,,,,803.822,335.080,416.274,306.137,77.861,0.0,nan,85.375,2,0.960,0.4641,39.8854,4.7843,0.9056,,,9.6891,5.5063,15.1954
72,431177.910088,431177.910088,7.0499,-2.4720,134.6558,43.1299,-12.1361,77.8613,0.668376,-0.143728,-0.729806,,,,803.822,335.080,416.274,306.137,77.861,0.0,nan,85.375,2,0.546,0.4641,39.8854,4.8456,0.8389,,,10.7686,5.9497,16.7183
73,431177.936641,431177.936641,7.0234,-2.4680,134.6619,43.9989,-12.5899,77.8613,0.677942,-0.151412,-0.719353,,,,803.822,335.080,416.274,306.137,77.861,0.0,nan,85.375,2,0.924,0.4641,39.8854,4.9420,0.8444,,,12.0129,5.0519,17.0648
74,431177.964853,431177.964853,6.9944,-2.5510,134.6453,43.3959,-11.7825,77.8613,0.672560,-0.140291,-0.726623,,,,803.822,335.080,416.274,306.137,77.861,0.0,nan,85.375,2,0.821,0.4641,39.8854,4.8243,0.9000,,,11.2726,4.4135,15.6861
75,431177.990776,431177.990776,7.0051,-2.5246,134.7137,42.9810,-11.8369,77.8613,0.667259,-0.139847,-0.731580,,,,803.822,335.080,416.274,306.137,77.861,0.0,nan,85.375,2,0.417,0.4641,39.8854,4.7790,0.8722,,,10.9034,5.7835,16.6869
76,431178.012627,431178.012627,7.2644,-2.4404,134.4769,43.4718,-17.0844,77.8613,0.657638,-0.202120,-0.725713,,,,803.822,335.080,416.274,306.137,77.861,0.0,nan,85.375,2,3.627,0.4641,39.8854,5.4564,0.8778,,,11.0905,4.4785,15.5690
77,431178.044777,431178.044777,7.1409,-2.4941,134.7821,41.8265,-12.3054,77.8613,0.651556,-0.142127,-0.745167,,,,803.822,335.080,416.274,306.137,77.861,0.0,nan,85.375,2,3.631,0.4641,39.8854,5.1435,0.8611,,,9.8493,3.2751,13.1243
78,431178.073779,431178.073779,6.9079,-2.8816,134.7532,43.3016,-14.8360,77.8613,0.662975,-0.175612,-0.727753,,,,803.822,335.080,416.274,306.137,77.861,0.0,nan,85.375,2,2.259,0.4641,39.8854,4.6710,0.9444,,,9.1821,4.3840,13.5661
79,431178.101564,431178.101564,7.2059,-2.4111,134.6354,42.8627,-15.2388,77.8613,0.656326,-0.178797,-0.732985,,,,803.822,335.080,416.274,306.137,77.861,0.0,nan,85.375,2,0.518,0.4641,39.8854,5.1765,0.8778,,,9.9852,3.5203,13.5055
80,431178.130979,431178.130979,7.3808,-2.4376,134.5577,42.1281,-17.3731,77.8613,0.640189,-0.200293,-0.741647,,,,803.822,335.080,416.274,306.137,77.861,0.0,nan,85.375,2,1.618,0.4641,39.8854,5.5112,0.8778,,,9.1119,3.9864,13.0982
81,431178.156362,431178.156362,6.9780,-2.6691,134.7173,42.9443,-12.6656,77.8613,0.664709,-0.149380,-0.732016,,,,803.822,335.080,416.274,306.137,77.861,0.0,nan,85.375,2,3.285,0.4641,39.8854,4.7829,0.9278,,,10.0369,4.9751,15.0120
82,431178.180558,431178.180558,7.0638,-2.5015,134.6754,43.2679,-11.8806,77.8613,0.670728,-0.141107,-0.728157,,,,803.822,335.080,416.274,306.137,77.861,0.0,nan,85.375,2,0.626,0.4641,39.8854,4.8920,0.8611,,,9.2302,4.4270,13.6572
83,431178.212427,431178.212427,7.0230,-2.5802,134.7272,43.1673,-11.7625,77.8613,0.669765,-0.139464,-0.729359,,,,803.822,335.080,416.274,306.137,77.861,0.0,nan,85.375,2,0.129,0.4641,39.8854,4.8090,0.9000,,,9.7864,5.6780,15.4644
84,431178.236693,431178.236693,7.1278,-2.5189,134.6094,43.4361,-12.5957,77.8613,0.670998,-0.149933,-0.726142,,,,803.822,335.080,416.274,306.137,77.861,0.0,nan,85.375,2,0.631,0.4641,39.8854,4.9389,0.8944,,,8.8955,3.3359,12.2314
85,431178.260703,431178.260703,7.0128,-2.5610,134.7225,42.8993,-11.4672,77.8613,0.667124,-0.135331,-0.732551,,,,803.822,335.080,416.274,306.137,77.861,0.0,nan,85.375,2,0.940,0.4641,39.8854,4.7538,0.8778,,,8.8943,3.5751,12.4693
86,431178.288599,431178.288599,6.9689,-2.4880,134.7398,43.1895,-10.5524,77.8613,0.672839,-0.125339,-0.729094,,,,803.822,335.080,416.274,306.137,77.861,0.0,nan,85.375,2,0.689,0.4641,39.8854,4.8795,0.8444,,,9.0300,3.8203,12.8503
87,431178.308917,431178.308917,6.9721,-2.5064,134.7230,43.0110,-11.0132,77.8613,0.669575,-0.130313,-0.731223,,,,803.822,335.080,416.274,306.137,77.861,0.0,nan,85.375,2,0.362,0.4641,39.8854,4.8171,0.8611,,,8.7380,4.6145,13.3525
88,431178.336122,431178.336122,7.2068,-2.5039,134.6558,42.5480,-16.1461,77.8613,0.649536,-0.188046,-0.736711,,,,803.822,335.080,416.274,306.137,77.861,0.0,nan,85.375,2,3.516,0.4641,39.8854,5.3779,0.9000,,,8.8648,4.7349,13.5997
89,431178.364623,431178.364623,7.0350,-2.7212,134.7583,43.2185,-12.7450,77.8613,0.667911,-0.151071,-0.728747,,,,803.822,335.080,416.274,306.137,77.861,0.0,nan,85.375,2,2.409,0.4641,39.8854,4.7317,0.9111,,,9.4227,3.5837,13.0064
90,431178.388126,431178.388126,6.9678,-2.6277,134.7647,43.2348,-12.5408,77.8613,0.668647,-0.148735,-0.728553,,,,803.822,335.080,416.274,306.137,77.861,0.0,nan,85.375,2,0.141,0.4641,39.8854,4.6875,0.9167,,,10.1379,5.1734,15.3113
91,431178.417199,431178.417199,7.0158,-2.5264,134.7353,43.2679,-11.8466,77.8613,0.670812,-0.140709,-0.728156,,,,803.822,335.080,416.274,306.137,77.861,0.0,nan,85.375,2,0.477,0.4641,39.8854,4.6633,0.8667,,,8.8692,4.8817,13.7508
92,431178.444595,431178.444595,7.1439,-2.4326,134.4507,44.2164,-14.6586,77.8613,0.674671,-0.176476,-0.716711,,,,803.822,335.080,416.274,306.137,77.861,0.0,nan,85.375,2,2.163,0.4641,39.8854,5.2978,0.8722,,,9.4847,4.3542,13.8389
93,431178.472369,431178.472369,6.8766,-2.5918,134.9843,42.6021,-8.6000,77.8613,0.669291,-0.101221,-0.736073,,,,803.822,335.080,416.274,306.137,77.861,0.0,nan,85.375,2,4.464,0.4641,39.8854,5.5496,0.9278,,,9.5704,3.2796,12.8500
94,431178.498502,431178.498502,6.9625,-2.4603,134.7463,43.2459,-10.9212,77.8613,0.672723,-0.129804,-0.728420,,,,803.822,335.080,416.274,306.137,77.861,0.0,nan,85.375,2,1.707,0.4641,39.8854,4.9143,0.8333,,,9.0640,4.0941,13.1581
95,431178.529497,431178.529497,7.0191,-2.5701,134.6729,42.8002,-14.0952,77.8613,0.658987,-0.165467,-0.733728,,,,803.822,335.080,416.274,306.137,77.861,0.0,nan,85.375,2,2.211,0.4641,39.8854,4.9070,0.9111,,,8.9648,4.5680,13.5328
96,431178.552513,431178.552513,7.1476,-2.5213,134.8494,42.7603,-10.6609,77.8613,0.667213,-0.125599,-0.734201,,,,803.822,335.080,416.274,306.137,77.861,0.0,nan,85.375,2,2.333,0.4641,39.8854,5.2965,0.8556,,,9.7836,3.6053,13.3889
97,431178.580252,431178.580252,6.9729,-2.5436,134.9321,42.7886,-9.3448,77.8613,0.670281,-0.110301,-0.733865,,,,803.822,335.080,416.274,306.137,77.861,0.0,nan,85.375,2,0.894,0.4641,39.8854,5.1754,0.8944,,,9.4934,3.9336,13.4270
98,431178.608476,431178.608476,6.9720,-2.4626,134.7225,42.9160,-10.3621,77.8613,0.669820,-0.122478,-0.732352,,,,803.822,335.080,416.274,306.137,77.861,0.0,nan,85.375,2,0.704,0.4641,39.8854,4.8537,0.8389,,,8.9970,4.8401,13.8371
99,431178.637857,431178.637857,7.1180,-2.4957,134.5409,43.7326,-13.9608,77.8613,0.670874,-0.166780,-0.722573,,,,803.822,335.080,416.274,306.137,77.861,0.0,nan,85.375,2,2.600,0.4641,39.8854,5.0181,0.8833,,,8.6483,3.4970,12.1452
100,431178.661323,431178.661323,6.9762,-2.5641,134.9093,42.8705,-9.5115,77.8613,0.670990,-0.112424,-0.732893,,,,803.822,335.080,416.274,306.137,77.861,0.0,nan,85.375,2,3.170,0.4641,39.8854,5.2464,0.8944,,,9.1121,3.7960,12.9080
101,431178.688724,431178.688724,6.9773,-2.6277,134.7551,43.5623,-12.3608,77.8613,0.673168,-0.147522,-0.724625,,,,803.822,335.080,416.274,306.137,77.861,0.0,nan,85.375,2,2.070,0.4641,39.8854,4.7715,0.9167,,,9.1121,4.9352,14.0473
102,431178.720876,431178.720876,7.0033,-2.6790,134.7314,42.9507,-13.9667,77.8613,0.661225,-0.164454,-0.731941,,,,803.822,335.080,416.274,306.137,77.861,0.0,nan,85.375,2,1.259,0.4641,39.8854,4.7350,0.9333,,,9.1919,3.5976,12.7895
103,431178.753195,431178.753195,6.9728,-2.6448,134.7141,43.5463,-12.4368,77.8613,0.672774,-0.148372,-0.724818,,,,803.822,335.080,416.274,306.137,77.861,0.0,nan,85.375,2,1.206,0.4641,39.8854,4.7426,0.9167,,,9.0381,3.5796,12.6177
104,431178.784909,431178.784909,7.0915,-2.4757,134.6487,43.3157,-11.6490,77.8613,0.671888,-0.138517,-0.727585,,,,803.822,335.080,416.274,306.137,77.861,0.0,nan,85.375,2,0.589,0.4641,39.8854,4.9619,0.8444,,,9.2153,4.8621,14.0774
105,431178.812226,431178.812226,7.0142,-2.4776,134.7071,43.0154,-11.2508,77.8613,0.669085,-0.133099,-0.731171,,,,803.822,335.080,416.274,306.137,77.861,0.0,nan,85.375,2,0.405,0.4641,39.8854,4.8047,0.8278,,,9.3663,4.6031,13.9694
106,431178.836107,431178.836107,7.0588,-2.4702,134.7016,43.3277,-12.2295,77.8613,0.670599,-0.145350,-0.727441,,,,803.822,335.080,416.274,306.137,77.861,0.0,nan,85.375,2,0.739,0.4641,39.8854,4.7987,0.8444,,,9.1813,4.2910,13.4724
107,431178.867288,431178.867288,7.0120,-2.4412,134.7863,43.4018,-10.6329,77.8613,0.675313,-0.126783,-0.726553,,,,803.822,335.080,416.274,306.137,77.861,0.0,nan,85.375,2,1.099,0.4641,39.8854,4.8880,0.8333,,,9.1604,3.1167,12.2772
108,431178.894494,431178.894494,7.0958,-2.4868,134.6749,43.3209,-12.8469,77.8613,0.668910,-0.152548,-0.727522,,,,803.822,335.080,416.274,306.137,77.861,0.0,nan,85.375,2,1.522,0.4641,39.8854,4.9458,0.8667,,,9.3721,4.3230,13.6951
109,431178.912584,431178.912584,7.0848,-2.4782,134.5930,43.7555,-13.9872,77.8613,0.671076,-0.167159,-0.722298,,,,803.822,335.080,416.274,306.137,77.861,0.0,nan,85.375,2,0.898,0.4641,39.8854,5.0231,0.8778,,,9.0390,4.1394,13.1784
110,431178.940969,431178.940969,7.1860,-2.5382,134.3974,44.8155,-17.3947,77.8613,0.672593,-0.210709,-0.709380,,,,803.822,335.080,416.274,306.137,77.861,0.0,nan,85.375,2,2.604,0.4641,39.8854,5.3101,0.8944,,,8.9322,3.2537,12.1859
111,431178.980028,431178.980028,6.9947,-2.4054,134.8020,43.4066,-10.3312,77.8613,0.676030,-0.123236,-0.726495,,,,803.822,335.080,416.274,306.137,77.861,0.0,nan,85.375,2,5.112,0.4641,39.8854,4.9228,0.8278,,,9.5253,4.5127,14.0380
112,431179.005961,431179.005961,7.0862,-2.4925,134.7808,43.4359,-11.7070,77.8613,0.673241,-0.139507,-0.726144,,,,803.822,335.080,416.274,306.137,77.861,0.0,nan,85.375,2,0.946,0.4641,39.8854,4.8371,0.8444,,,9.3185,5.4535,14.7720
113,431179.036141,431179.036141,7.0000,-2.4951,134.7259,43.0879,-10.1596,77.8613,0.672409,-0.120495,-0.730306,,,,803.822,335.080,416.274,306.137,77.861,0.0,nan,85.375,2,1.116,0.4641,39.8854,4.9649,0.8444,,,9.1603,4.0443,13.2046
114,431179.060226,431179.060226,7.0686,-2.4468,134.7320,43.2815,-11.4541,77.8613,0.671929,-0.136146,-0.727994,,,,803.822,335.080,416.274,306.137,77.861,0.0,nan,85.375,2,0.907,0.4641,39.8854,4.8530,0.8167,,,8.9790,4.2710,13.2501
115,431179.092350,431179.092350,7.0346,-2.4681,134.7491,43.0226,-11.9683,77.8613,0.667456,-0.141486,-0.731085,,,,803.822,335.080,416.274,306.137,77.861,0.0,nan,85.375,2,0.437,0.4641,39.8854,4.8185,0.8278,,,8.9104,4.2525,13.1629
116,431179.120707,431179.120707,7.3421,-2.4787,134.6929,41.0090,-15.5734,77.8613,0.632088,-0.176166,-0.754606,,,,803.822,335.080,416.274,306.137,77.861,0.0,nan,85.375,2,3.142,0.4641,39.8854,5.4431,0.9000,,,11.2902,4.5580,15.8482
117,431179.144587,431179.144587,7.0196,-2.5886,134.7543,43.2112,-13.6650,77.8613,0.665309,-0.161754,-0.728835,,,,803.822,335.080,416.274,306.137,77.861,0.0,nan,85.375,2,2.547,0.4641,39.8854,4.8254,0.9111,,,9.5580,4.5955,14.1535
118,431179.176383,431179.176383,7.4045,-2.4108,134.3822,43.4046,-19.1373,77.8613,0.649172,-0.225269,-0.726519,,,,803.822,335.080,416.274,306.137,77.861,0.0,nan,85.375,2,3.758,0.4641,39.8854,5.6583,0.8778,,,9.2701,4.0219,13.2920
119,431179.201689,431179.201689,6.9982,-2.4560,134.7103,42.7664,-12.7985,77.8613,0.662142,-0.150416,-0.734128,,,,803.822,335.080,416.274,306.137,77.861,0.0,nan,85.375,2,4.375,0.4641,39.8854,4.8508,0.8444,,,9.0267,4.5359,13.5626
120,431179.228895,431179.228895,7.1176,-2.4794,134.7081,43.4568,-11.5901,77.8613,0.673783,-0.138186,-0.725893,,,,803.822,335.080,416.274,306.137,77.861,0.0,nan,85.375,2,1.076,0.4641,39.8854,4.9201,0.8500,,,10.4784,5.7155,16.1939
121,431179.256469,431179.256469,6.9258,-2.8956,134.7417,43.0043,-14.5656,77.8613,0.660132,-0.171528,-0.731303,,,,803.822,335.080,416.274,306.137,77.861,0.0,nan,85.375,2,2.088,0.4641,39.8854,4.6586,0.9167,,,10.7325,5.1080,15.8405
122,431179.280488,431179.280488,6.9884,-2.5173,134.7062,43.0725,-11.2740,77.8613,0.669746,-0.133512,-0.730490,,,,803.822,335.080,416.274,306.137,77.861,0.0,nan,85.375,2,2.247,0.4641,39.8854,4.8196,0.8444,,,9.7001,5.4746,15.1747
123,431179.309375,431179.309375,6.9630,-2.5241,134.8883,42.8125,-9.3864,77.8613,0.670502,-0.110838,-0.733581,,,,803.822,335.080,416.274,306.137,77.861,0.0,nan,85.375,2,1.312,0.4641,39.8854,5.1551,0.8833,,,9.9276,3.5371,13.4647
124,431179.329628,431179.329628,6.9761,-2.5227,134.8451,42.9807,-9.6983,77.8613,0.672009,-0.114848,-0.731583,,,,803.822,335.080,416.274,306.137,77.861,0.0,nan,85.375,2,0.271,0.4641,39.8854,5.0663,0.8722,,,9.5070,3.7161,13.2231
125,431179.376793,431179.376793,7.0202,-2.4957,134.7346,43.3185,-10.8257,77.8613,0.673844,-0.128856,-0.727551,,,,803.822,335.080,416.274,306.137,77.861,0.0,nan,85.375,2,0.842,0.4641,39.8854,4.9029,0.8333,,,9.0960,3.4739,12.5699
126,431179.400717,431179.400717,6.9971,-2.5478,134.7638,42.0015,-11.0282,77.8613,0.656793,-0.128003,-0.743127,,,,803.822,335.080,416.274,306.137,77.861,0.0,nan,85.375,2,1.324,0.4641,39.8854,5.1036,0.8722,,,9.4776,10.0768,19.5544
127,431179.451445,431179.451445,7.0020,-2.6175,134.6866,44.2210,-14.7063,77.8613,0.674580,-0.177052,-0.716655,,,,803.822,335.080,416.274,306.137,77.861,0.0,nan,85.375,2,3.353,0.4641,39.8854,4.9965,0.9222,,,10.0840,3.7522,13.8362
128,431179.484630,431179.484630,7.0225,-2.6501,134.7740,43.2531,-13.9617,77.8613,0.664979,-0.165326,-0.728334,,,,803.822,335.080,416.274,306.137,77.861,0.0,nan,85.375,2,1.096,0.4641,39.8854,4.9490,0.9222,,,9.6254,5.1932,14.8186
129,431179.516518,431179.516518,7.0739,-2.4566,134.5621,43.3417,-13.1509,77.8613,0.668348,-0.156156,-0.727273,,,,803.822,335.080,416.274,306.137,77.861,0.0,nan,85.375,2,0.563,0.4641,39.8854,5.0176,0.8722,,,10.0061,4.0240,14.0301
130,431179.544297,431179.544297,7.0209,-2.5086,134.5343,45.5186,-14.8733,77.8613,0.689574,-0.183137,-0.700677,,,,803.822,335.080,416.274,306.137,77.861,0.0,nan,85.375,2,2.488,0.4641,39.8854,5.2927,0.8889,,,9.5221,4.4062,13.9282
131,431179.573660,431179.573660,7.0838,-2.4846,134.7209,42.9853,-11.4119,77.8613,0.668331,-0.134904,-0.731529,,,,803.822,335.080,416.274,306.137,77.861,0.0,nan,85.375,2,3.500,0.4641,39.8854,4.7287,0.8444,,,9.7163,5.2460,14.9623
132,431179.596773,431179.596773,7.1225,-2.5328,134.5783,43.7996,-13.1780,77.8613,0.673912,-0.157792,-0.721765,,,,803.822,335.080,416.274,306.137,77.861,0.0,nan,85.375,2,1.461,0.4641,39.8854,5.0045,0.8833,,,10.3216,4.3260,14.6477
133,431179.625088,431179.625088,7.1250,-2.4583,134.7199,41.9196,-11.1192,77.8613,0.655546,-0.128841,-0.744083,,,,803.822,335.080,416.274,306.137,77.861,0.0,nan,85.375,2,2.344,0.4641,39.8854,5.1083,0.8444,,,9.6375,3.5310,13.1684
134,431179.647809,431179.647809,7.0520,-2.5528,134.7683,43.3568,-12.4336,77.8613,0.670437,-0.147818,-0.727093,,,,803.822,335.080,416.274,306.137,77.861,0.0,nan,85.375,2,1.691,0.4641,39.8854,4.7268,0.8833,,,9.2767,5.1634,14.4401
135,431179.680476,431179.680476,7.0929,-2.5005,134.7374,42.7266,-13.1334,77.8613,0.660754,-0.154169,-0.734599,,,,803.822,335.080,416.274,306.137,77.861,0.0,nan,85.375,2,0.791,0.4641,39.8854,4.8283,0.8778,,,9.9256,4.6249,14.5505
136,431179.704354,431179.704354,7.0338,-2.5281,134.6762,43.1267,-12.7894,77.8613,0.666654,-0.151331,-0.729844,,,,803.822,335.080,416.274,306.137,77.861,0.0,nan,85.375,2,0.464,0.4641,39.8854,4.8569,0.8944,,,9.3910,5.5512,14.9422
137,431179.732699,431179.732699,7.0713,-2.5255,134.6651,43.0690,-10.8846,77.8613,0.670593,-0.128949,-0.730532,,,,803.822,335.080,416.274,306.137,77.861,0.0,nan,85.375,2,1.303,0.4641,39.8854,4.7748,0.8444,,,9.6492,4.4732,14.1223
138,431179.760760,431179.760760,6.9686,-2.3791,134.8320,42.3823,-10.2274,77.8613,0.663363,-0.119685,-0.738664,,,,803.822,335.080,416.274,306.137,77.861,0.0,nan,85.375,2,0.819,0.4641,39.8854,5.0243,0.8222,,,9.1736,5.0352,14.2088
139,431179.785399,431179.785399,7.0821,-2.4900,134.4961,44.1341,-15.8410,77.8613,0.669895,-0.190079,-0.717712,,,,803.822,335.080,416.274,306.137,77.861,0.0,nan,85.375,2,4.226,0.4641,39.8854,5.2223,0.8944,,,9.1808,3.5520,12.7328
140,431179.812552,431179.812552,6.9862,-2.5173,134.8745,42.8331,-8.8558,77.8613,0.671761,-0.104664,-0.733337,,,,803.822,335.080,416.274,306.137,77.861,0.0,nan,85.375,2,4.978,0.4641,39.8854,5.2824,0.8778,,,9.3682,3.7905,13.1586
141,431179.836456,431179.836456,7.2682,-2.5110,134.2293,45.0154,-17.1912,77.8613,0.675697,-0.209049,-0.706917,,,,803.822,335.080,416.274,306.137,77.861,0.0,nan,85.375,2,6.177,0.4641,39.8854,5.5513,0.8889,,,9.2819,3.4165,12.6984
142,431179.864947,431179.864947,7.3565,-2.4637,134.2180,43.6545,-17.9880,77.8613,0.656566,-0.213179,-0.723516,,,,803.822,335.080,416.274,306.137,77.861,0.0,nan,85.375,2,1.470,0.4641,39.8854,5.6089,0.8833,,,9.0160,3.3479,12.3639
143,431179.892878,431179.892878,6.9728,-2.5547,134.6634,42.7334,-11.8454,77.8613,0.664137,-0.139294,-0.734519,,,,803.822,335.080,416.274,306.137,77.861,0.0,nan,85.375,2,4.303,0.4641,39.8854,4.8023,0.9000,,,9.7826,4.0144,13.7970
144,431179.916097,431179.916097,7.1766,-2.5512,134.6711,42.4371,-15.9761,77.8613,0.648718,-0.185724,-0.738019,,,,803.822,335.080,416.274,306.137,77.861,0.0,nan,85.375,2,2.811,0.4641,39.8854,5.1680,0.9111,,,9.5281,3.9530,13.4810
145,431179.940647,431179.940647,7.0078,-2.5293,134.7492,43.1888,-12.6169,77.8613,0.667879,-0.149495,-0.729102,,,,803.822,335.080,416.274,306.137,77.861,0.0,nan,85.375,2,2.403,0.4641,39.8854,4.7186,0.8833,,,9.6915,4.9335,14.6250
146,431179.968672,431179.968672,6.9951,-2.4728,134.6748,42.8158,-11.1223,77.8613,0.666878,-0.131106,-0.733542,,,,803.822,335.080,416.274,306.137,77.861,0.0,nan,85.375,2,1.085,0.4641,39.8854,4.8378,0.8167,,,9.2571,3.9987,13.2558
147,431180.001340,431180.001340,6.9933,-2.5464,134.7666,43.0441,-11.8098,77.8613,0.668112,-0.139695,-0.730829,,,,803.822,335.080,416.274,306.137,77.861,0.0,nan,85.375,2,0.521,0.4641,39.8854,4.7503,0.8778,,,9.1216,3.8093,12.9309
148,431180.028506,431180.028506,7.1020,-2.4489,134.5009,44.0599,-14.9713,77.8613,0.671805,-0.179649,-0.718613,,,,803.822,335.080,416.274,306.137,77.861,0.0,nan,85.375,2,2.403,0.4641,39.8854,5.1462,0.8833,,,9.9175,5.0280,14.9455
149,431180.048256,431180.048256,7.0993,-2.4967,134.6110,43.7477,-12.7608,77.8613,0.674405,-0.152735,-0.722391,,,,803.822,335.080,416.274,306.137,77.861,0.0,nan,85.375,2,1.564,0.4641,39.8854,4.8176,0.8889,,,9.6819,4.2618,13.9437
150,431180.080450,431180.080450,7.0693,-2.4824,134.6734,43.0190,-12.6850,77.8613,0.665589,-0.149814,-0.731127,,,,803.822,335.080,416.274,306.137,77.861,0.0,nan,85.375,2,0.731,0.4641,39.8854,4.8041,0.8667,,,10.6192,4.4525,15.0717
151,431180.116611,431180.116611,6.9881,-2.6768,134.7595,43.2682,-11.2569,77.8613,0.672229,-0.133798,-0.728153,,,,803.822,335.080,416.274,306.137,77.861,0.0,nan,85.375,2,1.008,0.4641,39.8854,4.6654,0.8722,,,9.4662,3.7583,13.2245
152,431180.144333,431180.144333,6.9993,-2.5945,134.7615,43.1525,-11.7511,77.8613,0.669608,-0.139292,-0.729536,,,,803.822,335.080,416.274,306.137,77.861,0.0,nan,85.375,2,0.358,0.4641,39.8854,4.7454,0.9000,,,9.2099,3.5720,12.7819
153,431180.168123,431180.168123,7.0769,-2.4970,134.6784,43.1024,-12.8489,77.8613,0.666194,-0.151954,-0.730134,,,,803.822,335.080,416.274,306.137,77.861,0.0,nan,85.375,2,0.752,0.4641,39.8854,4.7835,0.8889,,,10.2383,5.3598,15.5981
154,431180.196547,431180.196547,6.9229,-2.8337,134.7798,43.6299,-14.4538,77.8613,0.668159,-0.172223,-0.723812,,,,803.822,335.080,416.274,306.137,77.861,0.0,nan,85.375,2,1.222,0.4641,39.8854,4.7555,0.9556,,,10.0037,5.3667,15.3705
155,431180.227582,431180.227582,7.0012,-2.5011,134.6371,43.0466,-12.5706,77.8613,0.666231,-0.148561,-0.730798,,,,803.822,335.080,416.274,306.137,77.861,0.0,nan,85.375,2,1.418,0.4641,39.8854,4.8535,0.8944,,,9.7853,5.9702,15.7555
156,431180.264459,431180.264459,7.0098,-2.4723,134.9130,42.8559,-9.9581,77.8613,0.669910,-0.117619,-0.733067,,,,803.822,335.080,416.274,306.137,77.861,0.0,nan,85.375,2,1.790,0.4641,39.8854,5.2061,0.8611,,,10.2187,3.5052,13.7239
157,431180.284660,431180.284660,7.0405,-2.5016,134.9719,42.3399,-8.6593,77.8613,0.665850,-0.101405,-0.739162,,,,803.822,335.080,416.274,306.137,77.861,0.0,nan,85.375,2,1.019,0.4641,39.8854,5.3965,0.8722,,,11.6714,3.8639,15.5353
158,431180.311946,431180.311946,7.0502,-2.4272,134.7426,43.2584,-11.0093,77.8613,0.672678,-0.130869,-0.728271,,,,803.822,335.080,416.274,306.137,77.861,0.0,nan,85.375,2,1.842,0.4641,39.8854,4.8669,0.8056,,,9.8840,5.2898,15.1737
159,431180.360783,431180.360783,6.9273,-2.8009,134.7518,43.1340,-14.2094,77.8613,0.662789,-0.167827,-0.729757,,,,803.822,335.080,416.274,306.137,77.861,0.0,nan,85.375,2,2.194,0.4641,39.8854,4.6015,0.9611,,,9.7234,5.0148,14.7381
160,431180.384310,431180.384310,7.3090,-2.4451,134.6234,41.5262,-14.8522,77.8613,0.640813,-0.169935,-0.748653,,,,803.822,335.080,416.274,306.137,77.861,0.0,nan,85.375,2,1.665,0.4641,39.8854,5.4853,0.8889,,,9.5460,4.6637,14.2097
161,431180.412344,431180.412344,7.1041,-2.4978,134.4999,43.6787,-13.8943,77.8613,0.670407,-0.165838,-0.723224,,,,803.822,335.080,416.274,306.137,77.861,0.0,nan,85.375,2,2.248,0.4641,39.8854,5.1367,0.8778,,,9.3947,3.3651,12.7598
162,431180.436684,431180.436684,7.0161,-2.5301,134.6143,43.3304,-12.6771,77.8613,0.669476,-0.150592,-0.727409,,,,803.822,335.080,416.274,306.137,77.861,0.0,nan,85.375,2,0.907,0.4641,39.8854,4.9635,0.8944,,,8.9376,3.4953,12.4329
163,431180.471198,431180.471198,7.0204,-2.4837,134.7703,43.0644,-11.6446,77.8613,0.668767,-0.137821,-0.730587,,,,803.822,335.080,416.274,306.137,77.861,0.0,nan,85.375,2,0.755,0.4641,39.8854,4.8849,0.8333,,,9.0680,6.4268,15.4949
164,431180.496503,431180.496503,7.0406,-2.5487,134.7655,43.8035,-12.0810,77.8613,0.676857,-0.144871,-0.721718,,,,803.822,335.080,416.274,306.137,77.861,0.0,nan,85.375,2,0.798,0.4641,39.8854,4.9118,0.8722,,,9.7761,3.5900,13.3661
165,431180.524601,431180.524601,7.0959,-2.4162,134.5896,43.9197,-12.7848,77.8613,0.676452,-0.153497,-0.720313,,,,803.822,335.080,416.274,306.137,77.861,0.0,nan,85.375,2,0.501,0.4641,39.8854,5.1304,0.8389,,,10.0334,5.5517,15.5851
166,431180.548168,431180.548168,7.1227,-2.4421,134.5400,44.3458,-13.9795,77.8613,0.678285,-0.168858,-0.715134,,,,803.822,335.080,416.274,306.137,77.861,0.0,nan,85.375,2,0.935,0.4641,39.8854,5.2263,0.8722,,,10.3772,4.7671,15.1443
167,431180.580705,431180.580705,7.1681,-2.5501,134.2464,45.4748,-18.2107,77.8613,0.677233,-0.222804,-0.701223,,,,803.822,335.080,416.274,306.137,77.861,0.0,nan,85.375,2,3.193,0.4641,39.8854,5.5015,0.9167,,,9.2660,3.3857,12.6518
168,431180.612537,431180.612537,6.9943,-2.6034,134.7440,43.3909,-14.0544,77.8613,0.666408,-0.166827,-0.726684,,,,803.822,335.080,416.274,306.137,77.861,0.0,nan,85.375,2,3.578,0.4641,39.8854,4.8102,0.9111,,,9.6579,4.7643,14.4221
169,431180.636250,431180.636250,7.4317,-2.4712,134.7158,40.5662,-14.0312,77.8613,0.630923,-0.157672,-0.759655,,,,803.822,335.080,416.274,306.137,77.861,0.0,nan,85.375,2,2.825,0.4641,39.8854,5.6281,0.8889,,,10.2540,3.3575,13.6115
170,431180.660011,431180.660011,6.9397,-2.5623,134.6862,43.0867,-13.2229,77.8613,0.664994,-0.156254,-0.730320,,,,803.822,335.080,416.274,306.137,77.861,0.0,nan,85.375,2,2.577,0.4641,39.8854,4.9721,0.9056,,,9.9016,6.2367,16.1384
171,431180.686651,431180.686651,7.0177,-2.5233,134.7841,43.3789,-12.2316,77.8613,0.671229,-0.145513,-0.726827,,,,803.822,335.080,416.274,306.137,77.861,0.0,nan,85.375,2,0.739,0.4641,39.8854,4.8884,0.8611,,,9.3568,4.0333,13.3901
172,431180.717990,431180.717990,7.4088,-2.4070,134.6179,41.2320,-14.4375,77.8613,0.638295,-0.164332,-0.752047,,,,803.822,335.080,416.274,306.137,77.861,0.0,nan,85.375,2,2.610,0.4641,39.8854,5.5253,0.8833,,,9.2139,3.4445,12.6583
173,431180.740660,431180.740660,7.1232,-2.5067,134.5464,43.8962,-13.2922,77.8613,0.674779,-0.159414,-0.720597,,,,803.822,335.080,416.274,306.137,77.861,0.0,nan,85.375,2,2.774,0.4641,39.8854,5.0301,0.8833,,,11.5705,11.4894,23.0599
174,431180.768831,431180.768831,7.0421,-2.4351,134.7201,43.1285,-10.5532,77.8613,0.672073,-0.125207,-0.729823,,,,803.822,335.080,416.274,306.137,77.861,0.0,nan,85.375,2,2.036,0.4641,39.8854,4.9118,0.8167,,,13.9106,4.6597,18.5703
175,431180.792759,431180.792759,6.9854,-2.6353,134.6172,43.4569,-13.3155,77.8613,0.669318,-0.158411,-0.725892,,,,803.822,335.080,416.274,306.137,77.861,0.0,nan,85.375,2,1.922,0.4641,39.8854,4.9220,0.9222,,,9.4621,3.5083,12.9704
176,431180.820539,431180.820539,6.9800,-2.5842,134.8060,43.6123,-12.1322,77.8613,0.674369,-0.144968,-0.724024,,,,803.822,335.080,416.274,306.137,77.861,0.0,nan,85.375,2,0.830,0.4641,39.8854,4.9225,0.9000,,,10.0682,3.6013,13.6695
177,431180.848343,431180.848343,7.1318,-2.4303,134.5699,44.0341,-13.5832,77.8613,0.675645,-0.163246,-0.718926,,,,803.822,335.080,416.274,306.137,77.861,0.0,nan,85.375,2,1.090,0.4641,39.8854,5.1335,0.8611,,,9.5819,4.2092,13.7911
178,431180.872025,431180.872025,6.9946,-2.6626,134.6941,43.9815,-13.9427,77.8613,0.673966,-0.167323,-0.719564,,,,803.822,335.080,416.274,306.137,77.861,0.0,nan,85.375,2,0.255,0.4641,39.8854,4.8660,0.9278,,,11.5274,3.2772,14.8046
179,431180.900560,431180.900560,7.0229,-2.5842,134.5880,43.1875,-12.8588,77.8613,0.667224,-0.152310,-0.729119,,,,803.822,335.080,416.274,306.137,77.861,0.0,nan,85.375,2,1.090,0.4641,39.8854,4.9250,0.9111,,,9.0068,3.7548,12.7615
180,431180.924293,431180.924293,7.1277,-2.4538,134.5814,43.8069,-13.1860,77.8613,0.673979,-0.157907,-0.721677,,,,803.822,335.080,416.274,306.137,77.861,0.0,nan,85.375,2,0.659,0.4641,39.8854,4.9914,0.8778,,,10.1994,4.4539,14.6533
181,431180.952546,431180.952546,7.0664,-2.4682,134.7413,43.0065,-10.9806,77.8613,0.669593,-0.129921,-0.731277,,,,803.822,335.080,416.274,306.137,77.861,0.0,nan,85.375,2,1.714,0.4641,39.8854,4.7566,0.8167,,,9.5270,6.0868,15.6138
182,431180.980106,431180.980106,7.0310,-2.5434,134.6677,43.1810,-12.2749,77.8613,0.668662,-0.145485,-0.729195,,,,803.822,335.080,416.274,306.137,77.861,0.0,nan,85.375,2,0.901,0.4641,39.8854,4.7995,0.9000,,,9.4355,5.0856,14.5211
183,431181.005655,431181.005655,7.0253,-2.4080,134.7163,42.3823,-11.4905,77.8613,0.660564,-0.134279,-0.738664,,,,803.822,335.080,416.274,306.137,77.861,0.0,nan,85.375,2,0.960,0.4641,39.8854,4.9521,0.8000,,,11.4338,4.7679,16.2017
184,431181.028127,431181.028127,7.0788,-2.4574,134.5878,43.5136,-13.0212,77.8613,0.670822,-0.155132,-0.725211,,,,803.822,335.080,416.274,306.137,77.861,0.0,nan,85.375,2,1.539,0.4641,39.8854,5.0281,0.8611,,,29.0052,11.7347,40.7399
185,431181.056512,431181.056512,6.9818,-2.5851,134.7267,43.4381,-12.1823,77.8613,0.672087,-0.145093,-0.726118,,,,803.822,335.080,416.274,306.137,77.861,0.0,nan,85.375,2,0.582,0.4641,39.8854,4.7294,0.9056,,,11.0445,3.2265,14.2710
186,431181.080435,431181.080435,7.1694,-2.5260,134.3740,43.7436,-17.1540,77.8613,0.660675,-0.203931,-0.722441,,,,803.822,335.080,416.274,306.137,77.861,0.0,nan,85.375,2,3.441,0.4641,39.8854,5.4620,0.9000,,,8.9606,4.1631,13.1237
187,431181.105058,431181.105058,7.3991,-2.4765,134.6052,42.0479,-17.0640,77.8613,0.640267,-0.196532,-0.742585,,,,803.822,335.080,416.274,306.137,77.861,0.0,nan,85.375,2,1.697,0.4641,39.8854,5.4190,0.8833,,,8.7898,3.5085,12.2983
188,431181.132172,431181.132172,6.8905,-2.4711,134.7934,43.6542,-13.1573,77.8613,0.672183,-0.157131,-0.723519,,,,803.822,335.080,416.274,306.137,77.861,0.0,nan,85.375,2,3.104,0.4641,39.8854,5.1653,0.8556,,,8.8681,4.6834,13.5515
189,431181.160000,431181.160000,7.2030,-2.5393,134.3019,44.9849,-16.8535,77.8613,0.676557,-0.204954,-0.707294,,,,803.822,335.080,416.274,306.137,77.861,0.0,nan,85.375,2,2.905,0.4641,39.8854,5.4323,0.8944,,,8.8857,3.2958,12.1815
190,431181.188709,431181.188709,7.1297,-2.5171,134.6353,43.2233,-12.6971,77.8613,0.668096,-0.150527,-0.728690,,,,803.822,335.080,416.274,306.137,77.861,0.0,nan,85.375,2,3.386,0.4641,39.8854,4.8989,0.8944,,,9.5686,4.0301,13.5987
191,431181.216935,431181.216935,6.9668,-2.7072,134.8038,42.7517,-12.4876,77.8613,0.662763,-0.146780,-0.734303,,,,803.822,335.080,416.274,306.137,77.861,0.0,nan,85.375,2,0.493,0.4641,39.8854,4.7491,0.9056,,,8.8165,4.4518,13.2683
192,431181.244617,431181.244617,7.0032,-2.5914,134.7870,43.1287,-11.7035,77.8613,0.669427,-0.138675,-0.729820,,,,803.822,335.080,416.274,306.137,77.861,0.0,nan,85.375,2,0.654,0.4641,39.8854,4.7740,0.8944,,,8.8533,4.8194,13.6727
193,431181.268658,431181.268658,6.9983,-2.5210,134.7125,42.9922,-11.2892,77.8613,0.668705,-0.133490,-0.731447,,,,803.822,335.080,416.274,306.137,77.861,0.0,nan,85.375,2,0.314,0.4641,39.8854,4.8680,0.8611,,,8.9906,3.8464,12.8370
194,431181.296207,431181.296207,7.0905,-2.4612,134.5958,43.3751,-12.5935,77.8613,0.670249,-0.149738,-0.726873,,,,803.822,335.080,416.274,306.137,77.861,0.0,nan,85.375,2,0.971,0.4641,39.8854,4.9517,0.8500,,,8.8355,4.4531,13.2887
195,431181.325569,431181.325569,7.2297,-2.4610,134.4492,44.8824,-16.7196,77.8613,0.675821,-0.203009,-0.708557,,,,803.822,335.080,416.274,306.137,77.861,0.0,nan,85.375,2,3.244,0.4641,39.8854,5.3282,0.8833,,,8.6493,3.8737,12.5230
196,431181.348501,431181.348501,7.1048,-2.4625,134.5341,43.7183,-13.2374,77.8613,0.672750,-0.158256,-0.722746,,,,803.822,335.080,416.274,306.137,77.861,0.0,nan,85.375,2,2.696,0.4641,39.8854,5.0552,0.8722,,,8.8830,4.7359,13.6189
197,431181.376107,431181.376107,7.0754,-2.4780,134.6868,43.1973,-11.2004,77.8613,0.671476,-0.132961,-0.729001,,,,803.822,335.080,416.274,306.137,77.861,0.0,nan,85.375,2,1.495,0.4641,39.8854,4.7893,0.8222,,,9.2877,4.0742,13.3619
198,431181.404541,431181.404541,7.0615,-2.4865,134.6040,43.6202,-12.2130,77.8613,0.674262,-0.145940,-0.723928,,,,803.822,335.080,416.274,306.137,77.861,0.0,nan,85.375,2,0.814,0.4641,39.8854,4.8945,0.8722,,,9.0394,5.6783,14.7177
199,431181.432968,431181.432968,7.0812,-2.4702,134.6485,43.6812,-12.5996,77.8613,0.674014,-0.150655,-0.723193,,,,803.822,335.080,416.274,306.137,77.861,0.0,nan,85.375,2,0.274,0.4641,39.8854,4.8292,0.8556,,,8.9314,4.5359,13.4672
200,431181.456237,431181.456237,7.0648,-2.4525,134.6393,43.7262,-12.6546,77.8613,0.674423,-0.151426,-0.722651,,,,803.822,335.080,416.274,306.137,77.861,0.0,nan,85.375,2,0.059,0.4641,39.8854,5.0159,0.8389,,,8.9582,6.2084,15.1665
201,431181.484656,431181.484656,6.9785,-2.5312,134.6448,43.1477,-13.7124,77.8613,0.664390,-0.162113,-0.729593,,,,803.822,335.080,416.274,306.137,77.861,0.0,nan,85.375,2,0.929,0.4641,39.8854,4.8370,0.9056,,,9.0697,4.4411,13.5108
202,431181.512678,431181.512678,7.0507,-2.4905,134.7463,42.9902,-11.0805,77.8613,0.669163,-0.131048,-0.731470,,,,803.822,335.080,416.274,306.137,77.861,0.0,nan,85.375,2,1.804,0.4641,39.8854,4.7807,0.8278,,,8.5548,4.2675,12.8223
203,431181.544959,431181.544959,6.9886,-2.3937,134.7406,43.2265,-10.3015,77.8613,0.673843,-0.122477,-0.728652,,,,803.822,335.080,416.274,306.137,77.861,0.0,nan,85.375,2,0.582,0.4641,39.8854,4.9034,0.8222,,,9.2209,4.7452,13.9662
204,431181.572406,431181.572406,6.9990,-2.4176,134.7971,43.0493,-10.0588,77.8613,0.672135,-0.119226,-0.730767,,,,803.822,335.080,416.274,306.137,77.861,0.0,nan,85.375,2,0.243,0.4641,39.8854,5.1255,0.8333,,,8.6679,3.9245,12.5924
205,431181.596476,431181.596476,6.9915,-2.6591,134.7434,43.2064,-12.9192,77.8613,0.667298,-0.153068,-0.728892,,,,803.822,335.080,416.274,306.137,77.861,0.0,nan,85.375,2,1.962,0.4641,39.8854,4.6244,0.9222,,,9.0737,5.0735,14.1472
206,431181.620746,431181.620746,6.9592,-2.6073,134.7413,43.1350,-12.8897,77.8613,0.666491,-0.152521,-0.729744,,,,803.822,335.080,416.274,306.137,77.861,0.0,nan,85.375,2,0.074,0.4641,39.8854,4.6843,0.9111,,,8.9080,4.3925,13.3005
207,431181.653711,431181.653711,6.7951,-2.5550,134.8381,42.7704,-9.0079,77.8613,0.670687,-0.106322,-0.734081,,,,803.822,335.080,416.274,306.137,77.861,0.0,nan,85.375,2,2.670,0.4641,39.8854,5.3214,0.9111,,,8.7690,2.7475,11.5165
208,431181.680302,431181.680302,7.0597,-2.4625,134.6905,43.2968,-11.8005,77.8613,0.671284,-0.140245,-0.727811,,,,803.822,335.080,416.274,306.137,77.861,0.0,nan,85.375,2,1.977,0.4641,39.8854,4.9624,0.8278,,,8.7772,4.5529,13.3302
209,431181.704059,431181.704059,7.1030,-2.4532,134.7269,43.5304,-11.1222,77.8613,0.675804,-0.132859,-0.725008,,,,803.822,335.080,416.274,306.137,77.861,0.0,nan,85.375,2,0.521,0.4641,39.8854,4.7998,0.8222,,,9.0620,5.3712,14.4332
210,431181.732713,431181.732713,7.1144,-2.4427,134.6970,43.0002,-13.0759,77.8613,0.664317,-0.154297,-0.731351,,,,803.822,335.080,416.274,306.137,77.861,0.0,nan,85.375,2,1.440,0.4641,39.8854,4.8929,0.8556,,,10.4536,4.2680,14.7216
211,431181.760872,431181.760872,7.0577,-2.4659,134.6434,43.5252,-12.0329,77.8613,0.673542,-0.143570,-0.725072,,,,803.822,335.080,416.274,306.137,77.861,0.0,nan,85.375,2,0.887,0.4641,39.8854,4.7933,0.8500,,,8.9780,3.3934,12.3714
212,431181.788725,431181.788725,7.0382,-2.4130,134.8540,42.8928,-8.9368,77.8613,0.672367,-0.105732,-0.732628,,,,803.822,335.080,416.274,306.137,77.861,0.0,nan,85.375,2,2.212,0.4641,39.8854,5.2898,0.8389,,,11.5470,4.9875,16.5345
213,431181.816146,431181.816146,7.0686,-2.4817,134.7014,43.6167,-12.4688,77.8613,0.673561,-0.148940,-0.723970,,,,803.822,335.080,416.274,306.137,77.861,0.0,nan,85.375,2,2.526,0.4641,39.8854,4.7941,0.8556,,,9.4730,4.2659,13.7390
214,431181.840044,431181.840044,7.0203,-2.4057,134.7301,42.9391,-10.0310,77.8613,0.670807,-0.118655,-0.732078,,,,803.822,335.080,416.274,306.137,77.861,0.0,nan,85.375,2,1.803,0.4641,39.8854,4.8928,0.8222,,,8.9057,4.5388,13.4445
215,431181.868574,431181.868574,7.1016,-2.4949,134.5445,43.7736,-13.7328,77.8613,0.672035,-0.164232,-0.722079,,,,803.822,335.080,416.274,306.137,77.861,0.0,nan,85.375,2,2.675,0.4641,39.8854,5.0707,0.8778,,,8.9265,4.7339,13.6604
216,431181.896577,431181.896577,7.3526,-2.4522,134.6116,41.9176,-15.4344,77.8613,0.643968,-0.177795,-0.744107,,,,803.822,335.080,416.274,306.137,77.861,0.0,nan,85.375,2,2.187,0.4641,39.8854,5.4776,0.8889,,,8.9805,3.9925,12.9730
217,431181.920125,431181.920125,7.0030,-2.4867,134.7595,43.4328,-11.5056,77.8613,0.673688,-0.137132,-0.726181,,,,803.822,335.080,416.274,306.137,77.861,0.0,nan,85.375,2,3.063,0.4641,39.8854,4.7912,0.8333,,,8.9859,4.6141,13.6000
218,431181.944409,431181.944409,7.0163,-2.5280,134.7367,42.9565,-12.2498,77.8613,0.665928,-0.144585,-0.731871,,,,803.822,335.080,416.274,306.137,77.861,0.0,nan,85.375,2,0.697,0.4641,39.8854,4.6232,0.8722,,,9.3723,4.2400,13.6123
219,431181.980081,431181.980081,7.2955,-2.4983,134.3290,44.0498,-17.7493,77.8613,0.662187,-0.211959,-0.718736,,,,803.822,335.080,416.274,306.137,77.861,0.0,nan,85.375,2,3.940,0.4641,39.8854,5.4307,0.8833,,,8.9851,4.0420,13.0270
220,431182.004898,431182.004898,7.0270,-2.4589,134.6808,43.4395,-12.1617,77.8613,0.672157,-0.144856,-0.726100,,,,803.822,335.080,416.274,306.137,77.861,0.0,nan,85.375,2,3.911,0.4641,39.8854,4.8908,0.8222,,,9.2367,4.2185,13.4552
221,431182.037596,431182.037596,7.0640,-2.4480,134.6878,43.5139,-12.1653,77.8613,0.673068,-0.145096,-0.725208,,,,803.822,335.080,416.274,306.137,77.861,0.0,nan,85.375,2,0.074,0.4641,39.8854,4.7619,0.8278,,,9.0752,3.1688,12.2440
222,431182.059659,431182.059659,6.9891,-2.5795,134.6911,43.0518,-11.2489,77.8613,0.669544,-0.133168,-0.730737,,,,803.822,335.080,416.274,306.137,77.861,0.0,nan,85.375,2,0.780,0.4641,39.8854,4.6822,0.9056,,,8.9888,3.9105,12.8993
223,431182.094315,431182.094315,6.9679,-2.6555,134.6682,43.1151,-14.2859,77.8613,0.662331,-0.168652,-0.729982,,,,803.822,335.080,416.274,306.137,77.861,0.0,nan,85.375,2,2.075,0.4641,39.8854,4.7731,0.9278,,,10.5404,4.7298,15.2703
224,431182.127720,431182.127720,7.0179,-2.4276,134.7252,43.2416,-10.9553,77.8613,0.672592,-0.130194,-0.728471,,,,803.822,335.080,416.274,306.137,77.861,0.0,nan,85.375,2,2.282,0.4641,39.8854,4.8156,0.8167,,,9.4355,3.2982,12.7337
225,431182.166231,431182.166231,7.0448,-2.5005,134.7560,43.5392,-11.9139,77.8613,0.674012,-0.142207,-0.724904,,,,803.822,335.080,416.274,306.137,77.861,0.0,nan,85.375,2,0.723,0.4641,39.8854,4.7757,0.8556,,,9.6919,5.4984,15.1903
226,431182.196170,431182.196170,7.0786,-2.4883,134.4870,43.7465,-14.3075,77.8613,0.670021,-0.170880,-0.722407,,,,803.822,335.080,416.274,306.137,77.861,0.0,nan,85.375,2,1.665,0.4641,39.8854,5.0835,0.8889,,,9.6383,4.5502,14.1885
227,431182.228995,431182.228995,7.0970,-2.5461,134.8461,42.7012,-9.3864,77.8613,0.669095,-0.110605,-0.734900,,,,803.822,335.080,416.274,306.137,77.861,0.0,nan,85.375,2,3.528,0.4641,39.8854,5.1727,0.8833,,,9.7077,3.8093,13.5170
228,431182.259972,431182.259972,6.9845,-2.4625,134.8288,43.0905,-10.6262,77.8613,0.671437,-0.125974,-0.730276,,,,803.822,335.080,416.274,306.137,77.861,0.0,nan,85.375,2,0.929,0.4641,39.8854,5.2275,0.8444,,,9.9256,3.7491,13.6747
229,431182.292483,431182.292483,7.0559,-2.4580,134.6915,43.4512,-11.3446,77.8613,0.674299,-0.135284,-0.725961,,,,803.822,335.080,416.274,306.137,77.861,0.0,nan,85.375,2,0.610,0.4641,39.8854,4.7561,0.8222,,,9.6325,4.5674,14.1999
230,431182.323874,431182.323874,7.0428,-2.5495,134.7231,42.7208,-12.5704,77.8613,0.662164,-0.147652,-0.734668,,,,803.822,335.080,416.274,306.137,77.861,0.0,nan,85.375,2,1.111,0.4641,39.8854,4.7751,0.9000,,,9.4671,4.3900,13.8571
231,431182.345561,431182.345561,7.1647,-2.4508,134.6693,42.6012,-14.3693,77.8613,0.655716,-0.167984,-0.736083,,,,803.822,335.080,416.274,306.137,77.861,0.0,nan,85.375,2,1.225,0.4641,39.8854,5.1133,0.8889,,,11.6965,4.8564,16.5529
232,431182.400394,431182.400394,7.2872,-2.5194,134.6174,42.3443,-15.2573,77.8613,0.649843,-0.177257,-0.739111,,,,803.822,335.080,416.274,306.137,77.861,0.0,nan,85.375,2,0.652,0.4641,39.8854,5.2650,0.9000,,,9.3323,3.9290,13.2613
233,431182.428751,431182.428751,7.0185,-2.5235,134.7089,43.0457,-12.8977,77.8613,0.665360,-0.152359,-0.730810,,,,803.822,335.080,416.274,306.137,77.861,0.0,nan,85.375,2,1.747,0.4641,39.8854,4.7277,0.8944,,,9.8178,4.4268,14.2447
234,431182.467405,431182.467405,7.0885,-2.4647,134.5688,43.6780,-12.5847,77.8613,0.674013,-0.150470,-0.723232,,,,803.822,335.080,416.274,306.137,77.861,0.0,nan,85.375,2,0.668,0.4641,39.8854,4.9107,0.8667,,,10.1487,6.3611,16.5098
235,431182.509282,431182.509282,7.0382,-2.4654,134.7206,43.2148,-11.6822,77.8613,0.670552,-0.138647,-0.728792,,,,803.822,335.080,416.274,306.137,77.861,0.0,nan,85.375,2,0.774,0.4641,39.8854,4.7009,0.8222,,,10.5423,4.3641,14.9064
236,431182.535354,431182.535354,7.3747,-2.4809,134.5882,42.0093,-16.4461,77.8613,0.641870,-0.189474,-0.743036,,,,803.822,335.080,416.274,306.137,77.861,0.0,nan,85.375,2,3.443,0.4641,39.8854,5.3562,0.8833,,,9.7975,4.2628,14.0603
237,431182.560652,431182.560652,7.1388,-2.5086,134.4075,44.5597,-15.7157,77.8613,0.675422,-0.190052,-0.712520,,,,803.822,335.080,416.274,306.137,77.861,0.0,nan,85.375,2,2.599,0.4641,39.8854,5.2555,0.8889,,,9.6392,4.0241,13.6633
238,431182.588169,431182.588169,7.1484,-2.5389,134.5179,43.7575,-13.0004,77.8613,0.673880,-0.155583,-0.722274,,,,803.822,335.080,416.274,306.137,77.861,0.0,nan,85.375,2,2.054,0.4641,39.8854,5.0971,0.8944,,,11.7981,4.3560,16.1541
239,431182.620447,431182.620447,7.0623,-2.4918,134.6675,42.7922,-12.1707,77.8613,0.664072,-0.143222,-0.733823,,,,803.822,335.080,416.274,306.137,77.861,0.0,nan,85.375,2,1.120,0.4641,39.8854,4.7786,0.8611,,,10.1186,4.3546,14.4732
240,431182.644624,431182.644624,7.0107,-2.3867,134.7456,43.3503,-10.0396,77.8613,0.675945,-0.119669,-0.727171,,,,803.822,335.080,416.274,306.137,77.861,0.0,nan,85.375,2,1.559,0.4641,39.8854,5.0074,0.8222,,,11.7591,5.1348,16.8939
241,431182.673139,431182.673139,6.9663,-2.5071,134.6675,43.5023,-11.9175,77.8613,0.673546,-0.142153,-0.725347,,,,803.822,335.080,416.274,306.137,77.861,0.0,nan,85.375,2,1.300,0.4641,39.8854,4.8104,0.8667,,,9.8765,3.7915,13.6680
242,431182.700482,431182.700482,7.0207,-2.6649,134.7008,43.4809,-13.1543,77.8613,0.670057,-0.156596,-0.725604,,,,803.822,335.080,416.274,306.137,77.861,0.0,nan,85.375,2,0.851,0.4641,39.8854,4.7121,0.9278,,,10.5048,4.5817,15.0864
243,431182.728654,431182.728654,6.9717,-2.4787,134.7451,43.0574,-11.6823,77.8613,0.668589,-0.138242,-0.730670,,,,803.822,335.080,416.274,306.137,77.861,0.0,nan,85.375,2,1.094,0.4641,39.8854,4.8136,0.8333,,,9.5718,5.1984,14.7701
244,431182.753404,431182.753404,7.3775,-2.4555,134.4944,42.5408,-17.4084,77.8613,0.645147,-0.202281,-0.736796,,,,803.822,335.080,416.274,306.137,77.861,0.0,nan,85.375,2,3.924,0.4641,39.8854,5.4556,0.8833,,,9.9139,4.1720,14.0859
245,431182.780549,431182.780549,6.7830,-2.6073,134.6964,43.6927,-9.7796,77.8613,0.680753,-0.117337,-0.723055,,,,803.822,335.080,416.274,306.137,77.861,0.0,nan,85.375,2,5.338,0.4641,39.8854,5.2991,0.9222,,,9.8610,3.7409,13.6018
246,431182.804720,431182.804720,7.3207,-2.4442,134.6817,41.3243,-13.7218,77.8613,0.641475,-0.156633,-0.750984,,,,803.822,335.080,416.274,306.137,77.861,0.0,nan,85.375,2,3.564,0.4641,39.8854,5.5196,0.8778,,,10.5034,3.6960,14.1994
247,431182.832345,431182.832345,7.0875,-2.5675,134.7213,43.1753,-11.8355,77.8613,0.669686,-0.140338,-0.729264,,,,803.822,335.080,416.274,306.137,77.861,0.0,nan,85.375,2,2.244,0.4641,39.8854,4.8285,0.8889,,,10.6600,4.0391,14.6991
248,431182.860725,431182.860725,7.0916,-2.4949,134.5043,43.6276,-13.5421,77.8613,0.670786,-0.161563,-0.723839,,,,803.822,335.080,416.274,306.137,77.861,0.0,nan,85.375,2,1.257,0.4641,39.8854,5.1521,0.8778,,,9.6516,3.9507,13.6023
249,431182.885142,431182.885142,7.3220,-2.5198,134.7201,41.4721,-15.0296,77.8613,0.639601,-0.171735,-0.749278,,,,803.822,335.080,416.274,306.137,77.861,0.0,nan,85.375,2,2.379,0.4641,39.8854,5.3414,0.9000,,,10.7259,3.3452,14.0711
