# generated, 2026-08-30T08:55:47+00:00
# source, /Users/meli/Desktop/Kevin/UCB/FlyingRobotsActiveControl/ESP32_PMW/results/flights/2026-08-29_231418
frame,t_capture,t_host,x_mm,y_mm,z_mm,theta_deg,phi_deg,psi_deg,nx,ny,nz,vx_mm_s,vy_mm_s,vz_mm_s,ellipse_cx,ellipse_cy,major_px,minor_px,ellipse_deg,area_px,fit_rms_px,ambiguity_margin_deg,n_solutions,jump_deg,discrepancy_mm,margin,refine_rms_px,union_coverage,pred_pos_mm,pred_ang_deg,t_seg_ms,t_est_ms,t_total_ms
4,431175.941375,431175.941375,7.0384,-2.4350,134.7252,42.8382,-9.9528,77.8613,0.669698,-0.117517,-0.733276,,,,803.822,335.080,416.274,306.137,77.861,0.0,nan,85.375,2,,0.4641,39.8854,4.9889,0.8278,,,27.9950,28.8606,56.8557
5,431175.968503,431175.968503,7.0018,-2.5321,134.7305,43.1894,-9.6653,77.8613,0.674697,-0.114907,-0.729095,,,,803.822,335.080,416.274,306.137,77.861,0.0,nan,85.375,2,0.402,0.4641,39.8854,4.9168,0.8722,,,31.2292,14.9581,46.1873
6,431175.988784,431175.988784,6.9843,-2.4078,134.7335,42.4253,-9.1908,77.8613,0.665967,-0.107753,-0.738158,,,,803.822,335.080,416.274,306.137,77.861,0.0,nan,85.375,2,0.829,0.4641,39.8854,5.0066,0.8333,,,28.2562,19.2254,47.4816
7,431176.023397,431176.023397,6.7793,-2.5935,134.9647,42.6092,-8.5810,77.8613,0.669416,-0.101013,-0.735988,,,,803.822,335.080,416.274,306.137,77.861,0.0,nan,85.375,2,0.451,0.4641,39.8854,5.5362,0.9333,,,27.9587,5.7018,33.6605
8,431176.048650,431176.048650,6.9167,-2.4847,134.7391,42.8780,-9.3989,77.8613,0.671305,-0.111120,-0.732805,,,,803.822,335.080,416.274,306.137,77.861,0.0,nan,85.375,2,0.617,0.4641,39.8854,5.0575,0.8611,,,27.4158,19.5113,46.9270
9,431176.083658,431176.083658,6.8104,-2.3510,134.7268,42.6104,-8.5182,77.8613,0.669542,-0.100281,-0.735974,,,,803.822,335.080,416.274,306.137,77.861,0.0,nan,85.375,2,0.655,0.4641,39.8854,5.2603,0.8389,,,29.0297,20.3812,49.4109
10,431176.105791,431176.105791,6.9033,-2.5241,134.7251,42.8486,-10.1752,77.8613,0.669368,-0.120139,-0.733153,,,,803.822,335.080,416.274,306.137,77.861,0.0,nan,85.375,2,1.149,0.4641,39.8854,4.8822,0.8722,,,28.0832,29.7713,57.8545
11,431176.135065,431176.135065,6.7862,-2.5719,134.7284,42.6000,-9.0131,77.8613,0.668518,-0.106039,-0.736097,,,,803.822,335.080,416.274,306.137,77.861,0.0,nan,85.375,2,0.827,0.4641,39.8854,5.2292,0.8944,,,28.1708,28.3672,56.5380
12,431176.164358,431176.164358,6.8665,-2.5233,134.7504,42.1157,-8.8559,77.8613,0.662635,-0.103243,-0.741792,,,,803.822,335.080,416.274,306.137,77.861,0.0,nan,85.375,2,0.496,0.4641,39.8854,5.2555,0.8833,,,28.0255,8.0990,36.1245
13,431176.189233,431176.189233,6.8655,-2.6274,134.7340,42.9298,-9.0180,77.8613,0.672682,-0.106759,-0.732189,,,,803.822,335.080,416.274,306.137,77.861,0.0,nan,85.375,2,0.821,0.4641,39.8854,5.1410,0.8500,,,29.8466,23.8540,53.7006
14,431176.217852,431176.217852,7.0082,-2.5782,134.6927,42.6596,-8.8010,77.8613,0.669662,-0.103682,-0.735393,,,,803.822,335.080,416.274,306.137,77.861,0.0,nan,85.375,2,0.308,0.4641,39.8854,5.1805,0.8389,,,27.9133,5.6748,33.5881
15,431176.245015,431176.245015,6.9515,-2.3879,134.7259,42.4873,-9.3218,77.8613,0.666507,-0.109406,-0.737427,,,,803.822,335.080,416.274,306.137,77.861,0.0,nan,85.375,2,0.392,0.4641,39.8854,5.1632,0.8333,,,27.5587,11.1836,38.7423
16,431176.270155,431176.270155,6.9005,-2.5461,134.7033,42.7821,-9.8766,77.8613,0.669146,-0.116503,-0.733942,,,,803.822,335.080,416.274,306.137,77.861,0.0,nan,85.375,2,0.478,0.4641,39.8854,4.9519,0.8778,,,28.4098,16.5902,45.0000
17,431176.296427,431176.296427,6.8334,-2.4834,134.7519,42.4345,-9.3850,77.8613,0.665715,-0.110029,-0.738049,,,,803.822,335.080,416.274,306.137,77.861,0.0,nan,85.375,2,0.481,0.4641,39.8854,5.1480,0.8722,,,28.1500,18.9333,47.0834
18,431176.322278,431176.322278,6.8893,-2.5481,134.7412,42.7750,-10.8279,77.8613,0.667030,-0.127579,-0.734027,,,,803.822,335.080,416.274,306.137,77.861,0.0,nan,85.375,2,1.034,0.4641,39.8854,4.8617,0.8722,,,27.4751,13.1929,40.6680
19,431176.352799,431176.352799,7.0456,-2.4919,134.7214,42.8724,-10.4066,77.8613,0.669176,-0.122897,-0.732871,,,,803.822,335.080,416.274,306.137,77.861,0.0,nan,85.375,2,0.302,0.4641,39.8854,4.8513,0.8333,,,27.3956,21.8611,49.2567
20,431176.379917,431176.379917,6.8330,-2.4124,134.7555,42.6105,-8.0350,77.8613,0.670365,-0.094631,-0.735973,,,,803.822,335.080,416.274,306.137,77.861,0.0,nan,85.375,2,1.631,0.4641,39.8854,5.3742,0.8611,,,27.4349,36.0456,63.4805
21,431176.407530,431176.407530,6.9988,-2.4767,134.7285,42.8707,-8.7660,77.8613,0.672399,-0.103684,-0.732891,,,,803.822,335.080,416.274,306.137,77.861,0.0,nan,85.375,2,0.560,0.4641,39.8854,5.0559,0.8611,,,27.9857,13.6855,41.6712
22,431176.436138,431176.436138,7.0750,-2.4592,134.7333,42.9737,-9.6759,77.8613,0.671965,-0.114571,-0.731667,,,,803.822,335.080,416.274,306.137,77.861,0.0,nan,85.375,2,0.628,0.4641,39.8854,4.9252,0.8333,,,27.3896,24.5927,51.9823
23,431176.460095,431176.460095,6.7858,-2.5887,134.7078,42.5684,-8.9544,77.8613,0.668225,-0.105292,-0.736471,,,,803.822,335.080,416.274,306.137,77.861,0.0,nan,85.375,2,0.636,0.4641,39.8854,5.3081,0.8778,,,27.0780,15.6155,42.6934
24,431176.480637,431176.480637,6.8973,-2.5870,134.6766,42.4893,-8.9358,77.8613,0.667254,-0.104916,-0.737404,,,,803.822,335.080,416.274,306.137,77.861,0.0,nan,85.375,2,0.080,0.4641,39.8854,5.3413,0.8333,,,28.8300,18.1645,46.9945
25,431176.516417,431176.516417,6.8918,-2.5388,134.7486,42.7400,-9.2002,77.8613,0.669942,-0.108509,-0.734440,,,,803.822,335.080,416.274,306.137,77.861,0.0,nan,85.375,2,0.308,0.4641,39.8854,5.1757,0.8889,,,29.1516,14.0762,43.2279
26,431176.539845,431176.539845,7.0090,-2.3882,134.7112,42.8384,-9.4517,77.8613,0.670703,-0.111656,-0.733274,,,,803.822,335.080,416.274,306.137,77.861,0.0,nan,85.375,2,0.197,0.4641,39.8854,5.0898,0.8222,,,27.8647,13.2777,41.1424
27,431176.568069,431176.568069,6.8878,-2.4823,134.7143,42.6523,-9.9817,77.8613,0.667291,-0.117442,-0.735479,,,,803.822,335.080,416.274,306.137,77.861,0.0,nan,85.375,2,0.405,0.4641,39.8854,5.0443,0.8556,,,27.3770,13.7127,41.0898
28,431176.595960,431176.595960,6.9139,-2.4125,134.7201,42.8929,-9.8959,77.8613,0.670504,-0.116972,-0.732627,,,,803.822,335.080,416.274,306.137,77.861,0.0,nan,85.375,2,0.248,0.4641,39.8854,5.1584,0.8389,,,29.0763,18.2817,47.3580
29,431176.619357,431176.619357,6.9046,-2.6191,134.6895,42.0228,-12.0827,77.8613,0.654596,-0.140127,-0.742878,,,,803.822,335.080,416.274,306.137,77.861,0.0,nan,85.375,2,1.713,0.4641,39.8854,5.1328,0.9167,,,28.1506,17.7965,45.9471
30,431176.648100,431176.648100,6.7793,-2.5935,134.9690,42.6092,-8.5810,77.8613,0.669416,-0.101013,-0.735988,,,,803.822,335.080,416.274,306.137,77.861,0.0,nan,85.375,2,2.429,0.4641,39.8854,5.5820,0.9389,,,27.2393,10.0270,37.2663
31,431176.671705,431176.671705,7.0189,-2.4124,134.7467,42.9516,-9.6279,77.8613,0.671783,-0.113960,-0.731929,,,,803.822,335.080,416.274,306.137,77.861,0.0,nan,85.375,2,0.789,0.4641,39.8854,4.9117,0.8278,,,29.3990,25.9497,55.3487
32,431176.696594,431176.696594,6.8681,-2.4387,134.7318,42.5317,-10.1095,77.8613,0.665502,-0.118658,-0.736904,,,,803.822,335.080,416.274,306.137,77.861,0.0,nan,85.375,2,0.532,0.4641,39.8854,5.1734,0.8444,,,27.7635,15.9608,43.7243
33,431176.727825,431176.727825,6.7793,-2.5743,134.7181,42.5504,-8.7575,77.8613,0.668354,-0.102959,-0.736683,,,,803.822,335.080,416.274,306.137,77.861,0.0,nan,85.375,2,0.914,0.4641,39.8854,5.3615,0.8833,,,28.5964,23.8310,52.4274
34,431176.744218,431176.744218,7.0299,-2.4177,134.7162,42.9158,-9.9883,77.8613,0.670602,-0.118104,-0.732355,,,,803.822,335.080,416.274,306.137,77.861,0.0,nan,85.375,2,0.912,0.4641,39.8854,4.8699,0.8278,,,27.6530,30.8087,58.4618
35,431176.775385,431176.775385,6.9218,-2.4877,134.7243,42.7143,-9.6799,77.8613,0.668685,-0.114059,-0.734745,,,,803.822,335.080,416.274,306.137,77.861,0.0,nan,85.375,2,0.291,0.4641,39.8854,4.9544,0.8611,,,27.6265,33.4637,61.0902
36,431176.803319,431176.803319,6.8703,-2.5067,134.7526,42.5419,-9.0088,77.8613,0.667789,-0.105872,-0.736783,,,,803.822,335.080,416.274,306.137,77.861,0.0,nan,85.375,2,0.486,0.4641,39.8854,5.1126,0.8778,,,29.4865,8.2495,37.7361
37,431176.828654,431176.828654,6.8764,-2.4998,134.7270,42.7004,-10.0834,77.8613,0.667690,-0.118734,-0.734910,,,,803.822,335.080,416.274,306.137,77.861,0.0,nan,85.375,2,0.745,0.4641,39.8854,5.0226,0.8611,,,28.3702,28.2294,56.5996
38,431176.856606,431176.856606,7.0656,-2.4703,134.7156,43.1776,-10.6803,77.8613,0.672409,-0.126813,-0.729236,,,,803.822,335.080,416.274,306.137,77.861,0.0,nan,85.375,2,0.627,0.4641,39.8854,4.8219,0.8278,,,27.4482,30.6720,58.1202
39,431176.884242,431176.884242,6.9018,-2.5936,134.9691,42.6092,-8.5810,77.8613,0.669416,-0.101013,-0.735988,,,,803.822,335.080,416.274,306.137,77.861,0.0,nan,85.375,2,1.538,0.4641,39.8854,5.4107,0.9222,,,27.5370,11.8499,39.3868
40,431176.908837,431176.908837,6.9126,-2.5628,134.6910,42.5975,-8.9530,77.8613,0.668597,-0.105334,-0.736127,,,,803.822,335.080,416.274,306.137,77.861,0.0,nan,85.375,2,0.252,0.4641,39.8854,5.2125,0.8722,,,27.4189,14.5620,41.9809
41,431176.932390,431176.932390,6.7795,-2.5462,134.6717,42.4936,-9.0186,77.8613,0.667156,-0.105889,-0.737353,,,,803.822,335.080,416.274,306.137,77.861,0.0,nan,85.375,2,0.113,0.4641,39.8854,5.2940,0.8944,,,28.4672,7.5505,36.0177
42,431176.965692,431176.965692,7.0248,-2.4154,134.7286,42.8959,-10.2219,77.8613,0.669865,-0.120792,-0.732591,,,,803.822,335.080,416.274,306.137,77.861,0.0,nan,85.375,2,0.910,0.4641,39.8854,4.8621,0.8167,,,27.7460,23.5956,51.3416
43,431176.993082,431176.993082,6.8291,-2.5222,134.7440,42.8819,-8.8184,77.8613,0.672446,-0.104321,-0.732758,,,,803.822,335.080,416.274,306.137,77.861,0.0,nan,85.375,2,0.955,0.4641,39.8854,5.1869,0.8889,,,27.2113,22.9684,50.1796
44,431177.020667,431177.020667,6.9632,-2.4899,134.7038,42.7795,-9.9240,77.8613,0.669017,-0.117051,-0.733972,,,,803.822,335.080,416.274,306.137,77.861,0.0,nan,85.375,2,0.759,0.4641,39.8854,4.9511,0.8556,,,28.1313,21.5582,49.6894
45,431177.049059,431177.049059,7.0105,-2.4123,134.7248,42.8539,-9.3933,77.8613,0.671011,-0.111005,-0.733091,,,,803.822,335.080,416.274,306.137,77.861,0.0,nan,85.375,2,0.368,0.4641,39.8854,4.9462,0.8333,,,27.7596,20.8729,48.6325
46,431177.073720,431177.073720,6.7811,-2.5935,134.9612,42.6092,-8.5810,77.8613,0.669416,-0.101013,-0.735988,,,,803.822,335.080,416.274,306.137,77.861,0.0,nan,85.375,2,0.603,0.4641,39.8854,5.5114,0.9389,,,29.3762,4.9183,34.2945
47,431177.103985,431177.103985,6.9237,-2.6083,134.7140,42.7726,-9.1062,77.8613,0.670532,-0.107476,-0.734055,,,,803.822,335.080,416.274,306.137,77.861,0.0,nan,85.375,2,0.392,0.4641,39.8854,5.0974,0.8444,,,28.0305,11.8863,39.9169
48,431177.152811,431177.152811,6.9092,-2.4830,134.7175,42.7048,-9.8351,77.8613,0.668254,-0.115849,-0.734858,,,,803.822,335.080,416.274,306.137,77.861,0.0,nan,85.375,2,0.499,0.4641,39.8854,5.0341,0.8556,,,27.5895,16.5348,44.1242
49,431177.188237,431177.188237,6.9635,-2.4287,134.7078,42.7297,-9.8499,77.8613,0.668539,-0.116077,-0.734563,,,,803.822,335.080,416.274,306.137,77.861,0.0,nan,85.375,2,0.027,0.4641,39.8854,4.8717,0.8333,,,27.6461,23.4971,51.1432
50,431177.232725,431177.232725,6.9511,-2.4647,134.7228,42.8996,-10.3559,77.8613,0.669627,-0.122367,-0.732547,,,,803.822,335.080,416.274,306.137,77.861,0.0,nan,85.375,2,0.384,0.4641,39.8854,4.8538,0.8444,,,27.0504,22.2283,49.2787
51,431177.264541,431177.264541,6.8358,-2.5430,134.6766,42.7326,-8.9260,77.8613,0.670360,-0.105288,-0.734529,,,,803.822,335.080,416.274,306.137,77.861,0.0,nan,85.375,2,0.986,0.4641,39.8854,5.2280,0.8889,,,27.1816,10.4585,37.6401
52,431177.312267,431177.312267,6.8172,-2.5192,134.7349,42.8076,-8.1574,77.8613,0.672664,-0.096421,-0.733639,,,,803.822,335.080,416.274,306.137,77.861,0.0,nan,85.375,2,0.527,0.4641,39.8854,5.4077,0.8889,,,27.0879,13.5165,40.6045
53,431177.343714,431177.343714,6.8458,-2.5410,134.7264,42.6932,-9.2267,77.8613,0.669299,-0.108723,-0.734996,,,,803.822,335.080,416.274,306.137,77.861,0.0,nan,85.375,2,0.735,0.4641,39.8854,5.2436,0.8889,,,27.6280,25.6082,53.2362
54,431177.368741,431177.368741,7.0691,-2.3991,134.7310,42.6686,-9.4278,77.8613,0.668603,-0.111020,-0.735286,,,,803.822,335.080,416.274,306.137,77.861,0.0,nan,85.375,2,0.139,0.4641,39.8854,4.9808,0.8222,,,28.3415,20.1235,48.4650
55,431177.402612,431177.402612,6.9862,-2.4983,134.7249,42.9150,-9.6866,77.8613,0.671204,-0.114570,-0.732365,,,,803.822,335.080,416.274,306.137,77.861,0.0,nan,85.375,2,0.303,0.4641,39.8854,4.8797,0.8556,,,27.3915,24.0798,51.4713
56,431177.432812,431177.432812,6.9987,-2.6087,134.7080,42.9670,-8.4749,77.8613,0.674135,-0.100448,-0.731746,,,,803.822,335.080,416.274,306.137,77.861,0.0,nan,85.375,2,0.827,0.4641,39.8854,5.2430,0.8278,,,27.9377,13.6609,41.5986
57,431177.464004,431177.464004,6.8761,-2.4926,134.7052,42.6976,-9.2076,77.8613,0.669391,-0.108509,-0.734943,,,,803.822,335.080,416.274,306.137,77.861,0.0,nan,85.375,2,0.566,0.4641,39.8854,5.1409,0.8667,,,27.8834,13.5297,41.4132
58,431177.496734,431177.496734,7.0346,-2.5176,134.7194,42.7989,-10.0319,77.8613,0.669039,-0.118354,-0.733743,,,,803.822,335.080,416.274,306.137,77.861,0.0,nan,85.375,2,0.569,0.4641,39.8854,4.8698,0.8556,,,27.4470,38.1941,65.6412
59,431177.530793,431177.530793,6.8722,-2.5425,134.7004,42.5903,-9.3317,77.8613,0.667795,-0.109735,-0.736212,,,,803.822,335.080,416.274,306.137,77.861,0.0,nan,85.375,2,0.519,0.4641,39.8854,5.1160,0.8889,,,27.1044,14.5310,41.6355
60,431177.564307,431177.564307,6.9444,-2.4879,134.7247,42.6499,-8.9478,77.8613,0.669272,-0.105378,-0.735507,,,,803.822,335.080,416.274,306.137,77.861,0.0,nan,85.375,2,0.267,0.4641,39.8854,5.1354,0.8611,,,27.2238,23.2832,50.5070
61,431177.589044,431177.589044,6.8659,-2.4767,134.7364,43.0060,-8.9537,77.8613,0.673763,-0.106155,-0.731282,,,,803.822,335.080,416.274,306.137,77.861,0.0,nan,85.375,2,0.356,0.4641,39.8854,5.0956,0.8722,,,27.8191,13.5530,41.3721
62,431177.616727,431177.616727,7.0185,-2.4075,134.7473,43.0426,-9.0497,77.8613,0.674046,-0.107358,-0.730846,,,,803.822,335.080,416.274,306.137,77.861,0.0,nan,85.375,2,0.075,0.4641,39.8854,5.0265,0.8333,,,28.1725,26.1195,54.2919
63,431177.653254,431177.653254,6.9135,-2.4017,134.7169,42.7342,-9.4493,77.8613,0.669391,-0.111409,-0.734509,,,,803.822,335.080,416.274,306.137,77.861,0.0,nan,85.375,2,0.411,0.4641,39.8854,5.0552,0.8389,,,28.7009,17.7324,46.4333
64,431177.677223,431177.677223,6.9067,-2.4767,134.7200,42.7297,-8.4270,77.8613,0.671215,-0.099439,-0.734563,,,,803.822,335.080,416.274,306.137,77.861,0.0,nan,85.375,2,0.694,0.4641,39.8854,5.2046,0.8722,,,28.9382,16.9616,45.8998
65,431177.710623,431177.710623,6.9419,-2.4570,134.7038,43.9432,-8.5276,77.8613,0.686273,-0.102902,-0.720028,,,,803.822,335.080,416.274,306.137,77.861,0.0,nan,85.375,2,1.215,0.4641,39.8854,5.1602,0.8556,,,28.0774,6.6292,34.7067
66,431177.737934,431177.737934,6.8243,-2.5191,134.7347,42.8222,-8.7322,77.8613,0.671847,-0.103193,-0.733466,,,,803.822,335.080,416.274,306.137,77.861,0.0,nan,85.375,2,1.130,0.4641,39.8854,5.1766,0.8833,,,28.3415,7.9027,36.2442
67,431177.765942,431177.765942,6.9776,-2.4628,134.7190,42.8554,-10.2639,77.8613,0.669267,-0.121190,-0.733072,,,,803.822,335.080,416.274,306.137,77.861,0.0,nan,85.375,2,1.042,0.4641,39.8854,4.8505,0.8389,,,27.0888,23.4423,50.5311
68,431177.797665,431177.797665,6.9237,-2.5018,134.7171,42.9046,-10.3561,77.8613,0.669689,-0.122380,-0.732489,,,,803.822,335.080,416.274,306.137,77.861,0.0,nan,85.375,2,0.080,0.4641,39.8854,5.0672,0.8556,,,28.1378,16.8912,45.0290
69,431177.827266,431177.827266,6.8049,-2.4756,134.7218,42.6813,-9.4256,77.8613,0.668767,-0.111021,-0.735136,,,,803.822,335.080,416.274,306.137,77.861,0.0,nan,85.375,2,0.670,0.4641,39.8854,5.2179,0.8722,,,28.0062,15.8724,43.8785
70,431177.848469,431177.848469,6.7640,-2.5637,134.7661,42.4334,-8.7161,77.8613,0.666940,-0.102248,-0.738062,,,,803.822,335.080,416.274,306.137,77.861,0.0,nan,85.375,2,0.540,0.4641,39.8854,5.3679,0.9167,,,27.1345,9.4125,36.5470
71,431177.881198,431177.881198,6.9176,-2.5247,134.7137,42.5731,-10.1803,77.8613,0.665879,-0.119574,-0.736415,,,,803.822,335.080,416.274,306.137,77.861,0.0,nan,85.375,2,0.999,0.4641,39.8854,4.9746,0.8611,,,27.9789,16.4988,44.4776
72,431177.910088,431177.910088,6.7753,-2.5644,134.6821,42.6933,-9.4457,77.8613,0.668880,-0.111280,-0.734994,,,,803.822,335.080,416.274,306.137,77.861,0.0,nan,85.375,2,0.512,0.4641,39.8854,5.3840,0.9000,,,28.1405,8.2124,36.3528
73,431177.936641,431177.936641,6.9049,-2.5362,134.7041,42.6199,-9.5380,77.8613,0.667771,-0.112202,-0.735862,,,,803.822,335.080,416.274,306.137,77.861,0.0,nan,85.375,2,0.096,0.4641,39.8854,5.1119,0.8778,,,27.8190,13.4227,41.2417
74,431177.964853,431177.964853,6.7960,-2.5049,134.7187,42.5811,-9.9459,77.8613,0.666465,-0.116867,-0.736320,,,,803.822,335.080,416.274,306.137,77.861,0.0,nan,85.375,2,0.279,0.4641,39.8854,5.2258,0.8778,,,27.7083,18.1542,45.8625
75,431177.990776,431177.990776,7.0664,-2.3794,134.7785,43.9019,-8.6933,77.8613,0.685459,-0.104808,-0.720528,,,,803.822,335.080,416.274,306.137,77.861,0.0,nan,85.375,2,1.575,0.4641,39.8854,5.1390,0.8167,,,27.5032,39.5737,67.0768
76,431178.012627,431178.012627,6.8078,-2.5050,134.7308,42.5194,-8.8675,77.8613,0.667762,-0.104180,-0.737048,,,,803.822,335.080,416.274,306.137,77.861,0.0,nan,85.375,2,1.388,0.4641,39.8854,5.3898,0.8778,,,28.0248,9.9074,37.9322
77,431178.044777,431178.044777,6.8776,-2.5646,134.7141,42.8856,-10.4396,77.8613,0.669272,-0.123312,-0.732714,,,,803.822,335.080,416.274,306.137,77.861,0.0,nan,85.375,2,1.127,0.4641,39.8854,5.0254,0.9000,,,28.9758,15.7233,44.6991
78,431178.073779,431178.073779,6.7892,-2.5935,134.9616,42.6092,-8.5810,77.8613,0.669416,-0.101013,-0.735988,,,,803.822,335.080,416.274,306.137,77.861,0.0,nan,85.375,2,1.291,0.4641,39.8854,5.5938,0.9389,,,27.7217,10.1685,37.8902
79,431178.101564,431178.101564,6.9427,-2.5353,134.7391,43.0408,-10.3462,77.8613,0.671421,-0.122577,-0.730868,,,,803.822,335.080,416.274,306.137,77.861,0.0,nan,85.375,2,1.275,0.4641,39.8854,4.8593,0.8667,,,27.4003,32.1502,59.5505
80,431178.130979,431178.130979,6.9853,-2.4810,134.7342,43.0610,-10.7917,77.8613,0.670702,-0.127843,-0.730627,,,,803.822,335.080,416.274,306.137,77.861,0.0,nan,85.375,2,0.305,0.4641,39.8854,4.9392,0.8389,,,28.5919,29.0496,57.6415
81,431178.156362,431178.156362,6.9146,-2.6114,134.6805,42.8296,-9.3325,77.8613,0.670822,-0.110243,-0.733379,,,,803.822,335.080,416.274,306.137,77.861,0.0,nan,85.375,2,1.021,0.4641,39.8854,5.1700,0.8500,,,28.8230,23.9027,52.7256
82,431178.180558,431178.180558,6.8368,-2.7659,134.6953,42.8622,-9.6049,77.8613,0.670701,-0.113499,-0.732992,,,,803.822,335.080,416.274,306.137,77.861,0.0,nan,85.375,2,0.188,0.4641,39.8854,5.2263,0.8500,,,27.9856,25.7307,53.7162
83,431178.212427,431178.212427,6.8434,-2.5002,134.7013,42.6434,-9.0053,77.8613,0.669083,-0.106036,-0.735584,,,,803.822,335.080,416.274,306.137,77.861,0.0,nan,85.375,2,0.462,0.4641,39.8854,5.2288,0.8722,,,29.3721,12.2732,41.6453
84,431178.236693,431178.236693,6.9063,-2.6111,134.7199,43.2418,-9.4579,77.8613,0.675766,-0.112574,-0.728469,,,,803.822,335.080,416.274,306.137,77.861,0.0,nan,85.375,2,0.673,0.4641,39.8854,5.0666,0.8778,,,28.0156,27.5097,55.5253
85,431178.260703,431178.260703,7.0505,-2.6240,134.7230,42.6187,-9.8084,77.8613,0.667219,-0.115349,-0.735876,,,,803.822,335.080,416.274,306.137,77.861,0.0,nan,85.375,2,0.667,0.4641,39.8854,5.0409,0.8444,,,28.3502,15.3578,43.7080
86,431178.288599,431178.288599,6.8407,-2.5341,134.7108,42.6584,-9.0297,77.8613,0.669228,-0.106350,-0.735407,,,,803.822,335.080,416.274,306.137,77.861,0.0,nan,85.375,2,0.529,0.4641,39.8854,5.2355,0.8944,,,27.7808,9.4332,37.2140
87,431178.308917,431178.308917,6.7741,-2.4933,134.6910,42.9052,-8.6537,77.8613,0.673038,-0.102432,-0.732481,,,,803.822,335.080,416.274,306.137,77.861,0.0,nan,85.375,2,0.355,0.4641,39.8854,5.3096,0.8833,,,27.4365,21.2058,48.6423
88,431178.336122,431178.336122,7.0668,-2.3546,134.7299,42.6641,-9.8308,77.8613,0.667748,-0.115710,-0.735339,,,,803.822,335.080,416.274,306.137,77.861,0.0,nan,85.375,2,0.835,0.4641,39.8854,5.2043,0.8056,,,27.4221,16.8114,44.2335
89,431178.364623,431178.364623,7.0790,-2.2741,134.7261,42.7228,-8.8367,77.8613,0.670399,-0.104223,-0.734644,,,,803.822,335.080,416.274,306.137,77.861,0.0,nan,85.375,2,0.677,0.4641,39.8854,5.2063,0.7889,,,29.4907,18.8490,48.3397
90,431178.388126,431178.388126,7.0139,-2.4405,134.7413,42.8143,-9.1597,77.8613,0.670958,-0.108187,-0.733560,,,,803.822,335.080,416.274,306.137,77.861,0.0,nan,85.375,2,0.238,0.4641,39.8854,4.9412,0.8444,,,28.5730,31.0693,59.6423
91,431178.417199,431178.417199,7.0203,-2.4050,134.7353,42.8283,-9.7210,77.8613,0.670042,-0.114786,-0.733395,,,,803.822,335.080,416.274,306.137,77.861,0.0,nan,85.375,2,0.382,0.4641,39.8854,4.8671,0.8278,,,28.0749,33.3815,61.4564
92,431178.444595,431178.444595,6.9018,-2.4598,134.7299,42.8353,-9.5840,77.8613,0.670404,-0.113198,-0.733311,,,,803.822,335.080,416.274,306.137,77.861,0.0,nan,85.375,2,0.093,0.4641,39.8854,5.1100,0.8556,,,27.7294,15.8502,43.5797
93,431178.472369,431178.472369,6.7906,-2.4805,134.6969,42.2646,-8.6236,77.8613,0.664951,-0.100845,-0.740047,,,,803.822,335.080,416.274,306.137,77.861,0.0,nan,85.375,2,0.865,0.4641,39.8854,5.3719,0.8833,,,28.7416,13.8409,42.5825
94,431178.498502,431178.498502,6.8251,-2.4636,134.7519,41.4919,-9.1402,77.8613,0.654101,-0.105240,-0.749050,,,,803.822,335.080,416.274,306.137,77.861,0.0,nan,85.375,2,0.846,0.4641,39.8854,5.3188,0.8722,,,27.5765,16.7565,44.3331
95,431178.529497,431178.529497,6.8895,-2.4427,134.7337,42.3556,-9.4642,77.8613,0.664559,-0.110782,-0.738978,,,,803.822,335.080,416.274,306.137,77.861,0.0,nan,85.375,2,0.890,0.4641,39.8854,5.1049,0.8556,,,27.0412,17.9594,45.0006
96,431178.552513,431178.552513,6.8067,-2.2883,134.7704,42.3416,-9.0350,77.8613,0.665193,-0.105772,-0.739142,,,,803.822,335.080,416.274,306.137,77.861,0.0,nan,85.375,2,0.289,0.4641,39.8854,5.5467,0.8278,,,28.3464,12.1542,40.5006
97,431178.580252,431178.580252,6.8230,-2.5423,134.6896,42.7464,-9.6340,77.8613,0.669182,-0.113592,-0.734365,,,,803.822,335.080,416.274,306.137,77.861,0.0,nan,85.375,2,0.573,0.4641,39.8854,5.1828,0.8889,,,28.3751,14.1536,42.5287
98,431178.608476,431178.608476,6.8232,-2.6412,134.7178,43.1234,-8.7526,77.8613,0.675612,-0.104018,-0.729883,,,,803.822,335.080,416.274,306.137,77.861,0.0,nan,85.375,2,0.709,0.4641,39.8854,5.2740,0.8444,,,27.7955,12.7060,40.5015
99,431178.637857,431178.637857,6.9274,-2.4525,134.7401,42.6802,-9.3405,77.8613,0.668918,-0.110025,-0.735148,,,,803.822,335.080,416.274,306.137,77.861,0.0,nan,85.375,2,0.597,0.4641,39.8854,4.9651,0.8500,,,27.8153,18.5290,46.3443
100,431178.661323,431178.661323,6.8152,-2.5856,134.7263,42.6050,-9.0022,77.8613,0.668602,-0.105923,-0.736037,,,,803.822,335.080,416.274,306.137,77.861,0.0,nan,85.375,2,0.241,0.4641,39.8854,5.4088,0.8889,,,27.8159,23.0145,50.8305
101,431178.688724,431178.688724,6.9762,-2.4855,134.7102,42.8465,-10.0972,77.8613,0.669504,-0.119224,-0.733178,,,,803.822,335.080,416.274,306.137,77.861,0.0,nan,85.375,2,0.781,0.4641,39.8854,4.9046,0.8444,,,27.8569,25.0877,52.9446
102,431178.720876,431178.720876,6.9265,-2.5935,134.9604,42.6092,-8.5810,77.8613,0.669416,-0.101013,-0.735988,,,,803.822,335.080,416.274,306.137,77.861,0.0,nan,85.375,2,1.056,0.4641,39.8854,5.4084,0.9222,,,27.3418,11.7681,39.1099
103,431178.753195,431178.753195,6.8281,-2.6895,134.6927,42.7938,-8.7332,77.8613,0.671486,-0.103150,-0.733803,,,,803.822,335.080,416.274,306.137,77.861,0.0,nan,85.375,2,0.212,0.4641,39.8854,5.2927,0.8611,,,27.1258,22.9155,50.0414
104,431178.784909,431178.784909,6.9423,-2.4758,134.7235,42.7455,-10.2631,77.8613,0.667883,-0.120930,-0.734376,,,,803.822,335.080,416.274,306.137,77.861,0.0,nan,85.375,2,1.040,0.4641,39.8854,5.0416,0.8444,,,27.3337,27.6520,54.9856
105,431178.812226,431178.812226,6.7871,-2.5214,134.7217,42.6161,-8.5261,77.8613,0.669599,-0.100385,-0.735907,,,,803.822,335.080,416.274,306.137,77.861,0.0,nan,85.375,2,1.185,0.4641,39.8854,5.3633,0.8944,,,27.8711,13.0137,40.8848
106,431178.836107,431178.836107,6.8569,-2.8242,134.7249,42.5523,-8.7375,77.8613,0.668414,-0.102730,-0.736661,,,,803.822,335.080,416.274,306.137,77.861,0.0,nan,85.375,2,0.157,0.4641,39.8854,5.3680,0.8111,,,27.2217,10.3225,37.5443
107,431178.867288,431178.867288,6.8957,-2.4000,134.7539,42.5695,-8.5729,77.8613,0.668926,-0.100843,-0.736457,,,,803.822,335.080,416.274,306.137,77.861,0.0,nan,85.375,2,0.113,0.4641,39.8854,5.1486,0.8556,,,27.4175,27.8165,55.2340
108,431178.894494,431178.894494,6.8548,-2.4863,134.7490,42.5508,-8.9569,77.8613,0.667998,-0.105285,-0.736678,,,,803.822,335.080,416.274,306.137,77.861,0.0,nan,85.375,2,0.260,0.4641,39.8854,5.3028,0.8722,,,27.5465,11.4095,38.9561
109,431178.912584,431178.912584,6.8326,-2.5748,134.7114,42.6040,-8.3978,77.8613,0.669670,-0.098862,-0.736049,,,,803.822,335.080,416.274,306.137,77.861,0.0,nan,85.375,2,0.382,0.4641,39.8854,5.3930,0.8500,,,28.6816,17.7519,46.4335
110,431178.940969,431178.940969,6.9373,-2.4399,134.7340,42.6383,-9.9400,77.8613,0.667199,-0.116925,-0.735645,,,,803.822,335.080,416.274,306.137,77.861,0.0,nan,85.375,2,1.045,0.4641,39.8854,4.8861,0.8444,,,26.9175,18.8742,45.7916
111,431178.980028,431178.980028,6.8597,-2.4549,134.7059,42.6629,-9.0329,77.8613,0.669279,-0.106398,-0.735354,,,,803.822,335.080,416.274,306.137,77.861,0.0,nan,85.375,2,0.615,0.4641,39.8854,5.1087,0.8611,,,27.1064,16.7611,43.8675
112,431179.005961,431179.005961,6.7703,-2.5344,134.7043,42.4720,-8.8944,77.8613,0.667110,-0.104399,-0.737608,,,,803.822,335.080,416.274,306.137,77.861,0.0,nan,85.375,2,0.213,0.4641,39.8854,5.3735,0.8944,,,27.0883,7.8880,34.9763
113,431179.036141,431179.036141,6.9385,-2.4784,134.7008,42.8091,-9.7265,77.8613,0.669790,-0.114808,-0.733622,,,,803.822,335.080,416.274,306.137,77.861,0.0,nan,85.375,2,0.657,0.4641,39.8854,5.0371,0.8500,,,28.1815,12.5328,40.7143
114,431179.060226,431179.060226,6.8586,-2.3920,134.7492,42.8506,-8.2250,77.8613,0.673094,-0.097294,-0.733129,,,,803.822,335.080,416.274,306.137,77.861,0.0,nan,85.375,2,1.022,0.4641,39.8854,5.2007,0.8556,,,27.1907,30.3045,57.4952
115,431179.092350,431179.092350,6.9261,-2.5605,134.6733,42.3408,-9.2430,77.8613,0.664794,-0.108186,-0.739151,,,,803.822,335.080,416.274,306.137,77.861,0.0,nan,85.375,2,0.857,0.4641,39.8854,5.1661,0.8944,,,27.1672,8.0306,35.1978
116,431179.120707,431179.120707,6.9538,-2.4383,134.7160,42.7406,-9.8800,77.8613,0.668615,-0.116451,-0.734434,,,,803.822,335.080,416.274,306.137,77.861,0.0,nan,85.375,2,0.588,0.4641,39.8854,5.0386,0.8389,,,28.4603,28.4637,56.9240
117,431179.144587,431179.144587,6.9836,-2.3338,134.7325,42.2056,-10.2055,77.8613,0.661164,-0.119028,-0.740739,,,,803.822,335.080,416.274,306.137,77.861,0.0,nan,85.375,2,0.578,0.4641,39.8854,5.1482,0.8056,,,27.9714,31.6798,59.6512
118,431179.176383,431179.176383,6.9826,-2.5489,134.6943,42.7132,-10.4433,77.8613,0.667092,-0.122955,-0.734759,,,,803.822,335.080,416.274,306.137,77.861,0.0,nan,85.375,2,0.532,0.4641,39.8854,4.9871,0.8556,,,28.1600,18.3270,46.4870
119,431179.201689,431179.201689,7.0506,-2.3878,134.7315,42.7686,-9.6321,77.8613,0.669466,-0.113618,-0.734102,,,,803.822,335.080,416.274,306.137,77.861,0.0,nan,85.375,2,0.553,0.4641,39.8854,4.9416,0.8167,,,26.7345,26.1777,52.9122
120,431179.228895,431179.228895,6.7869,-2.5261,134.6872,42.5979,-8.8328,77.8613,0.668823,-0.103932,-0.736121,,,,803.822,335.080,416.274,306.137,77.861,0.0,nan,85.375,2,0.568,0.4641,39.8854,5.3989,0.8944,,,27.7014,5.8150,33.5164
121,431179.256469,431179.256469,6.7839,-2.5815,134.7126,42.5637,-8.4326,77.8613,0.669096,-0.099193,-0.736526,,,,803.822,335.080,416.274,306.137,77.861,0.0,nan,85.375,2,0.273,0.4641,39.8854,5.3704,0.8556,,,27.9451,5.9256,33.8707
122,431179.280488,431179.280488,6.8896,-2.4028,134.7145,42.7418,-9.1266,77.8613,0.670103,-0.107652,-0.734420,,,,803.822,335.080,416.274,306.137,77.861,0.0,nan,85.375,2,0.503,0.4641,39.8854,5.1128,0.8444,,,27.5512,21.6892,49.2404
123,431179.309375,431179.309375,6.8901,-2.5936,134.9666,42.6092,-8.5810,77.8613,0.669416,-0.101013,-0.735988,,,,803.822,335.080,416.274,306.137,77.861,0.0,nan,85.375,2,0.393,0.4641,39.8854,5.4786,0.9278,,,26.9825,10.2237,37.2062
124,431179.329628,431179.329628,6.9710,-2.5146,134.7181,42.7448,-10.2452,77.8613,0.667913,-0.120721,-0.734384,,,,803.822,335.080,416.274,306.137,77.861,0.0,nan,85.375,2,1.136,0.4641,39.8854,4.9720,0.8500,,,27.4570,18.4656,45.9226
125,431179.376793,431179.376793,6.9160,-2.4319,134.7277,42.8548,-9.1895,77.8613,0.671414,-0.108619,-0.733080,,,,803.822,335.080,416.274,306.137,77.861,0.0,nan,85.375,2,0.726,0.4641,39.8854,5.1044,0.8500,,,27.7951,23.1903,50.9854
126,431179.400717,431179.400717,6.8743,-2.4670,134.7301,42.6482,-8.7752,77.8613,0.669565,-0.103357,-0.735527,,,,803.822,335.080,416.274,306.137,77.861,0.0,nan,85.375,2,0.349,0.4641,39.8854,5.2440,0.8722,,,27.5061,11.3873,38.8934
127,431179.451445,431179.451445,6.8691,-2.3265,134.7474,42.7378,-9.1026,77.8613,0.670097,-0.107363,-0.734468,,,,803.822,335.080,416.274,306.137,77.861,0.0,nan,85.375,2,0.239,0.4641,39.8854,5.2384,0.8278,,,27.1723,21.3942,48.5665
128,431179.484630,431179.484630,6.8771,-2.4318,134.7342,42.4977,-8.7623,77.8613,0.667675,-0.102912,-0.737305,,,,803.822,335.080,416.274,306.137,77.861,0.0,nan,85.375,2,0.333,0.4641,39.8854,5.3250,0.8667,,,27.2781,21.2382,48.5163
129,431179.516518,431179.516518,6.9916,-2.4784,134.7405,43.1499,-10.4634,77.8613,0.672537,-0.124203,-0.729567,,,,803.822,335.080,416.274,306.137,77.861,0.0,nan,85.375,2,1.328,0.4641,39.8854,4.9448,0.8389,,,28.3791,11.8505,40.2296
130,431179.544297,431179.544297,6.8407,-2.3941,134.7576,42.4129,-9.2994,77.8613,0.665604,-0.108989,-0.738304,,,,803.822,335.080,416.274,306.137,77.861,0.0,nan,85.375,2,1.081,0.4641,39.8854,5.1907,0.8444,,,27.2524,17.3962,44.6485
131,431179.573660,431179.573660,6.9783,-2.5249,134.7049,42.8446,-10.8159,77.8613,0.667932,-0.127607,-0.733201,,,,803.822,335.080,416.274,306.137,77.861,0.0,nan,85.375,2,1.114,0.4641,39.8854,4.8509,0.8500,,,27.3898,25.6975,53.0873
132,431179.596773,431179.596773,7.0418,-2.4744,134.7051,43.0557,-9.9535,77.8613,0.672433,-0.118006,-0.730690,,,,803.822,335.080,416.274,306.137,77.861,0.0,nan,85.375,2,0.624,0.4641,39.8854,4.9185,0.8389,,,27.5370,11.3154,38.8524
133,431179.625088,431179.625088,7.0423,-2.4522,134.7308,43.1973,-10.2582,77.8613,0.673571,-0.121901,-0.729001,,,,803.822,335.080,416.274,306.137,77.861,0.0,nan,85.375,2,0.252,0.4641,39.8854,4.8313,0.8333,,,27.5553,17.9664,45.5217
134,431179.647809,431179.647809,6.9508,-2.5324,134.7372,42.6603,-9.5747,77.8613,0.668210,-0.112715,-0.735385,,,,803.822,335.080,416.274,306.137,77.861,0.0,nan,85.375,2,0.711,0.4641,39.8854,5.0476,0.8722,,,26.9227,13.7203,40.6430
135,431179.680476,431179.680476,6.7851,-2.5975,134.7190,42.4559,-8.6671,77.8613,0.667315,-0.101721,-0.737797,,,,803.822,335.080,416.274,306.137,77.861,0.0,nan,85.375,2,0.647,0.4641,39.8854,5.3882,0.8556,,,26.9745,5.8339,32.8084
136,431179.704354,431179.704354,6.8039,-2.4283,134.7194,42.4593,-8.6894,77.8613,0.667318,-0.101988,-0.737757,,,,803.822,335.080,416.274,306.137,77.861,0.0,nan,85.375,2,0.015,0.4641,39.8854,5.3995,0.8667,,,27.7407,9.5495,37.2902
137,431179.732699,431179.732699,6.7954,-2.5764,134.7320,42.6614,-8.3788,77.8613,0.670431,-0.098747,-0.735371,,,,803.822,335.080,416.274,306.137,77.861,0.0,nan,85.375,2,0.292,0.4641,39.8854,5.3660,0.8611,,,27.8325,8.2108,36.0433
138,431179.760760,431179.760760,6.8688,-2.5799,134.6961,43.1659,-8.0713,77.8613,0.677337,-0.096053,-0.729375,,,,803.822,335.080,416.274,306.137,77.861,0.0,nan,85.375,2,0.546,0.4641,39.8854,5.3685,0.8278,,,26.8997,7.8038,34.7035
139,431179.785399,431179.785399,6.9653,-2.4738,134.7352,42.8138,-10.2515,77.8613,0.668768,-0.120952,-0.733567,,,,803.822,335.080,416.274,306.137,77.861,0.0,nan,85.375,2,1.528,0.4641,39.8854,4.9321,0.8444,,,27.6656,24.0676,51.7332
140,431179.812552,431179.812552,6.7710,-2.5936,134.9720,42.6092,-8.5810,77.8613,0.669416,-0.101013,-0.735988,,,,803.822,335.080,416.274,306.137,77.861,0.0,nan,85.375,2,1.151,0.4641,39.8854,5.7012,0.9389,,,27.6209,4.2609,31.8818
141,431179.836456,431179.836456,6.9450,-2.5013,134.7298,42.7682,-10.1078,77.8613,0.668495,-0.119171,-0.734107,,,,803.822,335.080,416.274,306.137,77.861,0.0,nan,85.375,2,1.047,0.4641,39.8854,4.9680,0.8556,,,28.3589,17.5425,45.9014
142,431179.864947,431179.864947,6.8754,-2.5430,134.7206,42.7198,-9.6142,77.8613,0.668885,-0.113304,-0.734680,,,,803.822,335.080,416.274,306.137,77.861,0.0,nan,85.375,2,0.339,0.4641,39.8854,5.0744,0.8833,,,27.5758,21.2036,48.7795
143,431179.892878,431179.892878,6.7821,-2.5635,134.7008,42.5903,-9.1678,77.8613,0.668107,-0.107824,-0.736211,,,,803.822,335.080,416.274,306.137,77.861,0.0,nan,85.375,2,0.329,0.4641,39.8854,5.3391,0.9000,,,28.1787,11.6642,39.8429
144,431179.916097,431179.916097,7.0077,-2.4850,134.7301,43.1413,-10.1955,77.8613,0.673002,-0.121037,-0.729670,,,,803.822,335.080,416.274,306.137,77.861,0.0,nan,85.375,2,0.890,0.4641,39.8854,4.8637,0.8389,,,27.8134,20.1432,47.9565
145,431179.940647,431179.940647,6.8189,-2.5240,134.7449,42.4079,-9.6002,77.8613,0.664959,-0.112472,-0.738363,,,,803.822,335.080,416.274,306.137,77.861,0.0,nan,85.375,2,0.837,0.4641,39.8854,5.1626,0.8833,,,27.6546,14.9705,42.6251
146,431179.968672,431179.968672,6.8793,-2.5767,134.6989,42.6313,-9.0345,77.8613,0.668876,-0.106352,-0.735727,,,,803.822,335.080,416.274,306.137,77.861,0.0,nan,85.375,2,0.443,0.4641,39.8854,5.1706,0.8611,,,27.3691,28.4012,55.7703
147,431180.001340,431180.001340,6.9328,-2.4065,134.7330,42.8278,-9.5115,77.8613,0.670452,-0.112334,-0.733400,,,,803.822,335.080,416.274,306.137,77.861,0.0,nan,85.375,2,0.379,0.4641,39.8854,5.0684,0.8389,,,26.6013,38.4467,65.0481
148,431180.028506,431180.028506,6.9549,-2.4189,134.7329,42.8305,-9.7175,77.8613,0.670077,-0.114749,-0.733368,,,,803.822,335.080,416.274,306.137,77.861,0.0,nan,85.375,2,0.140,0.4641,39.8854,5.0398,0.8389,,,27.3937,18.6022,45.9960
149,431180.048256,431180.048256,6.7646,-2.5397,134.7486,42.5699,-8.8909,77.8613,0.668360,-0.104554,-0.736453,,,,803.822,335.080,416.274,306.137,77.861,0.0,nan,85.375,2,0.618,0.4641,39.8854,5.2819,0.9056,,,27.8998,10.2531,38.1530
150,431180.080450,431180.080450,6.7391,-2.5893,134.6940,42.4234,-8.4786,77.8613,0.667232,-0.099463,-0.738179,,,,803.822,335.080,416.274,306.137,77.861,0.0,nan,85.375,2,0.315,0.4641,39.8854,5.4622,0.8556,,,27.0902,6.0245,33.1147
151,431180.116611,431180.116611,6.8671,-2.5399,134.7247,42.7935,-8.6856,77.8613,0.671567,-0.102592,-0.733807,,,,803.822,335.080,416.274,306.137,77.861,0.0,nan,85.375,2,0.396,0.4641,39.8854,5.0904,0.8944,,,27.3913,13.1675,40.5588
152,431180.144333,431180.144333,7.0190,-2.4304,134.7300,42.7843,-9.6174,77.8613,0.669693,-0.113480,-0.733916,,,,803.822,335.080,416.274,306.137,77.861,0.0,nan,85.375,2,0.633,0.4641,39.8854,4.9717,0.8333,,,27.3644,13.9754,41.3398
153,431180.168123,431180.168123,6.8614,-2.8860,134.7011,42.9386,-10.9586,77.8613,0.668793,-0.129499,-0.732084,,,,803.822,335.080,416.274,306.137,77.861,0.0,nan,85.375,2,0.925,0.4641,39.8854,4.9666,0.8333,,,28.4374,19.3603,47.7977
154,431180.196547,431180.196547,6.9634,-2.5922,134.7239,43.1563,-11.3071,77.8613,0.670715,-0.134108,-0.729490,,,,803.822,335.080,416.274,306.137,77.861,0.0,nan,85.375,2,0.322,0.4641,39.8854,4.8930,0.9056,,,27.8246,18.3776,46.2022
155,431180.227582,431180.227582,6.9895,-2.4351,134.7249,42.8636,-10.1537,77.8613,0.669602,-0.119922,-0.732975,,,,803.822,335.080,416.274,306.137,77.861,0.0,nan,85.375,2,0.839,0.4641,39.8854,4.9334,0.8278,,,26.9170,26.3582,53.2753
156,431180.264459,431180.264459,6.8807,-2.5662,134.7518,43.3253,-8.3342,77.8613,0.678893,-0.099454,-0.727470,,,,803.822,335.080,416.274,306.137,77.861,0.0,nan,85.375,2,1.326,0.4641,39.8854,5.4345,0.8833,,,27.7377,18.6268,46.3645
157,431180.284660,431180.284660,6.9322,-2.4140,134.7205,42.5359,-9.7107,77.8613,0.666366,-0.114032,-0.736853,,,,803.822,335.080,416.274,306.137,77.861,0.0,nan,85.375,2,1.226,0.4641,39.8854,5.1073,0.8389,,,28.3847,21.3435,49.7282
158,431180.311946,431180.311946,6.8773,-2.5324,134.6997,42.9756,-8.6653,77.8613,0.673905,-0.102704,-0.731644,,,,803.822,335.080,416.274,306.137,77.861,0.0,nan,85.375,2,0.835,0.4641,39.8854,5.2399,0.8833,,,27.1225,12.4609,39.5833
159,431180.360783,431180.360783,6.8183,-2.5691,134.7236,42.9164,-8.7691,77.8613,0.672971,-0.103809,-0.732348,,,,803.822,335.080,416.274,306.137,77.861,0.0,nan,85.375,2,0.092,0.4641,39.8854,5.2287,0.8944,,,27.1235,26.1261,53.2496
160,431180.384310,431180.384310,6.8306,-2.3956,134.7303,42.1781,-8.7438,77.8613,0.663634,-0.102069,-0.741061,,,,803.822,335.080,416.274,306.137,77.861,0.0,nan,85.375,2,0.738,0.4641,39.8854,5.3348,0.8500,,,27.4067,8.9323,36.3390
161,431180.412344,431180.412344,7.0525,-2.6132,134.7174,43.3713,-9.2235,77.8613,0.677844,-0.110073,-0.726919,,,,803.822,335.080,416.274,306.137,77.861,0.0,nan,85.375,2,1.237,0.4641,39.8854,5.1153,0.8444,,,28.1848,9.6557,37.8405
162,431180.436684,431180.436684,6.8470,-2.5951,134.6964,42.5339,-9.1055,77.8613,0.667508,-0.106983,-0.736877,,,,803.822,335.080,416.274,306.137,77.861,0.0,nan,85.375,2,0.841,0.4641,39.8854,5.2705,0.8500,,,27.4257,14.3777,41.8034
163,431180.471198,431180.471198,6.9464,-2.4282,134.7478,42.8381,-9.9261,77.8613,0.669751,-0.117204,-0.733278,,,,803.822,335.080,416.274,306.137,77.861,0.0,nan,85.375,2,0.634,0.4641,39.8854,5.0436,0.8389,,,27.4584,20.7460,48.2045
164,431180.496503,431180.496503,6.9546,-2.5332,134.7054,42.8750,-10.1508,77.8613,0.669751,-0.119913,-0.732840,,,,803.822,335.080,416.274,306.137,77.861,0.0,nan,85.375,2,0.157,0.4641,39.8854,5.0314,0.8611,,,27.7173,16.6523,44.3696
165,431180.524601,431180.524601,6.8740,-2.5225,134.7345,42.7613,-9.5288,77.8613,0.669577,-0.112395,-0.734189,,,,803.822,335.080,416.274,306.137,77.861,0.0,nan,85.375,2,0.438,0.4641,39.8854,5.1399,0.8778,,,28.9864,15.2258,44.2122
166,431180.548168,431180.548168,6.8834,-2.4898,134.7377,42.6708,-8.9676,77.8613,0.669500,-0.105650,-0.735260,,,,803.822,335.080,416.274,306.137,77.861,0.0,nan,85.375,2,0.391,0.4641,39.8854,5.1899,0.8778,,,27.4035,36.4486,63.8521
167,431180.580705,431180.580705,6.8592,-2.5297,134.7242,42.5135,-8.7569,77.8613,0.667887,-0.102880,-0.737118,,,,803.822,335.080,416.274,306.137,77.861,0.0,nan,85.375,2,0.212,0.4641,39.8854,5.2407,0.8944,,,27.2501,26.4017,53.6518
168,431180.612537,431180.612537,6.8956,-2.5605,134.7300,42.9983,-9.9803,77.8613,0.671657,-0.118193,-0.731373,,,,803.822,335.080,416.274,306.137,77.861,0.0,nan,85.375,2,0.962,0.4641,39.8854,5.0550,0.8833,,,27.5783,19.5234,47.1018
169,431180.636250,431180.636250,7.0347,-2.5208,134.7066,43.1304,-10.9004,77.8613,0.671326,-0.129282,-0.729800,,,,803.822,335.080,416.274,306.137,77.861,0.0,nan,85.375,2,0.642,0.4641,39.8854,4.9154,0.8556,,,27.8767,26.0853,53.9620
170,431180.660011,431180.660011,6.9577,-2.4630,134.7372,43.0366,-9.7356,77.8613,0.672637,-0.115406,-0.730917,,,,803.822,335.080,416.274,306.137,77.861,0.0,nan,85.375,2,0.801,0.4641,39.8854,5.1089,0.8500,,,27.9353,19.9186,47.8539
171,431180.686651,431180.686651,6.9575,-2.6129,134.7129,43.0704,-10.9277,77.8613,0.670514,-0.129457,-0.730515,,,,803.822,335.080,416.274,306.137,77.861,0.0,nan,85.375,2,0.815,0.4641,39.8854,4.8674,0.9056,,,26.7658,18.0250,44.7908
172,431180.717990,431180.717990,6.9023,-2.3959,134.7461,42.8252,-8.8920,77.8613,0.671594,-0.105072,-0.733431,,,,803.822,335.080,416.274,306.137,77.861,0.0,nan,85.375,2,1.408,0.4641,39.8854,5.2249,0.8444,,,27.1099,14.9499,42.0598
173,431180.740660,431180.740660,6.9995,-2.5071,134.7108,42.7497,-9.6991,77.8613,0.669095,-0.114359,-0.734326,,,,803.822,335.080,416.274,306.137,77.861,0.0,nan,85.375,2,0.553,0.4641,39.8854,4.9134,0.8556,,,27.6462,39.1224,66.7686
174,431180.768831,431180.768831,6.9089,-2.6653,134.6838,43.0992,-9.8918,77.8613,0.673106,-0.117376,-0.730172,,,,803.822,335.080,416.274,306.137,77.861,0.0,nan,85.375,2,0.373,0.4641,39.8854,5.1141,0.8278,,,27.3355,19.1532,46.4887
175,431180.792759,431180.792759,6.8051,-2.5502,134.7721,42.5431,-8.6372,77.8613,0.668477,-0.101542,-0.736769,,,,803.822,335.080,416.274,306.137,77.861,0.0,nan,85.375,2,1.018,0.4641,39.8854,5.3782,0.9056,,,27.6683,6.3319,34.0002
176,431180.820539,431180.820539,6.9470,-2.5893,134.7099,42.5748,-8.8917,77.8613,0.668422,-0.104573,-0.736394,,,,803.822,335.080,416.274,306.137,77.861,0.0,nan,85.375,2,0.175,0.4641,39.8854,5.3130,0.8556,,,27.2243,10.2334,37.4576
177,431180.848343,431180.848343,6.9000,-2.5577,134.7213,42.7794,-9.8684,77.8613,0.669129,-0.116401,-0.733974,,,,803.822,335.080,416.274,306.137,77.861,0.0,nan,85.375,2,0.693,0.4641,39.8854,5.0209,0.8833,,,27.8196,17.4806,45.3002
178,431180.872025,431180.872025,6.8770,-2.5924,134.7124,43.1891,-8.9082,77.8613,0.676153,-0.105982,-0.729099,,,,803.822,335.080,416.274,306.137,77.861,0.0,nan,85.375,2,0.772,0.4641,39.8854,5.2062,0.8444,,,27.3343,19.3861,46.7204
179,431180.900560,431180.900560,6.8282,-2.5345,134.7354,42.6222,-9.0014,77.8613,0.668821,-0.105948,-0.735835,,,,803.822,335.080,416.274,306.137,77.861,0.0,nan,85.375,2,0.570,0.4641,39.8854,5.1909,0.8944,,,27.1437,14.0171,41.1608
180,431180.924293,431180.924293,6.8187,-2.8575,134.7005,42.6006,-9.0077,77.8613,0.668535,-0.105978,-0.736090,,,,803.822,335.080,416.274,306.137,77.861,0.0,nan,85.375,2,0.022,0.4641,39.8854,5.3150,0.7944,,,27.3521,7.3563,34.7084
181,431180.952546,431180.952546,6.8586,-2.3177,134.7495,42.6103,-8.6855,77.8613,0.669245,-0.102235,-0.735975,,,,803.822,335.080,416.274,306.137,77.861,0.0,nan,85.375,2,0.218,0.4641,39.8854,5.1781,0.8333,,,27.5790,23.2880,50.8671
182,431180.980106,431180.980106,6.9134,-2.3589,134.7212,42.5956,-8.9148,77.8613,0.668643,-0.104884,-0.736149,,,,803.822,335.080,416.274,306.137,77.861,0.0,nan,85.375,2,0.156,0.4641,39.8854,5.1139,0.8333,,,27.4099,12.9469,40.3568
183,431181.005655,431181.005655,7.1139,-2.3865,134.7404,42.5156,-9.5923,77.8613,0.666343,-0.112612,-0.737093,,,,803.822,335.080,416.274,306.137,77.861,0.0,nan,85.375,2,0.465,0.4641,39.8854,5.0725,0.8167,,,27.1344,16.9020,44.0364
184,431181.028127,431181.028127,7.0730,-2.3846,134.7423,43.3823,-9.9219,77.8613,0.676590,-0.118350,-0.726787,,,,803.822,335.080,416.274,306.137,77.861,0.0,nan,85.375,2,0.895,0.4641,39.8854,4.9756,0.8167,,,28.9145,11.3650,40.2795
185,431181.056512,431181.056512,6.8152,-2.4312,134.7552,43.0181,-10.2763,77.8613,0.671285,-0.121706,-0.731138,,,,803.822,335.080,416.274,306.137,77.861,0.0,nan,85.375,2,0.438,0.4641,39.8854,5.1658,0.8500,,,27.8470,11.3665,39.2136
186,431181.080435,431181.080435,6.8509,-2.4261,134.7324,42.6403,-9.5051,77.8613,0.668094,-0.111862,-0.735620,,,,803.822,335.080,416.274,306.137,77.861,0.0,nan,85.375,2,0.646,0.4641,39.8854,5.1866,0.8500,,,27.0706,25.3157,52.3863
187,431181.105058,431181.105058,7.0626,-2.5935,134.9644,42.6092,-8.5810,77.8613,0.669416,-0.101013,-0.735988,,,,803.822,335.080,416.274,306.137,77.861,0.0,nan,85.375,2,0.627,0.4641,39.8854,5.4969,0.9167,,,27.9868,10.5375,38.5244
188,431181.132172,431181.132172,6.8514,-2.4572,134.7253,42.6225,-8.4919,77.8613,0.669741,-0.099997,-0.735831,,,,803.822,335.080,416.274,306.137,77.861,0.0,nan,85.375,2,0.062,0.4641,39.8854,5.3627,0.8722,,,27.3267,18.5961,45.9228
189,431181.160000,431181.160000,6.7913,-2.5941,134.7239,42.4455,-8.4437,77.8613,0.667574,-0.099099,-0.737919,,,,803.822,335.080,416.274,306.137,77.861,0.0,nan,85.375,2,0.180,0.4641,39.8854,5.5082,0.8500,,,27.4081,28.7544,56.1625
190,431181.188709,431181.188709,6.9085,-2.4952,134.7222,42.9127,-9.8374,77.8613,0.670873,-0.116330,-0.732391,,,,803.822,335.080,416.274,306.137,77.861,0.0,nan,85.375,2,1.054,0.4641,39.8854,5.0292,0.8611,,,27.6668,17.0713,44.7382
191,431181.216935,431181.216935,6.9524,-2.3965,134.7515,42.7818,-8.7607,77.8613,0.671284,-0.103448,-0.733946,,,,803.822,335.080,416.274,306.137,77.861,0.0,nan,85.375,2,0.744,0.4641,39.8854,5.1305,0.8444,,,27.5549,16.5733,44.1282
192,431181.244617,431181.244617,6.8563,-2.5867,134.7048,42.6536,-8.8596,77.8613,0.669480,-0.104354,-0.735464,,,,803.822,335.080,416.274,306.137,77.861,0.0,nan,85.375,2,0.145,0.4641,39.8854,5.2614,0.8556,,,27.2189,7.6726,34.8915
193,431181.268658,431181.268658,7.0711,-2.3945,134.7440,42.8797,-9.3841,77.8613,0.671355,-0.110951,-0.732784,,,,803.822,335.080,416.274,306.137,77.861,0.0,nan,85.375,2,0.422,0.4641,39.8854,4.9883,0.8222,,,27.9289,16.5478,44.4767
194,431181.296207,431181.296207,6.9439,-2.6253,134.6980,42.7493,-9.1064,77.8613,0.670237,-0.107431,-0.734330,,,,803.822,335.080,416.274,306.137,77.861,0.0,nan,85.375,2,0.229,0.4641,39.8854,5.1652,0.8278,,,27.1302,11.8740,39.0042
195,431181.325569,431181.325569,6.8027,-2.4788,134.7387,42.3936,-9.3861,77.8613,0.665193,-0.109957,-0.738531,,,,803.822,335.080,416.274,306.137,77.861,0.0,nan,85.375,2,0.403,0.4641,39.8854,5.2015,0.8778,,,26.8551,13.4765,40.3317
196,431181.348501,431181.348501,6.9032,-2.3789,134.7387,42.6716,-8.6901,77.8613,0.670015,-0.102408,-0.735250,,,,803.822,335.080,416.274,306.137,77.861,0.0,nan,85.375,2,0.547,0.4641,39.8854,5.1205,0.8444,,,27.4912,14.0363,41.5274
197,431181.376107,431181.376107,6.8346,-2.4514,134.7401,42.4342,-9.2116,77.8613,0.666041,-0.108013,-0.738053,,,,803.822,335.080,416.274,306.137,77.861,0.0,nan,85.375,2,0.425,0.4641,39.8854,5.2244,0.8722,,,28.1203,39.9385,68.0588
198,431181.404541,431181.404541,6.9465,-2.4579,134.7486,42.5902,-9.0258,77.8613,0.668370,-0.106168,-0.736213,,,,803.822,335.080,416.274,306.137,77.861,0.0,nan,85.375,2,0.200,0.4641,39.8854,5.0875,0.8611,,,27.4794,30.5053,57.9847
199,431181.432968,431181.432968,6.8582,-2.5488,134.7046,42.7275,-9.0789,77.8613,0.670012,-0.107066,-0.734589,,,,803.822,335.080,416.274,306.137,77.861,0.0,nan,85.375,2,0.142,0.4641,39.8854,5.1352,0.8944,,,27.1605,11.1349,38.2953
200,431181.456237,431181.456237,6.7811,-2.5478,134.6955,42.4821,-9.3810,77.8613,0.666328,-0.110083,-0.737488,,,,803.822,335.080,416.274,306.137,77.861,0.0,nan,85.375,2,0.319,0.4641,39.8854,5.3852,0.9000,,,27.7532,13.9395,41.6926
201,431181.484656,431181.484656,6.8824,-2.4829,134.7333,42.9802,-8.9214,77.8613,0.673498,-0.105724,-0.731589,,,,803.822,335.080,416.274,306.137,77.861,0.0,nan,85.375,2,0.588,0.4641,39.8854,5.0957,0.8778,,,27.9443,22.7813,50.7257
202,431181.512678,431181.512678,6.7598,-2.5705,134.8812,42.5307,-8.5384,77.8613,0.668493,-0.100365,-0.736915,,,,803.822,335.080,416.274,306.137,77.861,0.0,nan,85.375,2,0.519,0.4641,39.8854,5.4886,0.9222,,,27.0536,5.7270,32.7806
203,431181.544959,431181.544959,6.7762,-2.4444,134.7501,42.2044,-9.0190,77.8613,0.663472,-0.105309,-0.740753,,,,803.822,335.080,416.274,306.137,77.861,0.0,nan,85.375,2,0.460,0.4641,39.8854,5.2887,0.8722,,,26.9307,9.7510,36.6818
204,431181.572406,431181.572406,6.9108,-2.5745,134.7742,42.7550,-8.8807,77.8613,0.670726,-0.104801,-0.734264,,,,803.822,335.080,416.274,306.137,77.861,0.0,nan,85.375,2,0.558,0.4641,39.8854,5.4476,0.9000,,,28.2659,13.1028,41.3687
205,431181.596476,431181.596476,6.8693,-2.4651,134.7305,42.7904,-10.2602,77.8613,0.668456,-0.120999,-0.733843,,,,803.822,335.080,416.274,306.137,77.861,0.0,nan,85.375,2,0.937,0.4641,39.8854,5.0298,0.8556,,,27.7842,19.1967,46.9809
206,431181.620746,431181.620746,6.8670,-2.4841,134.7078,42.7622,-8.9947,77.8613,0.670607,-0.106150,-0.734178,,,,803.822,335.080,416.274,306.137,77.861,0.0,nan,85.375,2,0.860,0.4641,39.8854,5.2541,0.8722,,,27.5197,23.3002,50.8198
207,431181.653711,431181.653711,6.9560,-2.5251,134.7065,42.9448,-10.4640,77.8613,0.669962,-0.123735,-0.732011,,,,803.822,335.080,416.274,306.137,77.861,0.0,nan,85.375,2,1.016,0.4641,39.8854,4.9607,0.8556,,,27.7905,12.9554,40.7459
208,431181.680302,431181.680302,6.9304,-2.5592,134.7019,42.8559,-7.7583,77.8613,0.673931,-0.091817,-0.733066,,,,803.822,335.080,416.274,306.137,77.861,0.0,nan,85.375,2,1.844,0.4641,39.8854,5.4960,0.8333,,,28.6529,6.1665,34.8195
209,431181.704059,431181.704059,6.8745,-2.5339,134.7175,42.6139,-9.5692,77.8613,0.667634,-0.112552,-0.735932,,,,803.822,335.080,416.274,306.137,77.861,0.0,nan,85.375,2,1.252,0.4641,39.8854,5.1152,0.8833,,,27.9232,28.8070,56.7302
210,431181.732713,431181.732713,6.9525,-2.5920,134.7079,42.6811,-9.3025,77.8613,0.669002,-0.109583,-0.735138,,,,803.822,335.080,416.274,306.137,77.861,0.0,nan,85.375,2,0.193,0.4641,39.8854,5.0743,0.8889,,,27.6476,15.6779,43.3255
211,431181.760872,431181.760872,6.8611,-2.4578,134.7430,42.5965,-9.0659,77.8613,0.668376,-0.106649,-0.736138,,,,803.822,335.080,416.274,306.137,77.861,0.0,nan,85.375,2,0.181,0.4641,39.8854,5.0898,0.8667,,,27.3092,17.3866,44.6958
212,431181.788725,431181.788725,7.0629,-2.5935,134.9649,42.6092,-8.5810,77.8613,0.669416,-0.101013,-0.735988,,,,803.822,335.080,416.274,306.137,77.861,0.0,nan,85.375,2,0.328,0.4641,39.8854,5.6746,0.9167,,,28.3162,11.9717,40.2880
213,431181.816146,431181.816146,6.8928,-2.5135,134.7517,43.5481,-8.2369,77.8613,0.681855,-0.098705,-0.724797,,,,803.822,335.080,416.274,306.137,77.861,0.0,nan,85.375,2,0.968,0.4641,39.8854,5.2003,0.8889,,,27.8462,19.4348,47.2810
214,431181.840044,431181.840044,6.8953,-2.3923,134.7523,42.5840,-8.8952,77.8613,0.668532,-0.104631,-0.736286,,,,803.822,335.080,416.274,306.137,77.861,0.0,nan,85.375,2,1.064,0.4641,39.8854,5.0586,0.8444,,,27.3700,28.4504,55.8204
215,431181.868574,431181.868574,6.8496,-2.5749,134.7149,42.8764,-8.6724,77.8613,0.672640,-0.102597,-0.732823,,,,803.822,335.080,416.274,306.137,77.861,0.0,nan,85.375,2,0.329,0.4641,39.8854,5.2524,0.8667,,,28.4367,17.2336,45.6703
216,431181.896577,431181.896577,6.8192,-2.5174,134.6762,42.4805,-9.3967,77.8613,0.666277,-0.110262,-0.737507,,,,803.822,335.080,416.274,306.137,77.861,0.0,nan,85.375,2,0.631,0.4641,39.8854,5.3734,0.8778,,,27.5066,7.3280,34.8347
217,431181.920125,431181.920125,6.7892,-2.6224,134.7061,42.6925,-8.8061,77.8613,0.670071,-0.103806,-0.735003,,,,803.822,335.080,416.274,306.137,77.861,0.0,nan,85.375,2,0.452,0.4641,39.8854,5.3639,0.8667,,,28.2471,10.4137,38.6608
218,431181.944409,431181.944409,6.9613,-2.4549,134.7304,42.5828,-9.8527,77.8613,0.666675,-0.115786,-0.736300,,,,803.822,335.080,416.274,306.137,77.861,0.0,nan,85.375,2,0.717,0.4641,39.8854,4.8844,0.8444,,,27.7894,19.0339,46.8233
219,431181.980081,431181.980081,6.7551,-2.5662,134.7055,42.5194,-8.7687,77.8613,0.667940,-0.103029,-0.737049,,,,803.822,335.080,416.274,306.137,77.861,0.0,nan,85.375,2,0.736,0.4641,39.8854,5.4069,0.8833,,,27.6097,6.1060,33.7156
220,431182.004898,431182.004898,6.9799,-2.4561,134.7114,42.5860,-9.0890,77.8613,0.668199,-0.106897,-0.736263,,,,803.822,335.080,416.274,306.137,77.861,0.0,nan,85.375,2,0.227,0.4641,39.8854,5.0953,0.8500,,,27.9340,19.0862,47.0201
221,431182.037596,431182.037596,7.0533,-2.5157,134.7168,43.0124,-9.7047,77.8613,0.672395,-0.114991,-0.731206,,,,803.822,335.080,416.274,306.137,77.861,0.0,nan,85.375,2,0.597,0.4641,39.8854,4.8883,0.8556,,,28.3276,20.8382,49.1658
222,431182.059659,431182.059659,7.0596,-2.5935,134.9627,42.6092,-8.5810,77.8613,0.669416,-0.101013,-0.735988,,,,803.822,335.080,416.274,306.137,77.861,0.0,nan,85.375,2,0.864,0.4641,39.8854,5.3958,0.9167,,,27.3808,10.7135,38.0943
223,431182.094315,431182.094315,6.9539,-2.4745,134.7167,42.6832,-9.7845,77.8613,0.668083,-0.115212,-0.735113,,,,803.822,335.080,416.274,306.137,77.861,0.0,nan,85.375,2,0.819,0.4641,39.8854,4.9234,0.8500,,,28.2084,16.8060,45.0144
224,431182.127720,431182.127720,6.9499,-2.6191,134.7073,42.7450,-10.2218,77.8613,0.667964,-0.120448,-0.734382,,,,803.822,335.080,416.274,306.137,77.861,0.0,nan,85.375,2,0.303,0.4641,39.8854,5.0114,0.8833,,,27.9675,23.3145,51.2821
225,431182.166231,431182.166231,6.8887,-2.4601,134.7054,42.7472,-9.3874,77.8613,0.669675,-0.110713,-0.734355,,,,803.822,335.080,416.274,306.137,77.861,0.0,nan,85.375,2,0.566,0.4641,39.8854,5.1461,0.8556,,,28.4468,9.1458,37.5926
226,431182.196170,431182.196170,6.8904,-2.5197,134.7162,42.9953,-10.4137,77.8613,0.670705,-0.123263,-0.731410,,,,803.822,335.080,416.274,306.137,77.861,0.0,nan,85.375,2,0.741,0.4641,39.8854,5.0114,0.8611,,,28.2530,12.5956,40.8486
227,431182.228995,431182.228995,6.9511,-2.4096,134.7518,42.6793,-9.3212,77.8613,0.668943,-0.109798,-0.735160,,,,803.822,335.080,416.274,306.137,77.861,0.0,nan,85.375,2,0.807,0.4641,39.8854,5.0377,0.8389,,,27.4705,17.8557,45.3263
228,431182.259972,431182.259972,6.8870,-2.4134,134.7006,42.6068,-9.6280,77.8613,0.667427,-0.113222,-0.736017,,,,803.822,335.080,416.274,306.137,77.861,0.0,nan,85.375,2,0.220,0.4641,39.8854,5.4119,0.8444,,,28.7253,19.6774,48.4027
229,431182.292483,431182.292483,7.0080,-2.4004,134.7468,42.7899,-9.9180,77.8613,0.669160,-0.117003,-0.733850,,,,803.822,335.080,416.274,306.137,77.861,0.0,nan,85.375,2,0.269,0.4641,39.8854,4.9082,0.8278,,,27.8173,27.2543,55.0716
230,431182.323874,431182.323874,6.9748,-2.4685,134.7388,42.7616,-9.0650,77.8613,0.670469,-0.106972,-0.734185,,,,803.822,335.080,416.274,306.137,77.861,0.0,nan,85.375,2,0.580,0.4641,39.8854,5.0677,0.8556,,,28.4488,13.0979,41.5466
231,431182.345561,431182.345561,6.8926,-2.4831,134.7214,42.8911,-9.0100,77.8613,0.672209,-0.106588,-0.732649,,,,803.822,335.080,416.274,306.137,77.861,0.0,nan,85.375,2,0.135,0.4641,39.8854,5.1546,0.8667,,,29.3911,17.0028,46.3940
232,431182.400394,431182.400394,6.9040,-2.4767,134.7152,42.7547,-9.6385,77.8613,0.669278,-0.113663,-0.734267,,,,803.822,335.080,416.274,306.137,77.861,0.0,nan,85.375,2,0.448,0.4641,39.8854,5.0448,0.8556,,,27.9875,14.8662,42.8537
233,431182.428751,431182.428751,6.9321,-2.4286,134.7225,42.9598,-9.1550,77.8613,0.672804,-0.108428,-0.731832,,,,803.822,335.080,416.274,306.137,77.861,0.0,nan,85.375,2,0.388,0.4641,39.8854,4.9739,0.8444,,,29.0868,28.0046,57.0915
234,431182.467405,431182.467405,6.8468,-2.4310,134.7449,42.4466,-8.9153,77.8613,0.666749,-0.104592,-0.737907,,,,803.822,335.080,416.274,306.137,77.861,0.0,nan,85.375,2,0.538,0.4641,39.8854,5.1413,0.8611,,,27.7400,15.0137,42.7537
235,431182.509282,431182.509282,6.7832,-2.5935,134.9645,42.6092,-8.5810,77.8613,0.669416,-0.101013,-0.735988,,,,803.822,335.080,416.274,306.137,77.861,0.0,nan,85.375,2,0.278,0.4641,39.8854,5.4971,0.9389,,,27.8331,4.6902,32.5233
236,431182.535354,431182.535354,6.9612,-2.4256,134.7486,42.7526,-8.7618,77.8613,0.670913,-0.103405,-0.734291,,,,803.822,335.080,416.274,306.137,77.861,0.0,nan,85.375,2,0.189,0.4641,39.8854,5.0749,0.8500,,,28.3583,13.4910,41.8493
237,431182.560652,431182.560652,7.0306,-2.4424,134.7227,42.8883,-9.8801,77.8613,0.670478,-0.116777,-0.732681,,,,803.822,335.080,416.274,306.137,77.861,0.0,nan,85.375,2,0.772,0.4641,39.8854,4.8880,0.8278,,,28.1939,26.3413,54.5352
238,431182.588169,431182.588169,7.0061,-2.4281,134.7470,43.0101,-10.1673,77.8613,0.671415,-0.120411,-0.731234,,,,803.822,335.080,416.274,306.137,77.861,0.0,nan,85.375,2,0.230,0.4641,39.8854,4.8853,0.8278,,,27.7942,17.8904,45.6846
239,431182.620447,431182.620447,6.7846,-2.5935,134.9664,42.6092,-8.5810,77.8613,0.669416,-0.101013,-0.735988,,,,803.822,335.080,416.274,306.137,77.861,0.0,nan,85.375,2,1.150,0.4641,39.8854,5.5133,0.9389,,,27.6424,5.4309,33.0733
240,431182.644624,431182.644624,6.8930,-2.5835,134.7350,42.7811,-9.3808,77.8613,0.670117,-0.110707,-0.733953,,,,803.822,335.080,416.274,306.137,77.861,0.0,nan,85.375,2,0.569,0.4641,39.8854,5.1603,0.9111,,,27.6926,11.5751,39.2677
241,431182.673139,431182.673139,6.9251,-2.5935,134.9769,42.6092,-8.5810,77.8613,0.669416,-0.101013,-0.735988,,,,803.822,335.080,416.274,306.137,77.861,0.0,nan,85.375,2,0.569,0.4641,39.8854,5.3853,0.9222,,,28.7050,11.6085,40.3135
242,431182.700482,431182.700482,6.8434,-2.5752,134.7268,42.9249,-10.5332,77.8613,0.669563,-0.124498,-0.732247,,,,803.822,335.080,416.274,306.137,77.861,0.0,nan,85.375,2,1.363,0.4641,39.8854,5.0007,0.9000,,,27.1227,11.0475,38.1702
243,431182.728654,431182.728654,6.7711,-2.5936,134.9962,42.6092,-8.5810,77.8613,0.669416,-0.101013,-0.735988,,,,803.822,335.080,416.274,306.137,77.861,0.0,nan,85.375,2,1.363,0.4641,39.8854,5.5813,0.9389,,,27.7440,10.1775,37.9215
244,431182.753404,431182.753404,7.1139,-2.4073,134.7237,42.7306,-9.4660,77.8613,0.669312,-0.111596,-0.734553,,,,803.822,335.080,416.274,306.137,77.861,0.0,nan,85.375,2,0.612,0.4641,39.8854,5.0595,0.8222,,,27.6403,27.3420,54.9823
245,431182.780549,431182.780549,6.7804,-2.5441,134.7352,42.8893,-8.7563,77.8613,0.672651,-0.103606,-0.732670,,,,803.822,335.080,416.274,306.137,77.861,0.0,nan,85.375,2,0.508,0.4641,39.8854,5.3450,0.9000,,,28.3099,28.3897,56.6996
246,431182.804720,431182.804720,6.9251,-2.4258,134.7252,42.6291,-9.0780,77.8613,0.668766,-0.106855,-0.735754,,,,803.822,335.080,416.274,306.137,77.861,0.0,nan,85.375,2,0.340,0.4641,39.8854,5.2136,0.8444,,,27.3505,15.0570,42.4075
247,431182.832345,431182.832345,6.9400,-2.3578,134.7375,42.7157,-9.8375,77.8613,0.668386,-0.115901,-0.734729,,,,803.822,335.080,416.274,306.137,77.861,0.0,nan,85.375,2,0.522,0.4641,39.8854,5.0820,0.8222,,,28.3010,31.2240,59.5250
248,431182.860725,431182.860725,6.9658,-2.5161,134.7206,42.9098,-9.3211,77.8613,0.671857,-0.110275,-0.732426,,,,803.822,335.080,416.274,306.137,77.861,0.0,nan,85.375,2,0.401,0.4641,39.8854,5.0744,0.8667,,,28.3210,13.8302,42.1512
249,431182.885142,431182.885142,6.9203,-2.3449,134.7337,42.6416,-9.4541,77.8613,0.668209,-0.111270,-0.735606,,,,803.822,335.080,416.274,306.137,77.861,0.0,nan,85.375,2,0.283,0.4641,39.8854,5.0880,0.8278,,,28.8961,20.2654,49.1615
250,431182.912361,431182.912361,6.9084,-2.5710,134.6605,42.4073,-9.9400,77.8613,0.664274,-0.116412,-0.738369,,,,803.822,335.080,416.274,306.137,77.861,0.0,nan,85.375,2,0.403,0.4641,39.8854,5.3384,0.8944,,,30.6474,14.0924,44.7398
251,431182.940865,431182.940865,6.8632,-2.2845,134.7442,42.8166,-8.4417,77.8613,0.672291,-0.099775,-0.733533,,,,803.822,335.080,416.274,306.137,77.861,0.0,nan,85.375,2,1.094,0.4641,39.8854,5.2617,0.8222,,,29.2083,21.0812,50.2895
252,431182.980898,431182.980898,6.8479,-2.4316,134.7516,42.8080,-9.1781,77.8613,0.670843,-0.108389,-0.733635,,,,803.822,335.080,416.274,306.137,77.861,0.0,nan,85.375,2,0.501,0.4641,39.8854,5.3497,0.8556,,,28.6885,9.5553,38.2438
253,431183.009339,431183.009339,6.9279,-2.4311,134.7505,42.0995,-9.4999,77.8613,0.661226,-0.110650,-0.741982,,,,803.822,335.080,416.274,306.137,77.861,0.0,nan,85.375,2,0.741,0.4641,39.8854,5.1698,0.8444,,,27.5125,13.7381,41.2506
254,431183.033844,431183.033844,6.9858,-2.4696,134.7377,42.9693,-9.1015,77.8613,0.673025,-0.107819,-0.731719,,,,803.822,335.080,416.274,306.137,77.861,0.0,nan,85.375,2,0.911,0.4641,39.8854,5.2395,0.8556,,,28.0794,21.4417,49.5210
255,431183.063067,431183.063067,6.7988,-2.5727,134.7450,42.6895,-8.5836,77.8613,0.670431,-0.101197,-0.735038,,,,803.822,335.080,416.274,306.137,77.861,0.0,nan,85.375,2,0.450,0.4641,39.8854,5.3585,0.9111,,,27.8889,14.6428,42.5317
256,431183.087650,431183.087650,6.9020,-2.4482,134.7496,42.9640,-9.2037,77.8613,0.672765,-0.109009,-0.731782,,,,803.822,335.080,416.274,306.137,77.861,0.0,nan,85.375,2,0.503,0.4641,39.8854,4.9924,0.8556,,,27.2587,40.2176,67.4763
257,431183.112060,431183.112060,6.8678,-2.5784,134.6851,42.6210,-8.7596,77.8613,0.669247,-0.103121,-0.735849,,,,803.822,335.080,416.274,306.137,77.861,0.0,nan,85.375,2,0.457,0.4641,39.8854,5.2433,0.8444,,,27.6311,7.4923,35.1234
258,431183.136619,431183.136619,6.8895,-2.4186,134.7546,42.6737,-8.2499,77.8613,0.670808,-0.097261,-0.735225,,,,803.822,335.080,416.274,306.137,77.861,0.0,nan,85.375,2,0.349,0.4641,39.8854,5.2386,0.8611,,,27.5174,15.1814,42.6988
259,431183.168562,431183.168562,6.9727,-2.5017,134.7242,42.5429,-10.5576,77.8613,0.664696,-0.123886,-0.736771,,,,803.822,335.080,416.274,306.137,77.861,0.0,nan,85.375,2,1.568,0.4641,39.8854,4.8608,0.8500,,,28.1635,11.3521,39.5156
260,431183.192612,431183.192612,6.9140,-2.5115,134.7122,42.8037,-9.9163,77.8613,0.669338,-0.117014,-0.733686,,,,803.822,335.080,416.274,306.137,77.861,0.0,nan,85.375,2,0.507,0.4641,39.8854,4.9424,0.8667,,,27.5263,30.7235,58.2498
261,431183.223645,431183.223645,6.8632,-2.4617,134.7450,42.7058,-9.5502,77.8613,0.668835,-0.112527,-0.734845,,,,803.822,335.080,416.274,306.137,77.861,0.0,nan,85.375,2,0.267,0.4641,39.8854,4.9863,0.8667,,,27.3452,17.5265,44.8717
262,431183.244528,431183.244528,6.8915,-2.4555,134.7151,42.9159,-9.7199,77.8613,0.671150,-0.114962,-0.732354,,,,803.822,335.080,416.274,306.137,77.861,0.0,nan,85.375,2,0.240,0.4641,39.8854,5.0540,0.8556,,,27.9291,19.2170,47.1461
263,431183.272527,431183.272527,6.8310,-2.4611,134.7421,42.8102,-9.0384,77.8613,0.671134,-0.106759,-0.733608,,,,803.822,335.080,416.274,306.137,77.861,0.0,nan,85.375,2,0.475,0.4641,39.8854,5.1364,0.8722,,,27.6459,16.1900,43.8358
264,431183.295995,431183.295995,6.9727,-2.3685,134.7349,42.8661,-9.6108,77.8613,0.670739,-0.113577,-0.732946,,,,803.822,335.080,416.274,306.137,77.861,0.0,nan,85.375,2,0.393,0.4641,39.8854,4.9409,0.8278,,,27.7291,21.8070,49.5361
265,431183.324645,431183.324645,6.8857,-2.5648,134.7114,42.7508,-9.7067,77.8613,0.669093,-0.114451,-0.734313,,,,803.822,335.080,416.274,306.137,77.861,0.0,nan,85.375,2,0.132,0.4641,39.8854,5.0026,0.8889,,,28.8035,21.1952,49.9987
266,431183.344224,431183.344224,6.9196,-2.4417,134.7131,42.8638,-9.4445,77.8613,0.671037,-0.111626,-0.732973,,,,803.822,335.080,416.274,306.137,77.861,0.0,nan,85.375,2,0.211,0.4641,39.8854,5.0401,0.8500,,,28.7006,16.2156,44.9162
267,431183.379825,431183.379825,6.8166,-2.5836,134.7314,42.5346,-8.4925,77.8613,0.668623,-0.099837,-0.736869,,,,803.822,335.080,416.274,306.137,77.861,0.0,nan,85.375,2,0.725,0.4641,39.8854,5.3206,0.8667,,,27.2225,19.0585,46.2810
268,431183.408251,431183.408251,7.0222,-2.4569,134.7285,42.8732,-10.1643,77.8613,0.669700,-0.120068,-0.732861,,,,803.822,335.080,416.274,306.137,77.861,0.0,nan,85.375,2,1.183,0.4641,39.8854,4.8930,0.8389,,,27.9309,29.9180,57.8488
269,431183.432331,431183.432331,7.0417,-2.4114,134.7398,42.6396,-9.4572,77.8613,0.668178,-0.111302,-0.735629,,,,803.822,335.080,416.274,306.137,77.861,0.0,nan,85.375,2,0.534,0.4641,39.8854,4.9105,0.8278,,,27.7716,11.2651,39.0368
270,431183.460706,431183.460706,6.9014,-2.4696,134.7304,42.7067,-10.0357,77.8613,0.667868,-0.118192,-0.734836,,,,803.822,335.080,416.274,306.137,77.861,0.0,nan,85.375,2,0.398,0.4641,39.8854,5.1012,0.8556,,,27.3957,7.3470,34.7427
271,431183.484240,431183.484240,6.9165,-2.4134,134.7317,42.6870,-9.5217,77.8613,0.668652,-0.112154,-0.735068,,,,803.822,335.080,416.274,306.137,77.861,0.0,nan,85.375,2,0.349,0.4641,39.8854,5.0523,0.8389,,,27.5896,22.4408,50.0304
272,431183.511933,431183.511933,6.7844,-2.4761,134.7314,42.8854,-9.2945,77.8613,0.671599,-0.109913,-0.732717,,,,803.822,335.080,416.274,306.137,77.861,0.0,nan,85.375,2,0.251,0.4641,39.8854,5.2460,0.8778,,,27.8848,19.5505,47.4353
273,431183.540375,431183.540375,6.9777,-2.4675,134.7329,42.7766,-9.2608,77.8613,0.670289,-0.109293,-0.734008,,,,803.822,335.080,416.274,306.137,77.861,0.0,nan,85.375,2,0.111,0.4641,39.8854,4.9698,0.8556,,,27.5974,25.5161,53.1135
274,431183.564606,431183.564606,6.9631,-2.4122,134.7058,42.5108,-9.6738,77.8613,0.666121,-0.113549,-0.737149,,,,803.822,335.080,416.274,306.137,77.861,0.0,nan,85.375,2,0.386,0.4641,39.8854,5.2306,0.8333,,,28.0050,17.0083,45.0133
275,431183.592213,431183.592213,6.9608,-2.3983,134.7353,42.5658,-9.0614,77.8613,0.667994,-0.106534,-0.736501,,,,803.822,335.080,416.274,306.137,77.861,0.0,nan,85.375,2,0.418,0.4641,39.8854,5.0354,0.8389,,,27.8964,21.3650,49.2614
276,431183.620214,431183.620214,7.0456,-2.3635,134.7424,43.1096,-10.8595,77.8613,0.671158,-0.128753,-0.730048,,,,803.822,335.080,416.274,306.137,77.861,0.0,nan,85.375,2,1.338,0.4641,39.8854,4.9454,0.8000,,,27.8183,18.3574,46.1758
277,431183.647996,431183.647996,6.9138,-2.4661,134.7288,42.8500,-9.4369,77.8613,0.670878,-0.111507,-0.733137,,,,803.822,335.080,416.274,306.137,77.861,0.0,nan,85.375,2,1.004,0.4641,39.8854,4.9576,0.8611,,,27.5702,22.2784,49.8486
278,431183.671114,431183.671114,6.8721,-2.4656,134.7100,42.5125,-9.2970,77.8613,0.666875,-0.109169,-0.737130,,,,803.822,335.080,416.274,306.137,77.861,0.0,nan,85.375,2,0.351,0.4641,39.8854,5.1586,0.8611,,,27.7103,14.7257,42.4360
279,431183.700829,431183.700829,6.8233,-2.6245,134.7253,42.8202,-8.5650,77.8613,0.672119,-0.101229,-0.733491,,,,803.822,335.080,416.274,306.137,77.861,0.0,nan,85.375,2,0.584,0.4641,39.8854,5.3001,0.8500,,,27.6935,9.0852,36.7787
280,431183.725122,431183.725122,6.8457,-2.4837,134.7571,42.8329,-9.2784,77.8613,0.670967,-0.109615,-0.733340,,,,803.822,335.080,416.274,306.137,77.861,0.0,nan,85.375,2,0.485,0.4641,39.8854,5.1258,0.8778,,,27.1754,13.2247,40.4001
281,431183.748357,431183.748357,6.9351,-2.4481,134.7344,42.7095,-9.5053,77.8613,0.668969,-0.112010,-0.734802,,,,803.822,335.080,416.274,306.137,77.861,0.0,nan,85.375,2,0.197,0.4641,39.8854,4.9858,0.8444,,,27.7448,34.6905,62.4352
282,431183.776613,431183.776613,6.7898,-2.5935,134.9649,42.6092,-8.5810,77.8613,0.669416,-0.101013,-0.735988,,,,803.822,335.080,416.274,306.137,77.861,0.0,nan,85.375,2,0.634,0.4641,39.8854,5.6166,0.9278,,,27.5780,4.8183,32.3962
283,431183.804524,431183.804524,6.9859,-2.4177,134.7222,42.6704,-9.5793,77.8613,0.668329,-0.112791,-0.735265,,,,803.822,335.080,416.274,306.137,77.861,0.0,nan,85.375,2,0.679,0.4641,39.8854,4.9710,0.8444,,,27.6306,29.7313,57.3619
284,431183.828213,431183.828213,6.8236,-2.5292,134.7096,42.7169,-8.4618,77.8613,0.670992,-0.099824,-0.734714,,,,803.822,335.080,416.274,306.137,77.861,0.0,nan,85.375,2,0.759,0.4641,39.8854,5.3944,0.8944,,,27.3064,9.3961,36.7025
285,431183.856109,431183.856109,6.9574,-2.4620,134.7114,42.7068,-9.3596,77.8613,0.669217,-0.110304,-0.734834,,,,803.822,335.080,416.274,306.137,77.861,0.0,nan,85.375,2,0.609,0.4641,39.8854,5.0066,0.8500,,,27.8225,18.4532,46.2757
286,431183.880493,431183.880493,6.8115,-2.5069,134.7001,42.3855,-9.7949,77.8613,0.664289,-0.114682,-0.738626,,,,803.822,335.080,416.274,306.137,77.861,0.0,nan,85.375,2,0.436,0.4641,39.8854,5.4778,0.8778,,,28.6465,12.1160,40.7624
287,431183.909008,431183.909008,6.8967,-2.5450,134.7238,42.8891,-9.8017,77.8613,0.670646,-0.115861,-0.732673,,,,803.822,335.080,416.274,306.137,77.861,0.0,nan,85.375,2,0.504,0.4641,39.8854,5.0709,0.8778,,,27.7572,17.7003,45.4575
288,431183.932708,431183.932708,6.9950,-2.4508,134.7298,43.0029,-9.5560,77.8613,0.672571,-0.113225,-0.731320,,,,803.822,335.080,416.274,306.137,77.861,0.0,nan,85.375,2,0.202,0.4641,39.8854,4.9395,0.8389,,,27.4287,26.5964,54.0251
289,431183.956475,431183.956475,6.8353,-2.4790,134.7433,42.3791,-9.5420,77.8613,0.664708,-0.111735,-0.738701,,,,803.822,335.080,416.274,306.137,77.861,0.0,nan,85.375,2,0.624,0.4641,39.8854,5.2018,0.8722,,,27.9521,26.0805,54.0326
290,431183.986416,431183.986416,6.9026,-2.4207,134.7335,42.9548,-8.7537,77.8613,0.673484,-0.103704,-0.731891,,,,803.822,335.080,416.274,306.137,77.861,0.0,nan,85.375,2,0.785,0.4641,39.8854,5.1700,0.8556,,,27.6952,32.2092,59.9044
291,431184.008590,431184.008590,6.9835,-2.4304,134.7125,42.5955,-9.8329,77.8613,0.666875,-0.115584,-0.736150,,,,803.822,335.080,416.274,306.137,77.861,0.0,nan,85.375,2,0.816,0.4641,39.8854,4.9145,0.8333,,,27.8223,25.0605,52.8828
292,431184.036856,431184.036856,6.9070,-2.5936,134.9643,42.6092,-8.5810,77.8613,0.669416,-0.101013,-0.735988,,,,803.822,335.080,416.274,306.137,77.861,0.0,nan,85.375,2,0.848,0.4641,39.8854,5.3738,0.9167,,,27.0930,10.3207,37.4137
293,431184.064945,431184.064945,6.8463,-2.5836,134.7079,42.9694,-8.7879,77.8613,0.673607,-0.104134,-0.731717,,,,803.822,335.080,416.274,306.137,77.861,0.0,nan,85.375,2,0.387,0.4641,39.8854,5.2611,0.8556,,,27.3438,11.6358,38.9796
294,431184.088617,431184.088617,6.8393,-2.6057,134.7334,42.7503,-8.5473,77.8613,0.671265,-0.100888,-0.734319,,,,803.822,335.080,416.274,306.137,77.861,0.0,nan,85.375,2,0.274,0.4641,39.8854,5.3346,0.8556,,,27.7562,7.4165,35.1727
295,431184.116604,431184.116604,6.9777,-2.5935,134.9705,42.6092,-8.5810,77.8613,0.669416,-0.101013,-0.735988,,,,803.822,335.080,416.274,306.137,77.861,0.0,nan,85.375,2,0.143,0.4641,39.8854,5.4388,0.9167,,,27.8517,10.9328,38.7844
296,431184.144899,431184.144899,6.8024,-2.5896,134.6889,42.7887,-8.9477,77.8613,0.671030,-0.105653,-0.733864,,,,803.822,335.080,416.274,306.137,77.861,0.0,nan,85.375,2,0.307,0.4641,39.8854,5.3472,0.8611,,,27.6655,9.3929,37.0583
297,431184.168419,431184.168419,6.9514,-2.5255,134.6716,42.4955,-9.9821,77.8613,0.665306,-0.117097,-0.737331,,,,803.822,335.080,416.274,306.137,77.861,0.0,nan,85.375,2,0.760,0.4641,39.8854,5.0821,0.8611,,,27.5442,11.2685,38.8126
298,431184.200703,431184.200703,6.8180,-2.5585,134.7578,42.7089,-8.9473,77.8613,0.670020,-0.105490,-0.734809,,,,803.822,335.080,416.274,306.137,77.861,0.0,nan,85.375,2,0.732,0.4641,39.8854,5.3932,0.9056,,,27.4285,10.9460,38.3745
299,431184.224645,431184.224645,6.7807,-2.5699,134.7472,42.4280,-8.5030,77.8613,0.667247,-0.099757,-0.738126,,,,803.822,335.080,416.274,306.137,77.861,0.0,nan,85.375,2,0.411,0.4641,39.8854,5.3887,0.8944,,,28.1954,18.7654,46.9608
300,431184.248296,431184.248296,6.8177,-2.3674,134.7897,42.5512,-8.5994,77.8613,0.668646,-0.101117,-0.736673,,,,803.822,335.080,416.274,306.137,77.861,0.0,nan,85.375,2,0.139,0.4641,39.8854,5.2088,0.8500,,,27.3689,10.8496,38.2185
301,431184.279496,431184.279496,6.8233,-2.6158,134.7339,42.6406,-8.9605,77.8613,0.669130,-0.105507,-0.735618,,,,803.822,335.080,416.274,306.137,77.861,0.0,nan,85.375,2,0.260,0.4641,39.8854,5.3268,0.8556,,,27.9187,7.7296,35.6483
302,431184.305230,431184.305230,7.0270,-2.3649,134.7197,42.9881,-8.9326,77.8613,0.673577,-0.105872,-0.731495,,,,803.822,335.080,416.274,306.137,77.861,0.0,nan,85.375,2,0.348,0.4641,39.8854,5.0001,0.8222,,,27.8862,28.9034,56.7895
303,431184.328369,431184.328369,6.9226,-2.4210,134.7353,42.9006,-9.3339,77.8613,0.671716,-0.110406,-0.732536,,,,803.822,335.080,416.274,306.137,77.861,0.0,nan,85.375,2,0.287,0.4641,39.8854,4.9811,0.8444,,,27.4165,16.0252,43.4417
304,431184.356295,431184.356295,6.8832,-2.9505,134.6809,43.1383,-10.7027,77.8613,0.671867,-0.126984,-0.729706,,,,803.822,335.080,416.274,306.137,77.861,0.0,nan,85.375,2,0.964,0.4641,39.8854,5.0637,0.7889,,,27.7512,19.2824,47.0336
305,431184.383838,431184.383838,6.8311,-2.4797,134.7586,43.0617,-9.9981,77.8613,0.672417,-0.118543,-0.730618,,,,803.822,335.080,416.274,306.137,77.861,0.0,nan,85.375,2,0.487,0.4641,39.8854,5.1813,0.8667,,,27.3322,30.1437,57.4760
306,431184.408366,431184.408366,6.8863,-2.5032,134.6657,42.5870,-8.1807,77.8613,0.669822,-0.096293,-0.736251,,,,803.822,335.080,416.274,306.137,77.861,0.0,nan,85.375,2,1.323,0.4641,39.8854,5.4055,0.8778,,,28.2390,8.0111,36.2501
307,431184.435571,431184.435571,6.9152,-2.4027,134.7269,42.4559,-9.0334,77.8613,0.666651,-0.105985,-0.737797,,,,803.822,335.080,416.274,306.137,77.861,0.0,nan,85.375,2,0.591,0.4641,39.8854,5.2145,0.8444,,,27.9388,19.0266,46.9655
308,431184.463383,431184.463383,6.8047,-2.6012,134.7439,42.5099,-8.5126,77.8613,0.668274,-0.100024,-0.737160,,,,803.822,335.080,416.274,306.137,77.861,0.0,nan,85.375,2,0.356,0.4641,39.8854,5.3436,0.8722,,,27.7590,6.0786,33.8376
309,431184.492066,431184.492066,6.9913,-2.6465,134.9490,43.8819,-8.7313,77.8613,0.685141,-0.105224,-0.720770,,,,803.822,335.080,416.274,306.137,77.861,0.0,nan,85.375,2,1.380,0.4641,39.8854,5.5238,0.9167,,,27.6166,7.4657,35.0823
310,431184.516307,431184.516307,6.8749,-2.9040,134.7019,43.0854,-10.1935,77.8613,0.672305,-0.120888,-0.730337,,,,803.822,335.080,416.274,306.137,77.861,0.0,nan,85.375,2,1.283,0.4641,39.8854,4.9991,0.8056,,,27.3346,28.9485,56.2831
311,431184.543996,431184.543996,6.9222,-2.5841,134.7255,42.4869,-9.5452,77.8613,0.666070,-0.112002,-0.737432,,,,803.822,335.080,416.274,306.137,77.861,0.0,nan,85.375,2,0.743,0.4641,39.8854,5.0823,0.8778,,,27.9455,23.6516,51.5971
312,431184.568095,431184.568095,6.9231,-2.5788,134.7245,42.9761,-10.5430,77.8613,0.670184,-0.124732,-0.731638,,,,803.822,335.080,416.274,306.137,77.861,0.0,nan,85.375,2,0.835,0.4641,39.8854,5.1471,0.8944,,,26.9335,13.5703,40.5038
313,431184.596921,431184.596921,7.1134,-2.5935,134.9638,42.6092,-8.5810,77.8613,0.669416,-0.101013,-0.735988,,,,803.822,335.080,416.274,306.137,77.861,0.0,nan,85.375,2,1.382,0.4641,39.8854,5.5849,0.9111,,,27.6395,11.7365,39.3760
314,431184.620643,431184.620643,6.9249,-2.4839,134.6957,42.8954,-9.0929,77.8613,0.672109,-0.107569,-0.732597,,,,803.822,335.080,416.274,306.137,77.861,0.0,nan,85.375,2,0.450,0.4641,39.8854,5.0632,0.8667,,,28.1045,25.6672,53.7717
315,431184.648490,431184.648490,6.8359,-2.5988,134.6818,42.8564,-8.7924,77.8613,0.672171,-0.103966,-0.733061,,,,803.822,335.080,416.274,306.137,77.861,0.0,nan,85.375,2,0.208,0.4641,39.8854,5.1569,0.8389,,,28.8982,16.3190,45.2172
316,431184.677025,431184.677025,6.7818,-2.5908,134.7239,42.6159,-8.7627,77.8613,0.669177,-0.103149,-0.735909,,,,803.822,335.080,416.274,306.137,77.861,0.0,nan,85.375,2,0.241,0.4641,39.8854,5.3260,0.8722,,,28.2072,6.7555,34.9627
317,431184.704970,431184.704970,6.9241,-2.5347,134.7212,42.8414,-9.9871,77.8613,0.669667,-0.117925,-0.733239,,,,803.822,335.080,416.274,306.137,77.861,0.0,nan,85.375,2,0.861,0.4641,39.8854,5.0067,0.8611,,,27.7010,20.5698,48.2708
318,431184.732292,431184.732292,6.7468,-2.5966,134.8166,42.4991,-9.2454,77.8613,0.666803,-0.108540,-0.737288,,,,803.822,335.080,416.274,306.137,77.861,0.0,nan,85.375,2,0.608,0.4641,39.8854,5.4909,0.9278,,,28.0372,37.6172,65.6544
319,431184.760278,431184.760278,6.8359,-2.5054,134.7214,42.8096,-9.0190,77.8613,0.671163,-0.106529,-0.733616,,,,803.822,335.080,416.274,306.137,77.861,0.0,nan,85.375,2,0.346,0.4641,39.8854,5.2775,0.8833,,,27.6765,10.7213,38.3977
320,431184.784389,431184.784389,6.9207,-2.5483,134.7045,43.0965,-10.7600,77.8613,0.671216,-0.127555,-0.730205,,,,803.822,335.080,416.274,306.137,77.861,0.0,nan,85.375,2,1.220,0.4641,39.8854,4.9582,0.8611,,,27.5261,13.1793,40.7053
321,431184.808421,431184.808421,6.8828,-2.5935,134.9636,42.6092,-8.5810,77.8613,0.669416,-0.101013,-0.735988,,,,803.822,335.080,416.274,306.137,77.861,0.0,nan,85.375,2,1.560,0.4641,39.8854,5.4805,0.9333,,,27.7890,11.7904,39.5794
322,431184.836512,431184.836512,6.8135,-2.8708,134.6921,42.5439,-8.0678,77.8613,0.669462,-0.094895,-0.736760,,,,803.822,335.080,416.274,306.137,77.861,0.0,nan,85.375,2,0.353,0.4641,39.8854,5.5757,0.7889,,,27.7696,6.1573,33.9269
323,431184.856899,431184.856899,7.0595,-2.4327,134.7366,42.9391,-9.8667,77.8613,0.671145,-0.116732,-0.732078,,,,803.822,335.080,416.274,306.137,77.861,0.0,nan,85.375,2,1.283,0.4641,39.8854,4.9144,0.8278,,,27.8672,26.1460,54.0132
324,431184.888556,431184.888556,6.9856,-2.5000,134.7236,42.7556,-9.5964,77.8613,0.669373,-0.113173,-0.734256,,,,803.822,335.080,416.274,306.137,77.861,0.0,nan,85.375,2,0.260,0.4641,39.8854,4.8776,0.8556,,,27.5438,10.8449,38.3887
325,431184.912576,431184.912576,6.7913,-2.5863,134.7051,42.7794,-8.6059,77.8613,0.671531,-0.101630,-0.733974,,,,803.822,335.080,416.274,306.137,77.861,0.0,nan,85.375,2,0.673,0.4641,39.8854,5.2989,0.8556,,,27.9182,5.8116,33.7298
326,431184.936648,431184.936648,7.0051,-2.6387,134.7004,42.9389,-11.6385,77.8613,0.667212,-0.137427,-0.732080,,,,803.822,335.080,416.274,306.137,77.861,0.0,nan,85.375,2,2.069,0.4641,39.8854,4.8312,0.9167,,,29.0344,20.0871,49.1215
327,431184.964498,431184.964498,6.7848,-2.5288,134.7391,42.4028,-8.5295,77.8613,0.666880,-0.100017,-0.738422,,,,803.822,335.080,416.274,306.137,77.861,0.0,nan,85.375,2,2.174,0.4641,39.8854,5.3605,0.9000,,,27.1730,11.1116,38.2847
328,431184.988157,431184.988157,6.9487,-2.4124,134.6972,42.6173,-10.0176,77.8613,0.666775,-0.117782,-0.735893,,,,803.822,335.080,416.274,306.137,77.861,0.0,nan,85.375,2,1.028,0.4641,39.8854,4.9953,0.8278,,,26.8852,24.6997,51.5849
329,431185.012502,431185.012502,6.9811,-2.4619,134.7277,42.9673,-10.3498,77.8613,0.670492,-0.122451,-0.731742,,,,803.822,335.080,416.274,306.137,77.861,0.0,nan,85.375,2,0.416,0.4641,39.8854,5.1227,0.8333,,,27.2735,12.3697,39.6432
330,431185.036543,431185.036543,6.9108,-2.5512,134.7398,42.2360,-9.6518,77.8613,0.662671,-0.112699,-0.740383,,,,803.822,335.080,416.274,306.137,77.861,0.0,nan,85.375,2,0.871,0.4641,39.8854,5.1639,0.8889,,,27.2355,8.8979,36.1334
331,431185.064460,431185.064460,6.9292,-2.4186,134.7518,42.0517,-9.4097,77.8613,0.660788,-0.109508,-0.742541,,,,803.822,335.080,416.274,306.137,77.861,0.0,nan,85.375,2,0.246,0.4641,39.8854,5.1270,0.8444,,,27.6091,29.1540,56.7631
332,431185.088929,431185.088929,6.7847,-2.5079,134.7346,42.3999,-8.2453,77.8613,0.667331,-0.096702,-0.738456,,,,803.822,335.080,416.274,306.137,77.861,0.0,nan,85.375,2,0.857,0.4641,39.8854,5.3671,0.8944,,,26.8261,12.4775,39.3036
333,431185.116481,431185.116481,6.9327,-2.4803,134.7060,42.7895,-9.6771,77.8613,0.669641,-0.114188,-0.733854,,,,803.822,335.080,416.274,306.137,77.861,0.0,nan,85.375,2,1.044,0.4641,39.8854,4.9913,0.8556,,,27.1443,16.4807,43.6250
334,431185.144253,431185.144253,6.8390,-2.5597,134.7045,42.7228,-9.0424,77.8613,0.670021,-0.106630,-0.734644,,,,803.822,335.080,416.274,306.137,77.861,0.0,nan,85.375,2,0.436,0.4641,39.8854,5.2527,0.9000,,,27.6692,7.4922,35.1614
335,431185.168598,431185.168598,6.8562,-2.6372,134.7050,42.8164,-9.6129,77.8613,0.670108,-0.113496,-0.733536,,,,803.822,335.080,416.274,306.137,77.861,0.0,nan,85.375,2,0.399,0.4641,39.8854,5.1120,0.8611,,,28.1649,18.1592,46.3241
336,431185.196818,431185.196818,6.9394,-2.4352,134.7573,42.4926,-8.8329,77.8613,0.667483,-0.103725,-0.737365,,,,803.822,335.080,416.274,306.137,77.861,0.0,nan,85.375,2,0.620,0.4641,39.8854,5.0882,0.8500,,,27.3885,15.7974,43.1858
337,431185.224061,431185.224061,6.9323,-2.5049,134.7117,42.8636,-10.2174,77.8613,0.669468,-0.120666,-0.732975,,,,803.822,335.080,416.274,306.137,77.861,0.0,nan,85.375,2,1.009,0.4641,39.8854,4.9058,0.8556,,,27.2101,15.6613,42.8714
338,431185.248240,431185.248240,6.8492,-2.5625,134.7363,43.1866,-10.5908,77.8613,0.672718,-0.125783,-0.729129,,,,803.822,335.080,416.274,306.137,77.861,0.0,nan,85.375,2,0.411,0.4641,39.8854,5.0947,0.8944,,,27.4956,18.1033,45.5989
339,431185.272426,431185.272426,6.8624,-2.4880,134.7164,42.2899,-8.9074,77.8613,0.664767,-0.104188,-0.739750,,,,803.822,335.080,416.274,306.137,77.861,0.0,nan,85.375,2,1.452,0.4641,39.8854,5.2024,0.8778,,,28.0979,15.4632,43.5610
340,431185.300756,431185.300756,6.8883,-2.4637,134.7245,43.1620,-9.9933,77.8613,0.673685,-0.118707,-0.729422,,,,803.822,335.080,416.274,306.137,77.861,0.0,nan,85.375,2,1.142,0.4641,39.8854,5.1537,0.8500,,,26.9543,15.3913,42.3456
341,431185.328601,431185.328601,6.9806,-2.4192,134.7456,42.7193,-10.1456,77.8613,0.667800,-0.119502,-0.734686,,,,803.822,335.080,416.274,306.137,77.861,0.0,nan,85.375,2,0.455,0.4641,39.8854,4.8533,0.8278,,,27.1317,28.8337,55.9654
342,431185.352411,431185.352411,6.8352,-2.5616,134.7034,42.2897,-9.2151,77.8613,0.664195,-0.107756,-0.739752,,,,803.822,335.080,416.274,306.137,77.861,0.0,nan,85.375,2,0.761,0.4641,39.8854,5.2710,0.9056,,,27.7302,5.6698,33.4000
343,431185.376880,431185.376880,6.7652,-2.5936,134.9735,42.6092,-8.5810,77.8613,0.669416,-0.101013,-0.735988,,,,803.822,335.080,416.274,306.137,77.861,0.0,nan,85.375,2,0.534,0.4641,39.8854,5.5870,0.9389,,,27.1304,4.3742,31.5045
344,431185.404317,431185.404317,6.9071,-2.6276,134.6853,42.7735,-9.3056,77.8613,0.670164,-0.109811,-0.734044,,,,803.822,335.080,416.274,306.137,77.861,0.0,nan,85.375,2,0.518,0.4641,39.8854,5.0987,0.8444,,,27.8209,15.3954,43.2163
345,431185.428718,431185.428718,6.7971,-2.3967,134.7466,42.4731,-8.5100,77.8613,0.667810,-0.099924,-0.737594,,,,803.822,335.080,416.274,306.137,77.861,0.0,nan,85.375,2,0.617,0.4641,39.8854,5.2748,0.8611,,,28.0865,18.9560,47.0425
346,431185.456276,431185.456276,6.9017,-2.5172,134.7091,42.8986,-10.1081,77.8613,0.670137,-0.119467,-0.732560,,,,803.822,335.080,416.274,306.137,77.861,0.0,nan,85.375,2,1.164,0.4641,39.8854,5.1631,0.8611,,,27.2032,12.9937,40.1970
347,431185.480093,431185.480093,6.8304,-2.5940,134.7511,42.6013,-8.7160,77.8613,0.669076,-0.102574,-0.736082,,,,803.822,335.080,416.274,306.137,77.861,0.0,nan,85.375,2,0.991,0.4641,39.8854,5.3169,0.8667,,,27.1480,11.3009,38.4489
348,431185.508850,431185.508850,7.0564,-2.5158,134.7263,43.1657,-11.0110,77.8613,0.671517,-0.130664,-0.729378,,,,803.822,335.080,416.274,306.137,77.861,0.0,nan,85.375,2,1.661,0.4641,39.8854,4.7861,0.8500,,,27.0432,27.9454,54.9886
349,431185.536980,431185.536980,6.8768,-2.6138,134.6769,42.6864,-8.9967,77.8613,0.669644,-0.106021,-0.735076,,,,803.822,335.080,416.274,306.137,77.861,0.0,nan,85.375,2,1.453,0.4641,39.8854,5.2021,0.8333,,,27.2887,12.3335,39.6222
350,431185.564370,431185.564370,6.9529,-2.4077,134.7324,43.0010,-10.0488,77.8613,0.671549,-0.119002,-0.731342,,,,803.822,335.080,416.274,306.137,77.861,0.0,nan,85.375,2,0.782,0.4641,39.8854,5.0198,0.8278,,,27.4953,19.6158,47.1110
351,431185.588303,431185.588303,7.0000,-2.4946,134.7298,42.9542,-10.0225,77.8613,0.671014,-0.118590,-0.731899,,,,803.822,335.080,416.274,306.137,77.861,0.0,nan,85.375,2,0.050,0.4641,39.8854,4.8723,0.8500,,,27.5229,14.5957,42.1186
352,431185.616369,431185.616369,6.9476,-2.5761,134.6932,42.6307,-8.7060,77.8613,0.669467,-0.102515,-0.735734,,,,803.822,335.080,416.274,306.137,77.861,0.0,nan,85.375,2,0.951,0.4641,39.8854,5.4334,0.8444,,,26.9743,24.1781,51.1524
353,431185.644757,431185.644757,6.8795,-2.4623,134.7507,42.6880,-8.5587,77.8613,0.670455,-0.100902,-0.735057,,,,803.822,335.080,416.274,306.137,77.861,0.0,nan,85.375,2,0.115,0.4641,39.8854,5.1748,0.8722,,,26.8898,12.3710,39.2607
354,431185.668767,431185.668767,7.0386,-2.4582,134.7022,42.6340,-9.6303,77.8613,0.667768,-0.113308,-0.735695,,,,803.822,335.080,416.274,306.137,77.861,0.0,nan,85.375,2,0.728,0.4641,39.8854,5.2523,0.8389,,,27.2715,18.8688,46.1403
355,431185.691974,431185.691974,6.9171,-2.5014,134.7221,42.9110,-10.2325,77.8613,0.670032,-0.120950,-0.732413,,,,803.822,335.080,416.274,306.137,77.861,0.0,nan,85.375,2,0.494,0.4641,39.8854,4.9385,0.8611,,,27.4067,22.9912,50.3979
356,431185.720642,431185.720642,7.0944,-2.4577,134.7433,43.0233,-9.5182,77.8613,0.672903,-0.112825,-0.731076,,,,803.822,335.080,416.274,306.137,77.861,0.0,nan,85.375,2,0.500,0.4641,39.8854,5.0176,0.8333,,,27.5426,14.1909,41.7335
357,431185.744989,431185.744989,6.8026,-2.5217,134.7569,42.6668,-9.3990,77.8613,0.668635,-0.110679,-0.735308,,,,803.822,335.080,416.274,306.137,77.861,0.0,nan,85.375,2,0.366,0.4641,39.8854,5.1604,0.8944,,,26.9202,13.6396,40.5598
358,431185.768558,431185.768558,6.9029,-2.3980,134.7218,42.6374,-8.9741,77.8613,0.669064,-0.105659,-0.735656,,,,803.822,335.080,416.274,306.137,77.861,0.0,nan,85.375,2,0.289,0.4641,39.8854,5.2646,0.8444,,,29.1614,22.7828,51.9442
359,431185.796960,431185.796960,6.9335,-2.4152,134.7513,42.7255,-8.1789,77.8613,0.671585,-0.096524,-0.734613,,,,803.822,335.080,416.274,306.137,77.861,0.0,nan,85.375,2,0.546,0.4641,39.8854,5.1023,0.8556,,,27.4327,29.4805,56.9132
360,431185.824585,431185.824585,6.8481,-2.5676,134.7265,42.4764,-8.7717,77.8613,0.667388,-0.102979,-0.737556,,,,803.822,335.080,416.274,306.137,77.861,0.0,nan,85.375,2,0.472,0.4641,39.8854,5.2965,0.8889,,,27.3292,9.6160,36.9452
361,431185.848691,431185.848691,6.9887,-2.4539,134.7193,42.6795,-9.6060,77.8613,0.668391,-0.113122,-0.735157,,,,803.822,335.080,416.274,306.137,77.861,0.0,nan,85.375,2,0.600,0.4641,39.8854,4.9450,0.8444,,,27.0837,11.5099,38.5936
362,431185.876844,431185.876844,6.8563,-2.5604,134.7155,43.2876,-8.5477,77.8613,0.678045,-0.101912,-0.727921,,,,803.822,335.080,416.274,306.137,77.861,0.0,nan,85.375,2,0.944,0.4641,39.8854,5.2847,0.8722,,,27.3214,19.4825,46.8039
363,431185.900239,431185.900239,6.8932,-2.3191,134.7458,42.8941,-9.5114,77.8613,0.671289,-0.112472,-0.732612,,,,803.822,335.080,416.274,306.137,77.861,0.0,nan,85.375,2,0.767,0.4641,39.8854,5.1039,0.8222,,,27.1790,20.4655,47.6444
364,431185.928667,431185.928667,6.8080,-2.5652,134.7089,42.6833,-8.9351,77.8613,0.669718,-0.105295,-0.735112,,,,803.822,335.080,416.274,306.137,77.861,0.0,nan,85.375,2,0.445,0.4641,39.8854,5.1886,0.9056,,,27.0520,11.4013,38.4533
365,431185.952424,431185.952424,6.9815,-2.4976,134.7209,43.1414,-10.1673,77.8613,0.673063,-0.120706,-0.729669,,,,803.822,335.080,416.274,306.137,77.861,0.0,nan,85.375,2,0.956,0.4641,39.8854,4.8485,0.8500,,,26.9595,20.3131,47.2726
366,431185.976514,431185.976514,6.9907,-2.4526,134.7329,42.9200,-10.3633,77.8613,0.669867,-0.122500,-0.732306,,,,803.822,335.080,416.274,306.137,77.861,0.0,nan,85.375,2,0.259,0.4641,39.8854,4.8387,0.8333,,,27.4118,28.1653,55.5771
367,431186.000648,431186.000648,6.9717,-2.5301,134.7078,42.8496,-9.2902,77.8613,0.671157,-0.109788,-0.733141,,,,803.822,335.080,416.274,306.137,77.861,0.0,nan,85.375,2,0.734,0.4641,39.8854,4.9243,0.8722,,,27.1678,21.5398,48.7076
368,431186.028181,431186.028181,7.0198,-2.3176,134.7476,43.1854,-8.5804,77.8613,0.676702,-0.102105,-0.729143,,,,803.822,335.080,416.274,306.137,77.861,0.0,nan,85.375,2,0.589,0.4641,39.8854,5.0493,0.8056,,,26.5582,14.5212,41.0794
369,431186.056701,431186.056701,6.9096,-2.3749,134.7321,42.6960,-9.3255,77.8613,0.669146,-0.109883,-0.734962,,,,803.822,335.080,416.274,306.137,77.861,0.0,nan,85.375,2,0.705,0.4641,39.8854,4.9863,0.8333,,,27.3247,28.9806,56.3052
370,431186.080518,431186.080518,6.8827,-2.4962,134.6823,42.8310,-10.0833,77.8613,0.669337,-0.119026,-0.733363,,,,803.822,335.080,416.274,306.137,77.861,0.0,nan,85.375,2,0.532,0.4641,39.8854,5.0563,0.8556,,,27.2751,21.1238,48.3989
371,431186.108440,431186.108440,7.0113,-2.4898,134.7082,42.7867,-10.3779,77.8613,0.668159,-0.122364,-0.733888,,,,803.822,335.080,416.274,306.137,77.861,0.0,nan,85.375,2,0.205,0.4641,39.8854,4.9298,0.8389,,,27.8829,28.7847,56.6676
372,431186.136768,431186.136768,6.8634,-2.4734,134.7050,42.9328,-8.8310,77.8613,0.673065,-0.104569,-0.732153,,,,803.822,335.080,416.274,306.137,77.861,0.0,nan,85.375,2,1.062,0.4641,39.8854,5.3187,0.8722,,,27.0537,15.2918,42.3455
373,431186.160773,431186.160773,6.9027,-2.5385,134.7264,42.7528,-9.6135,77.8613,0.669304,-0.113367,-0.734289,,,,803.822,335.080,416.274,306.137,77.861,0.0,nan,85.375,2,0.562,0.4641,39.8854,4.9588,0.8778,,,26.9126,26.6854,53.5980
374,431186.184507,431186.184507,6.9271,-2.8299,134.7154,43.4403,-11.3996,77.8613,0.674034,-0.135904,-0.726091,,,,803.822,335.080,416.274,306.137,77.861,0.0,nan,85.375,2,1.401,0.4641,39.8854,5.0526,0.8722,,,27.1340,27.2270,54.3610
375,431186.212710,431186.212710,6.8451,-2.5195,134.7511,42.7089,-9.2172,77.8613,0.669516,-0.108644,-0.734809,,,,803.822,335.080,416.274,306.137,77.861,0.0,nan,85.375,2,1.660,0.4641,39.8854,5.0763,0.8889,,,26.7610,13.0890,39.8500
376,431186.240786,431186.240786,6.9180,-2.4877,134.7384,42.8617,-9.1714,77.8613,0.671535,-0.108421,-0.732998,,,,803.822,335.080,416.274,306.137,77.861,0.0,nan,85.375,2,0.156,0.4641,39.8854,5.1370,0.8667,,,26.6992,21.8357,48.5349
377,431186.269273,431186.269273,6.7331,-2.6235,134.7684,42.4651,-8.4862,77.8613,0.667749,-0.099632,-0.737689,,,,803.822,335.080,416.274,306.137,77.861,0.0,nan,85.375,2,0.611,0.4641,39.8854,5.5308,0.8889,,,26.9824,5.9281,32.9105
378,431186.292619,431186.292619,6.9195,-2.5646,134.6761,42.6094,-9.1843,77.8613,0.668318,-0.108056,-0.735986,,,,803.822,335.080,416.274,306.137,77.861,0.0,nan,85.375,2,0.494,0.4641,39.8854,5.3322,0.8889,,,28.5042,8.6755,37.1797
379,431186.312520,431186.312520,6.7958,-2.6102,134.7061,42.6070,-8.6501,77.8613,0.669265,-0.101815,-0.736015,,,,803.822,335.080,416.274,306.137,77.861,0.0,nan,85.375,2,0.362,0.4641,39.8854,5.3443,0.8611,,,28.0812,9.9725,38.0537
380,431186.340093,431186.340093,6.9314,-2.5969,134.7051,42.7937,-9.7779,77.8613,0.669492,-0.115375,-0.733805,,,,803.822,335.080,416.274,306.137,77.861,0.0,nan,85.375,2,0.787,0.4641,39.8854,4.9405,0.9000,,,27.5185,21.3634,48.8818
381,431186.368674,431186.368674,6.8673,-2.5095,134.7631,42.3861,-8.3222,77.8613,0.667024,-0.097572,-0.738619,,,,803.822,335.080,416.274,306.137,77.861,0.0,nan,85.375,2,1.066,0.4641,39.8854,5.1882,0.8833,,,27.1506,17.0307,44.1812
382,431186.392510,431186.392510,6.9624,-2.4389,134.7425,42.6583,-9.6023,77.8613,0.668131,-0.113033,-0.735408,,,,803.822,335.080,416.274,306.137,77.861,0.0,nan,85.375,2,0.907,0.4641,39.8854,5.0170,0.8444,,,27.5743,22.3283,49.9026
383,431186.416540,431186.416540,6.8481,-2.5667,134.7312,42.6144,-8.5033,77.8613,0.669618,-0.100115,-0.735927,,,,803.822,335.080,416.274,306.137,77.861,0.0,nan,85.375,2,0.746,0.4641,39.8854,5.2462,0.8667,,,27.4920,23.8028,51.2948
384,431186.444191,431186.444191,6.9616,-2.4793,134.7398,42.7500,-10.2780,77.8613,0.667908,-0.121114,-0.734323,,,,803.822,335.080,416.274,306.137,77.861,0.0,nan,85.375,2,1.211,0.4641,39.8854,4.8707,0.8444,,,27.2843,25.2748,52.5592
385,431186.474564,431186.474564,6.8802,-2.4744,134.7547,42.8564,-9.1208,77.8613,0.671563,-0.107817,-0.733061,,,,803.822,335.080,416.274,306.137,77.861,0.0,nan,85.375,2,0.793,0.4641,39.8854,5.0351,0.8722,,,27.7778,19.1009,46.8787
386,431186.499651,431186.499651,6.8490,-2.4320,134.7507,42.6804,-9.3189,77.8613,0.668961,-0.109773,-0.735147,,,,803.822,335.080,416.274,306.137,77.861,0.0,nan,85.375,2,0.222,0.4641,39.8854,5.1730,0.8667,,,30.1471,10.4937,40.6408
