# generated, 2026-09-04T03:25:53+00:00
# source, results/flights/New Folder With Items/2026-08-29_231418
frame,t_capture,t_host,x_mm,y_mm,z_mm,theta_deg,phi_deg,psi_deg,nx,ny,nz,vx_mm_s,vy_mm_s,vz_mm_s,ellipse_cx,ellipse_cy,major_px,minor_px,ellipse_deg,area_px,fit_rms_px,ambiguity_margin_deg,n_solutions,jump_deg,discrepancy_mm,margin,refine_rms_px,union_coverage,pred_pos_mm,pred_ang_deg,t_seg_ms,t_est_ms,t_total_ms
4,431175.941375,431175.941375,6.9738,-2.6475,134.6813,43.6069,-13.3713,77.9686,0.671010,-0.159502,-0.724089,,,,401.739,167.306,209.437,154.785,77.969,0.0,nan,84.760,2,,1.4619,42.2259,4.5142,0.9722,,,3.9280,5.6452,9.5732
5,431175.968503,431175.968503,6.9485,-2.5499,134.6439,43.5643,-12.7456,77.9686,0.672186,-0.152045,-0.724602,,,,401.739,167.306,209.437,154.785,77.969,0.0,nan,84.760,2,0.433,1.4619,42.2259,4.4760,0.9111,,,3.4528,3.4369,6.8896
6,431175.988784,431175.988784,6.7268,-2.6044,134.8125,42.6981,-8.7774,77.9686,0.670194,-0.103481,-0.734937,,,,401.739,167.306,209.437,154.785,77.969,0.0,nan,84.760,2,2.847,1.4619,42.2259,4.9002,0.9611,,,3.3187,3.3253,6.6440
7,431176.023397,431176.023397,7.0209,-2.6005,134.7016,43.5101,-14.1447,77.9686,0.667608,-0.168246,-0.725253,,,,401.739,167.306,209.437,154.785,77.969,0.0,nan,84.760,2,3.756,1.4619,42.2259,4.4732,0.9278,,,3.1323,4.1057,7.2380
8,431176.048650,431176.048650,6.9316,-2.7620,134.7054,43.8100,-13.7398,77.9686,0.672459,-0.164423,-0.721640,,,,401.739,167.306,209.437,154.785,77.969,0.0,nan,84.760,2,0.410,1.4619,42.2259,4.4240,1.0000,,,3.2496,4.2145,7.4641
9,431176.083658,431176.083658,6.9639,-2.7649,134.7274,43.8139,-14.1617,77.9686,0.671278,-0.169382,-0.721593,,,,401.739,167.306,209.437,154.785,77.969,0.0,nan,84.760,2,0.292,1.4619,42.2259,4.4830,1.0000,,,3.7743,5.1538,8.9281
10,431176.105791,431176.105791,6.9310,-2.7825,134.7566,43.8210,-14.3457,77.9686,0.670817,-0.171559,-0.721507,,,,401.739,167.306,209.437,154.785,77.969,0.0,nan,84.760,2,0.128,1.4619,42.2259,4.5321,1.0000,,,3.2328,5.3291,8.5619
11,431176.135065,431176.135065,6.9388,-2.6776,134.7054,43.6443,-13.1431,77.9686,0.672100,-0.156936,-0.723638,,,,401.739,167.306,209.437,154.785,77.969,0.0,nan,84.760,2,0.850,1.4619,42.2259,4.4559,0.9778,,,3.0182,5.0612,8.0794
12,431176.164358,431176.164358,6.8758,-2.5183,134.4929,43.6685,-12.6605,77.9686,0.673696,-0.151336,-0.723347,,,,401.739,167.306,209.437,154.785,77.969,0.0,nan,84.760,2,0.334,1.4619,42.2259,4.8624,0.9111,,,3.6896,3.3741,7.0637
13,431176.189233,431176.189233,6.7830,-2.6034,134.6068,43.9077,-10.9963,77.9686,0.680765,-0.132282,-0.720458,,,,401.739,167.306,209.437,154.785,77.969,0.0,nan,84.760,2,1.176,1.4619,42.2259,4.7078,0.9444,,,3.3396,3.3417,6.6813
14,431176.217852,431176.217852,6.9926,-2.6634,134.6928,43.4972,-13.1985,77.9686,0.670138,-0.157160,-0.725407,,,,401.739,167.306,209.437,154.785,77.969,0.0,nan,84.760,2,1.576,1.4619,42.2259,4.4335,0.9722,,,3.3667,4.1290,7.4957
15,431176.245015,431176.245015,6.8666,-2.5906,134.6968,42.7285,-8.9930,77.9686,0.670185,-0.106063,-0.734577,,,,401.739,167.306,209.437,154.785,77.969,0.0,nan,84.760,2,2.975,1.4619,42.2259,4.7299,0.9333,,,3.3025,3.7872,7.0896
16,431176.270155,431176.270155,6.9359,-2.7287,134.7220,43.5656,-13.9069,77.9686,0.668983,-0.165642,-0.724585,,,,401.739,167.306,209.437,154.785,77.969,0.0,nan,84.760,2,3.463,1.4619,42.2259,4.4094,1.0000,,,3.1357,4.0412,7.1769
17,431176.296427,431176.296427,6.9063,-2.7459,134.7673,43.5880,-13.5577,77.9686,0.670255,-0.161628,-0.724316,,,,401.739,167.306,209.437,154.785,77.969,0.0,nan,84.760,2,0.242,1.4619,42.2259,4.2661,1.0000,,,3.0987,4.0989,7.1975
18,431176.322278,431176.322278,6.9969,-2.6050,134.6772,43.6637,-13.1372,77.9686,0.672354,-0.156922,-0.723405,,,,401.739,167.306,209.437,154.785,77.969,0.0,nan,84.760,2,0.300,1.4619,42.2259,4.4197,0.9333,,,3.4646,4.9187,8.3833
19,431176.352799,431176.352799,6.9920,-2.5093,134.5308,44.3223,-13.7142,77.9686,0.678774,-0.165645,-0.715421,,,,401.739,167.306,209.437,154.785,77.969,0.0,nan,84.760,2,0.771,1.4619,42.2259,4.5993,0.8944,,,3.2416,3.8541,7.0957
20,431176.379917,431176.379917,6.9406,-2.5411,134.6528,43.4480,-10.5447,77.9686,0.676083,-0.125850,-0.725999,,,,401.739,167.306,209.437,154.785,77.969,0.0,nan,84.760,2,2.364,1.4619,42.2259,4.5044,0.9056,,,3.0680,4.0730,7.1409
21,431176.407530,431176.407530,7.2235,-2.4247,134.7019,42.1851,-15.2256,77.9686,0.647957,-0.176357,-0.740979,,,,401.739,167.306,209.437,154.785,77.969,0.0,nan,84.760,2,3.422,1.4619,42.2259,4.7792,0.8944,,,3.2102,3.0169,6.2270
22,431176.436138,431176.436138,6.9595,-2.6685,134.7558,42.7329,-12.5614,77.9686,0.662339,-0.147582,-0.734525,,,,401.739,167.306,209.437,154.785,77.969,0.0,nan,84.760,2,1.880,1.4619,42.2259,4.3709,0.9389,,,3.2086,3.7735,6.9821
23,431176.460095,431176.460095,6.9123,-2.5952,134.6901,43.2132,-11.1086,77.9686,0.671887,-0.131923,-0.728810,,,,401.739,167.306,209.437,154.785,77.969,0.0,nan,84.760,2,1.101,1.4619,42.2259,4.3344,0.9222,,,3.2087,3.3251,6.5338
24,431176.480637,431176.480637,6.9906,-2.5841,134.6464,43.7783,-13.8295,77.9686,0.671814,-0.165380,-0.722022,,,,401.739,167.306,209.437,154.785,77.969,0.0,nan,84.760,2,1.956,1.4619,42.2259,4.3872,0.9222,,,3.2880,3.8607,7.1486
25,431176.516417,431176.516417,6.9820,-2.6495,134.6887,43.6974,-13.2519,77.9686,0.672454,-0.158365,-0.722998,,,,401.739,167.306,209.437,154.785,77.969,0.0,nan,84.760,2,0.407,1.4619,42.2259,4.3671,0.9667,,,3.0596,4.0810,7.1407
26,431176.539845,431176.539845,6.9837,-2.5865,134.6595,43.4309,-13.3377,77.9686,0.668936,-0.158595,-0.726204,,,,401.739,167.306,209.437,154.785,77.969,0.0,nan,84.760,2,0.273,1.4619,42.2259,4.4640,0.9222,,,3.0533,4.1131,7.1665
27,431176.568069,431176.568069,6.9389,-2.7205,134.7465,43.6838,-13.6215,77.9686,0.671251,-0.162660,-0.723162,,,,401.739,167.306,209.437,154.785,77.969,0.0,nan,84.760,2,0.320,1.4619,42.2259,4.3103,1.0000,,,3.5313,4.1168,7.6481
28,431176.595960,431176.595960,6.9937,-2.6082,134.6730,43.6473,-13.6325,77.9686,0.670772,-0.162679,-0.723602,,,,401.739,167.306,209.437,154.785,77.969,0.0,nan,84.760,2,0.037,1.4619,42.2259,4.4350,0.9333,,,3.2338,4.5700,7.8038
29,431176.619357,431176.619357,6.9602,-2.6311,134.6906,43.5782,-13.2606,77.9686,0.670964,-0.158122,-0.724434,,,,401.739,167.306,209.437,154.785,77.969,0.0,nan,84.760,2,0.266,1.4619,42.2259,4.4219,0.9556,,,3.3427,4.3751,7.7178
30,431176.648100,431176.648100,6.9689,-2.6891,134.6979,43.7881,-13.4110,77.9686,0.673123,-0.160497,-0.721904,,,,401.739,167.306,209.437,154.785,77.969,0.0,nan,84.760,2,0.234,1.4619,42.2259,4.4447,1.0000,,,3.9371,4.0963,8.0334
31,431176.671705,431176.671705,6.9840,-2.6518,134.7087,43.4935,-13.9414,77.9686,0.667998,-0.165826,-0.725452,,,,401.739,167.306,209.437,154.785,77.969,0.0,nan,84.760,2,0.470,1.4619,42.2259,4.4821,0.9722,,,2.9863,4.0885,7.0748
32,431176.696594,431176.696594,6.8820,-2.8476,134.7887,43.6377,-13.8125,77.9686,0.670140,-0.164757,-0.723717,,,,401.739,167.306,209.437,154.785,77.969,0.0,nan,84.760,2,0.169,1.4619,42.2259,4.4910,0.9889,,,3.1125,4.7868,7.8993
33,431176.727825,431176.727825,6.9134,-2.4830,134.6454,43.3926,-12.2134,77.9686,0.671445,-0.145335,-0.726663,,,,401.739,167.306,209.437,154.785,77.969,0.0,nan,84.760,2,1.128,1.4619,42.2259,4.5415,0.8944,,,3.1844,3.2297,6.4140
34,431176.744218,431176.744218,6.9544,-2.6372,134.6971,43.4326,-13.3468,77.9686,0.668932,-0.158706,-0.726183,,,,401.739,167.306,209.437,154.785,77.969,0.0,nan,84.760,2,0.780,1.4619,42.2259,4.3022,0.9611,,,2.9753,3.7761,6.7515
35,431176.775385,431176.775385,6.9714,-2.6096,134.6769,43.5067,-13.4459,77.9686,0.669570,-0.160080,-0.725293,,,,401.739,167.306,209.437,154.785,77.969,0.0,nan,84.760,2,0.101,1.4619,42.2259,4.3764,0.9333,,,3.3582,4.1305,7.4887
36,431176.803319,431176.803319,6.9205,-2.8028,134.7886,43.6537,-14.1791,77.9686,0.669267,-0.169092,-0.723526,,,,401.739,167.306,209.437,154.785,77.969,0.0,nan,84.760,2,0.526,1.4619,42.2259,4.3293,1.0000,,,3.1221,4.3570,7.4790
37,431176.828654,431176.828654,6.8886,-2.7188,134.7685,43.2499,-13.1185,77.9686,0.667300,-0.155512,-0.728372,,,,401.739,167.306,209.437,154.785,77.969,0.0,nan,84.760,2,0.834,1.4619,42.2259,4.2830,1.0000,,,3.3534,4.0866,7.4400
38,431176.856606,431176.856606,6.9317,-2.6042,134.7129,43.3164,-12.1577,77.9686,0.670641,-0.144479,-0.727576,,,,401.739,167.306,209.437,154.785,77.969,0.0,nan,84.760,2,0.662,1.4619,42.2259,4.4771,0.9278,,,3.2503,3.2842,6.5345
39,431176.884242,431176.884242,6.9627,-2.5148,134.6405,43.2337,-12.7911,77.9686,0.667977,-0.151652,-0.728566,,,,401.739,167.306,209.437,154.785,77.969,0.0,nan,84.760,2,0.442,1.4619,42.2259,4.5426,0.9111,,,3.1662,3.3214,6.4876
40,431176.908837,431176.908837,6.9764,-2.5726,134.6269,43.4150,-13.5874,77.9686,0.668042,-0.161461,-0.726395,,,,401.739,167.306,209.437,154.785,77.969,0.0,nan,84.760,2,0.576,1.4619,42.2259,4.4441,0.9222,,,3.1942,3.3723,6.5665
41,431176.932390,431176.932390,6.9832,-2.6522,134.7086,43.6431,-13.7790,77.9686,0.670302,-0.164381,-0.723653,,,,401.739,167.306,209.437,154.785,77.969,0.0,nan,84.760,2,0.264,1.4619,42.2259,4.2879,0.9722,,,3.0455,4.0661,7.1116
42,431176.965692,431176.965692,6.9237,-2.5887,134.7162,43.2762,-11.3693,77.9686,0.672064,-0.135137,-0.728058,,,,401.739,167.306,209.437,154.785,77.969,0.0,nan,84.760,2,1.698,1.4619,42.2259,4.4262,0.9167,,,3.3049,4.1197,7.4246
43,431176.993082,431176.993082,6.9280,-2.7790,134.7493,43.6620,-13.9308,77.9686,0.670096,-0.166215,-0.723425,,,,401.739,167.306,209.437,154.785,77.969,0.0,nan,84.760,2,1.804,1.4619,42.2259,4.3762,1.0000,,,3.1850,4.8435,8.0285
44,431177.020667,431177.020667,6.9799,-2.6153,134.6548,43.3960,-13.2601,77.9686,0.668719,-0.157587,-0.726623,,,,401.739,167.306,209.437,154.785,77.969,0.0,nan,84.760,2,0.533,1.4619,42.2259,4.4584,0.9444,,,3.0997,4.0270,7.1267
45,431177.049059,431177.049059,6.9301,-2.7179,134.7656,43.3983,-12.4929,77.9686,0.670798,-0.148625,-0.726595,,,,401.739,167.306,209.437,154.785,77.969,0.0,nan,84.760,2,0.527,1.4619,42.2259,4.3364,1.0000,,,3.1588,4.0853,7.2441
46,431177.073720,431177.073720,6.9501,-2.5891,134.6478,43.5592,-13.0820,77.9686,0.671219,-0.155975,-0.724663,,,,401.739,167.306,209.437,154.785,77.969,0.0,nan,84.760,2,0.436,1.4619,42.2259,4.4780,0.9278,,,2.9753,4.1489,7.1241
47,431177.103985,431177.103985,6.8342,-2.5479,134.5556,43.9946,-12.8754,77.9686,0.677126,-0.154777,-0.719406,,,,401.739,167.306,209.437,154.785,77.969,0.0,nan,84.760,2,0.458,1.4619,42.2259,4.7033,0.9167,,,3.2170,3.3340,6.5509
48,431177.152811,431177.152811,6.9696,-2.4365,134.5351,44.3189,-11.7680,77.9686,0.683967,-0.142490,-0.715462,,,,401.739,167.306,209.437,154.785,77.969,0.0,nan,84.760,2,0.837,1.4619,42.2259,4.8468,0.8722,,,3.1803,3.0489,6.2293
49,431177.188237,431177.188237,6.9654,-2.6917,134.7087,43.7003,-13.4601,77.9686,0.671910,-0.160816,-0.722963,,,,401.739,167.306,209.437,154.785,77.969,0.0,nan,84.760,2,1.328,1.4619,42.2259,4.3592,1.0000,,,3.2968,5.3802,8.6769
50,431177.232725,431177.232725,7.0069,-2.6315,134.7196,43.5028,-13.5261,77.9686,0.669297,-0.161006,-0.725340,,,,401.739,167.306,209.437,154.785,77.969,0.0,nan,84.760,2,0.203,1.4619,42.2259,4.4365,0.9389,,,3.1537,4.9447,8.0985
51,431177.264541,431177.264541,6.9124,-2.6169,134.7075,43.4762,-12.1921,77.9686,0.672534,-0.145309,-0.725660,,,,401.739,167.306,209.437,154.785,77.969,0.0,nan,84.760,2,0.918,1.4619,42.2259,4.4501,0.9333,,,3.0822,4.2375,7.3197
52,431177.312267,431177.312267,6.7927,-2.5953,134.7835,42.8123,-10.4769,77.9686,0.668268,-0.123578,-0.733584,,,,401.739,167.306,209.437,154.785,77.969,0.0,nan,84.760,2,1.348,1.4619,42.2259,4.6739,0.9500,,,3.2110,3.6390,6.8500
53,431177.343714,431177.343714,6.8980,-2.6080,134.6721,44.0084,-13.8815,77.9686,0.674473,-0.166684,-0.719238,,,,401.739,167.306,209.437,154.785,77.969,0.0,nan,84.760,2,2.627,1.4619,42.2259,4.4763,0.9333,,,3.1275,3.9632,7.0908
54,431177.368741,431177.368741,7.0072,-2.8217,134.7255,43.5225,-12.1839,77.9686,0.673128,-0.145338,-0.725104,,,,401.739,167.306,209.437,154.785,77.969,0.0,nan,84.760,2,1.271,1.4619,42.2259,4.5171,0.9556,,,2.9908,3.7124,6.7032
55,431177.402612,431177.402612,6.9982,-2.6309,134.6663,43.6810,-13.6629,77.9686,0.671099,-0.163136,-0.723196,,,,401.739,167.306,209.437,154.785,77.969,0.0,nan,84.760,2,1.032,1.4619,42.2259,4.4199,0.9667,,,3.1575,4.0960,7.2535
56,431177.432812,431177.432812,6.9991,-2.5114,134.6103,43.8784,-13.4795,77.9686,0.674037,-0.161566,-0.720813,,,,401.739,167.306,209.437,154.785,77.969,0.0,nan,84.760,2,0.235,1.4619,42.2259,4.5287,0.9111,,,3.3222,3.3922,6.7143
57,431177.464004,431177.464004,6.9656,-2.5742,134.6815,43.5586,-13.1074,77.9686,0.671143,-0.156272,-0.724670,,,,401.739,167.306,209.437,154.785,77.969,0.0,nan,84.760,2,0.410,1.4619,42.2259,4.3958,0.9222,,,3.2147,3.4467,6.6614
58,431177.496734,431177.496734,6.9481,-2.7474,134.7279,43.3990,-12.2955,77.9686,0.671315,-0.146316,-0.726586,,,,401.739,167.306,209.437,154.785,77.969,0.0,nan,84.760,2,0.581,1.4619,42.2259,4.3309,1.0000,,,2.9742,5.4203,8.3945
59,431177.530793,431177.530793,7.1006,-2.5866,134.6325,42.7455,-14.8620,77.9686,0.656037,-0.174093,-0.734375,,,,401.739,167.306,209.437,154.785,77.969,0.0,nan,84.760,2,1.870,1.4619,42.2259,4.5042,0.9389,,,2.9872,3.7867,6.7740
60,431177.564307,431177.564307,6.8665,-2.5700,134.6609,43.4717,-12.1093,77.9686,0.672688,-0.144327,-0.725714,,,,401.739,167.306,209.437,154.785,77.969,0.0,nan,84.760,2,2.016,1.4619,42.2259,4.4846,0.9222,,,3.4528,4.3684,7.8212
61,431177.589044,431177.589044,6.9266,-2.7124,134.7559,43.5668,-13.4817,77.9686,0.670209,-0.160676,-0.724571,,,,401.739,167.306,209.437,154.785,77.969,0.0,nan,84.760,2,0.950,1.4619,42.2259,4.3948,1.0000,,,3.7036,4.8510,8.5546
62,431177.616727,431177.616727,7.0115,-2.6431,134.6741,43.5367,-13.5991,77.9686,0.669507,-0.161960,-0.724934,,,,401.739,167.306,209.437,154.785,77.969,0.0,nan,84.760,2,0.086,1.4619,42.2259,4.5323,0.9722,,,3.1413,4.8832,8.0245
63,431177.653254,431177.653254,6.9854,-2.4555,134.6532,43.3620,-12.6033,77.9686,0.670061,-0.149817,-0.727030,,,,401.739,167.306,209.437,154.785,77.969,0.0,nan,84.760,2,0.707,1.4619,42.2259,4.6571,0.8889,,,3.0121,3.3588,6.3710
64,431177.677223,431177.677223,7.0081,-2.6603,134.6782,43.6424,-13.0219,77.9686,0.672407,-0.155509,-0.723661,,,,401.739,167.306,209.437,154.785,77.969,0.0,nan,84.760,2,0.402,1.4619,42.2259,4.4689,0.9778,,,3.0674,4.0456,7.1130
65,431177.710623,431177.710623,7.0049,-2.5902,134.6662,43.6382,-13.9919,77.9686,0.669627,-0.166856,-0.723712,,,,401.739,167.306,209.437,154.785,77.969,0.0,nan,84.760,2,0.669,1.4619,42.2259,4.4442,0.9333,,,3.1867,4.2117,7.3984
66,431177.737934,431177.737934,6.9409,-2.6421,134.6689,43.5622,-13.0526,77.9686,0.671336,-0.155639,-0.724627,,,,401.739,167.306,209.437,154.785,77.969,0.0,nan,84.760,2,0.652,1.4619,42.2259,4.3609,0.9667,,,3.3780,4.5265,7.9045
67,431177.765942,431177.765942,6.9627,-2.6572,134.7120,43.5125,-13.2615,77.9686,0.670152,-0.157942,-0.725224,,,,401.739,167.306,209.437,154.785,77.969,0.0,nan,84.760,2,0.152,1.4619,42.2259,4.4095,0.9722,,,2.8737,4.0701,6.9438
68,431177.797665,431177.797665,6.9098,-2.8166,134.7771,43.6454,-14.7345,77.9686,0.667496,-0.175544,-0.723625,,,,401.739,167.306,209.437,154.785,77.969,0.0,nan,84.760,2,1.024,1.4619,42.2259,4.6944,1.0000,,,3.1419,4.8708,8.0127
69,431177.827266,431177.827266,6.9919,-2.5766,134.6532,43.5925,-13.3872,77.9686,0.670789,-0.159646,-0.724262,,,,401.739,167.306,209.437,154.785,77.969,0.0,nan,84.760,2,0.931,1.4619,42.2259,4.4572,0.9278,,,3.1710,4.1039,7.2749
70,431177.848469,431177.848469,6.9215,-2.5070,134.6965,43.1169,-11.6120,77.9686,0.669500,-0.137575,-0.729961,,,,401.739,167.306,209.437,154.785,77.969,0.0,nan,84.760,2,1.308,1.4619,42.2259,4.5138,0.9000,,,3.0237,3.2900,6.3136
71,431177.881198,431177.881198,6.9460,-2.5791,134.6542,43.6845,-13.7509,77.9686,0.670890,-0.164177,-0.723154,,,,401.739,167.306,209.437,154.785,77.969,0.0,nan,84.760,2,1.575,1.4619,42.2259,4.4685,0.9278,,,3.2945,4.1482,7.4427
72,431177.910088,431177.910088,6.8438,-2.5574,134.5729,43.3377,-10.2756,77.9686,0.675290,-0.122424,-0.727321,,,,401.739,167.306,209.437,154.785,77.969,0.0,nan,84.760,2,2.417,1.4619,42.2259,4.7752,0.9167,,,3.2525,3.4660,6.7185
73,431177.936641,431177.936641,7.0744,-2.6430,134.7978,42.8125,-14.4453,77.9686,0.658117,-0.169530,-0.733581,,,,401.739,167.306,209.437,154.785,77.969,0.0,nan,84.760,2,2.895,1.4619,42.2259,4.4677,0.9500,,,3.2182,4.1030,7.3212
74,431177.964853,431177.964853,6.9209,-2.6908,134.7004,43.6751,-12.7736,77.9686,0.673478,-0.152684,-0.723267,,,,401.739,167.306,209.437,154.785,77.969,0.0,nan,84.760,2,1.434,1.4619,42.2259,4.4015,1.0000,,,3.2238,3.7189,6.9427
75,431177.990776,431177.990776,6.9493,-2.6751,134.6930,43.6483,-13.5764,77.9686,0.670944,-0.162026,-0.723590,,,,401.739,167.306,209.437,154.785,77.969,0.0,nan,84.760,2,0.555,1.4619,42.2259,4.4467,0.9833,,,3.3282,4.2639,7.5921
76,431178.012627,431178.012627,6.7646,-2.5991,134.7140,42.9099,-10.1353,77.9686,0.670223,-0.119811,-0.732425,,,,401.739,167.306,209.437,154.785,77.969,0.0,nan,84.760,2,2.472,1.4619,42.2259,4.6794,0.9556,,,3.2428,3.6754,6.9182
77,431178.044777,431178.044777,6.9510,-2.7754,134.7225,43.6629,-13.7212,77.9686,0.670710,-0.163764,-0.723415,,,,401.739,167.306,209.437,154.785,77.969,0.0,nan,84.760,2,2.571,1.4619,42.2259,4.4493,1.0000,,,3.2425,4.0180,7.2604
78,431178.073779,431178.073779,6.9034,-2.5075,134.4997,45.1095,-13.4178,77.9686,0.689119,-0.164397,-0.705754,,,,401.739,167.306,209.437,154.785,77.969,0.0,nan,84.760,2,1.462,1.4619,42.2259,4.7496,0.9056,,,3.1279,3.0103,6.1382
79,431178.101564,431178.101564,6.9414,-2.5855,134.6579,43.4811,-12.2733,77.9686,0.672389,-0.146276,-0.725601,,,,401.739,167.306,209.437,154.785,77.969,0.0,nan,84.760,2,1.814,1.4619,42.2259,4.4699,0.9222,,,3.2073,3.2787,6.4860
80,431178.130979,431178.130979,6.9300,-2.7507,134.7255,43.6380,-14.0615,77.9686,0.669422,-0.167669,-0.723714,,,,401.739,167.306,209.437,154.785,77.969,0.0,nan,84.760,2,1.242,1.4619,42.2259,4.3949,1.0000,,,3.0142,4.8011,7.8153
81,431178.156362,431178.156362,6.9572,-2.6687,134.7229,43.5811,-13.8739,77.9686,0.669269,-0.165304,-0.724399,,,,401.739,167.306,209.437,154.785,77.969,0.0,nan,84.760,2,0.141,1.4619,42.2259,4.4680,0.9833,,,3.5684,4.3300,7.8984
82,431178.180558,431178.180558,6.9953,-2.6188,134.6665,43.5256,-12.9073,77.9686,0.671277,-0.153833,-0.725067,,,,401.739,167.306,209.437,154.785,77.969,0.0,nan,84.760,2,0.668,1.4619,42.2259,4.4940,0.9389,,,3.1685,4.1011,7.2696
83,431178.212427,431178.212427,6.8094,-2.5204,134.6110,43.7679,-12.1722,77.9686,0.676188,-0.145854,-0.722148,,,,401.739,167.306,209.437,154.785,77.969,0.0,nan,84.760,2,0.562,1.4619,42.2259,4.6962,0.9111,,,3.1977,3.3429,6.5406
84,431178.236693,431178.236693,6.9483,-2.7517,134.7531,43.6350,-13.8225,77.9686,0.670078,-0.164865,-0.723751,,,,401.739,167.306,209.437,154.785,77.969,0.0,nan,84.760,2,1.148,1.4619,42.2259,4.3436,1.0000,,,3.1175,4.0811,7.1986
85,431178.260703,431178.260703,6.9407,-2.7810,134.7876,43.7716,-13.6522,77.9686,0.672240,-0.163281,-0.722103,,,,401.739,167.306,209.437,154.785,77.969,0.0,nan,84.760,2,0.180,1.4619,42.2259,4.3842,1.0000,,,3.5178,4.1231,7.6408
86,431178.288599,431178.288599,6.9525,-2.6390,134.6993,43.4232,-13.3116,77.9686,0.668913,-0.158267,-0.726296,,,,401.739,167.306,209.437,154.785,77.969,0.0,nan,84.760,2,0.420,1.4619,42.2259,4.4847,0.9667,,,3.1951,4.0629,7.2580
87,431178.308917,431178.308917,6.9795,-2.6518,134.6687,43.5465,-13.5032,77.9686,0.669899,-0.160868,-0.724815,,,,401.739,167.306,209.437,154.785,77.969,0.0,nan,84.760,2,0.181,1.4619,42.2259,4.4996,0.9778,,,3.0993,4.0385,7.1378
88,431178.336122,431178.336122,6.8745,-2.8262,134.7855,43.7014,-14.6312,77.9686,0.668495,-0.174518,-0.722951,,,,401.739,167.306,209.437,154.785,77.969,0.0,nan,84.760,2,0.793,1.4619,42.2259,4.6335,1.0000,,,3.1955,4.8666,8.0622
89,431178.364623,431178.364623,6.9942,-2.6010,134.6561,43.6881,-13.9882,77.9686,0.670249,-0.166965,-0.723111,,,,401.739,167.306,209.437,154.785,77.969,0.0,nan,84.760,2,0.444,1.4619,42.2259,4.5865,0.9556,,,3.1497,3.9742,7.1239
90,431178.388126,431178.388126,6.8708,-2.5290,134.4370,44.3316,-12.6592,77.9686,0.681823,-0.153145,-0.715307,,,,401.739,167.306,209.437,154.785,77.969,0.0,nan,84.760,2,1.126,1.4619,42.2259,4.9427,0.9056,,,3.2462,3.4180,6.6642
91,431178.417199,431178.417199,6.9571,-2.7666,134.8447,43.7653,-14.0294,77.9686,0.671073,-0.167684,-0.722180,,,,401.739,167.306,209.437,154.785,77.969,0.0,nan,84.760,2,1.108,1.4619,42.2259,4.4663,1.0000,,,3.0787,4.4320,7.5108
92,431178.444595,431178.444595,6.9926,-2.5291,134.8870,42.7016,-12.5540,77.9686,0.661966,-0.147409,-0.734896,,,,401.739,167.306,209.437,154.785,77.969,0.0,nan,84.760,2,1.467,1.4619,42.2259,4.8150,0.9111,,,3.3109,3.3533,6.6642
93,431178.472369,431178.472369,6.9635,-2.6136,134.6458,43.6297,-13.7424,77.9686,0.670243,-0.163913,-0.723814,,,,401.739,167.306,209.437,154.785,77.969,0.0,nan,84.760,2,1.234,1.4619,42.2259,4.6051,0.9611,,,3.1823,4.0722,7.2545
94,431178.498502,431178.498502,7.0193,-2.5685,134.5940,43.7746,-13.9903,77.9686,0.671302,-0.167253,-0.722067,,,,401.739,167.306,209.437,154.785,77.969,0.0,nan,84.760,2,0.224,1.4619,42.2259,4.6759,0.9278,,,2.9410,5.2352,8.1762
95,431178.529497,431178.529497,6.9848,-2.5457,134.4684,43.9890,-10.7894,77.9686,0.682242,-0.130014,-0.719473,,,,401.739,167.306,209.437,154.785,77.969,0.0,nan,84.760,2,2.229,1.4619,42.2259,4.8684,0.9167,,,3.1685,3.3605,6.5290
96,431178.552513,431178.552513,6.9603,-2.6269,134.6877,43.4837,-13.4112,77.9686,0.669383,-0.159607,-0.725570,,,,401.739,167.306,209.437,154.785,77.969,0.0,nan,84.760,2,1.882,1.4619,42.2259,4.4694,0.9611,,,3.4491,3.9690,7.4181
97,431178.580252,431178.580252,6.9837,-2.5853,134.6580,43.5597,-13.2492,77.9686,0.670767,-0.157934,-0.724657,,,,401.739,167.306,209.437,154.785,77.969,0.0,nan,84.760,2,0.135,1.4619,42.2259,4.3975,0.9222,,,3.1675,3.9748,7.1422
98,431178.608476,431178.608476,6.9587,-2.6429,134.6679,43.7602,-13.5808,77.9686,0.672303,-0.162409,-0.722241,,,,401.739,167.306,209.437,154.785,77.969,0.0,nan,84.760,2,0.304,1.4619,42.2259,4.4280,0.9722,,,3.1652,3.2346,6.3997
99,431178.637857,431178.637857,6.8849,-2.7950,134.7408,43.6184,-14.1228,77.9686,0.669001,-0.168325,-0.723950,,,,401.739,167.306,209.437,154.785,77.969,0.0,nan,84.760,2,0.400,1.4619,42.2259,4.4326,1.0000,,,3.1032,4.5492,7.6524
100,431178.661323,431178.661323,6.8011,-2.5210,134.5856,43.9093,-13.2169,77.9686,0.675149,-0.158565,-0.720438,,,,401.739,167.306,209.437,154.785,77.969,0.0,nan,84.760,2,0.691,1.4619,42.2259,4.8308,0.9167,,,3.1173,3.3792,6.4965
101,431178.688724,431178.688724,6.9869,-2.6555,134.7145,43.1839,-13.7353,77.9686,0.664772,-0.162488,-0.729161,,,,401.739,167.306,209.437,154.785,77.969,0.0,nan,84.760,2,0.809,1.4619,42.2259,4.3158,0.9722,,,3.2633,4.1992,7.4625
102,431178.720876,431178.720876,6.9796,-2.6532,134.6790,43.6927,-13.7192,77.9686,0.671082,-0.163830,-0.723055,,,,401.739,167.306,209.437,154.785,77.969,0.0,nan,84.760,2,0.509,1.4619,42.2259,4.4047,0.9722,,,3.2038,4.3503,7.5541
103,431178.753195,431178.753195,7.0190,-2.5375,134.6228,43.5525,-13.6872,77.9686,0.669452,-0.163037,-0.724743,,,,401.739,167.306,209.437,154.785,77.969,0.0,nan,84.760,2,0.142,1.4619,42.2259,4.6318,0.9167,,,3.2398,4.0258,7.2655
104,431178.784909,431178.784909,7.0526,-2.6189,134.6851,43.3172,-14.2295,77.9686,0.664989,-0.168633,-0.727566,,,,401.739,167.306,209.437,154.785,77.969,0.0,nan,84.760,2,0.441,1.4619,42.2259,4.5588,0.9611,,,3.1577,3.5982,6.7559
105,431178.812226,431178.812226,6.9523,-2.5943,134.6454,43.5081,-13.4155,77.9686,0.669671,-0.159730,-0.725278,,,,401.739,167.306,209.437,154.785,77.969,0.0,nan,84.760,2,0.591,1.4619,42.2259,4.5599,0.9278,,,3.1492,4.0923,7.2415
106,431178.836107,431178.836107,7.0243,-2.5839,134.6480,43.6503,-13.6909,77.9686,0.670643,-0.163372,-0.723566,,,,401.739,167.306,209.437,154.785,77.969,0.0,nan,84.760,2,0.237,1.4619,42.2259,4.5752,0.9222,,,3.2430,4.1425,7.3855
107,431178.867288,431178.867288,6.9786,-2.6002,134.6780,43.6666,-14.1770,77.9686,0.669432,-0.169106,-0.723370,,,,401.739,167.306,209.437,154.785,77.969,0.0,nan,84.760,2,0.336,1.4619,42.2259,4.5751,0.9333,,,3.2370,4.4487,7.6858
108,431178.894494,431178.894494,6.8722,-2.6031,134.6918,43.0948,-11.3891,77.9686,0.669755,-0.134913,-0.730224,,,,401.739,167.306,209.437,154.785,77.969,0.0,nan,84.760,2,1.998,1.4619,42.2259,4.6441,0.9222,,,3.3485,3.4985,6.8470
109,431178.912584,431178.912584,6.8459,-2.5223,134.5070,44.1282,-13.6631,77.9686,0.676563,-0.164466,-0.717784,,,,401.739,167.306,209.437,154.785,77.969,0.0,nan,84.760,2,1.878,1.4619,42.2259,4.8687,0.9056,,,3.0795,3.3612,6.4406
110,431178.940969,431178.940969,6.9906,-2.7159,134.6193,43.6683,-12.2657,77.9686,0.674721,-0.146690,-0.723349,,,,401.739,167.306,209.437,154.785,77.969,0.0,nan,84.760,2,1.072,1.4619,42.2259,4.6554,1.0000,,,3.0649,4.1044,7.1693
111,431178.980028,431178.980028,6.9875,-2.6108,134.6760,43.6483,-13.6665,77.9686,0.670687,-0.163081,-0.723591,,,,401.739,167.306,209.437,154.785,77.969,0.0,nan,84.760,2,0.967,1.4619,42.2259,4.4824,0.9556,,,3.1123,5.3653,8.4775
112,431179.005961,431179.005961,7.0176,-2.6165,134.6545,43.6208,-13.6709,77.9686,0.670338,-0.163050,-0.723921,,,,401.739,167.306,209.437,154.785,77.969,0.0,nan,84.760,2,0.028,1.4619,42.2259,4.5522,0.9611,,,3.3271,5.7650,9.0920
113,431179.036141,431179.036141,6.9603,-2.6846,134.6851,43.5615,-13.9775,77.9686,0.668727,-0.166454,-0.724636,,,,401.739,167.306,209.437,154.785,77.969,0.0,nan,84.760,2,0.220,1.4619,42.2259,4.5457,0.9833,,,3.1634,4.8850,8.0483
114,431179.060226,431179.060226,6.7747,-2.6010,134.6437,43.2627,-8.9393,77.9686,0.677020,-0.106494,-0.728219,,,,401.739,167.306,209.437,154.785,77.969,0.0,nan,84.760,2,3.475,1.4619,42.2259,4.7945,0.9444,,,3.2997,3.4680,6.7677
115,431179.092350,431179.092350,6.9482,-2.6276,134.6964,43.2518,-12.1360,77.9686,0.669892,-0.144053,-0.728350,,,,401.739,167.306,209.437,154.785,77.969,0.0,nan,84.760,2,2.191,1.4619,42.2259,4.4832,0.9278,,,2.9726,4.1462,7.1188
116,431179.120707,431179.120707,6.9586,-2.6883,134.6977,43.7907,-14.0141,77.9686,0.671428,-0.167581,-0.721873,,,,401.739,167.306,209.437,154.785,77.969,0.0,nan,84.760,2,1.401,1.4619,42.2259,4.4760,1.0000,,,3.1465,4.0373,7.1838
117,431179.144587,431179.144587,6.9599,-2.6592,134.7113,43.5099,-13.4076,77.9686,0.669716,-0.159643,-0.725255,,,,401.739,167.306,209.437,154.785,77.969,0.0,nan,84.760,2,0.504,1.4619,42.2259,4.4998,0.9778,,,3.4052,4.1260,7.5312
118,431179.176383,431179.176383,6.9720,-2.6501,134.6563,43.5166,-13.1748,77.9686,0.670441,-0.156939,-0.725175,,,,401.739,167.306,209.437,154.785,77.969,0.0,nan,84.760,2,0.160,1.4619,42.2259,4.5178,0.9722,,,3.2884,4.1059,7.3943
119,431179.201689,431179.201689,7.0022,-2.5845,134.6392,43.7431,-13.7080,77.9686,0.671732,-0.163850,-0.722447,,,,401.739,167.306,209.437,154.785,77.969,0.0,nan,84.760,2,0.432,1.4619,42.2259,4.5673,0.9333,,,3.1260,4.4894,7.6153
120,431179.228895,431179.228895,6.9509,-2.6398,134.6894,43.4552,-13.0039,77.9686,0.670149,-0.154764,-0.725912,,,,401.739,167.306,209.437,154.785,77.969,0.0,nan,84.760,2,0.565,1.4619,42.2259,4.4054,0.9667,,,3.2791,4.1497,7.4288
121,431179.256469,431179.256469,6.9552,-2.7834,134.8858,43.9901,-14.0695,77.9686,0.673699,-0.168840,-0.719460,,,,401.739,167.306,209.437,154.785,77.969,0.0,nan,84.760,2,0.910,1.4619,42.2259,4.5007,1.0000,,,3.2200,4.1407,7.3608
122,431179.280488,431179.280488,6.9506,-2.6446,134.6794,43.7634,-12.8730,77.9686,0.674297,-0.154100,-0.722202,,,,401.739,167.306,209.437,154.785,77.969,0.0,nan,84.760,2,0.860,1.4619,42.2259,4.4556,0.9722,,,3.3641,4.1059,7.4700
123,431179.309375,431179.309375,6.8962,-2.8876,134.7902,43.7159,-14.6816,77.9686,0.668519,-0.175153,-0.722775,,,,401.739,167.306,209.437,154.785,77.969,0.0,nan,84.760,2,1.251,1.4619,42.2259,4.4672,0.9833,,,2.9608,4.8421,7.8029
124,431179.329628,431179.329628,6.7617,-2.5808,134.7203,42.9115,-10.8198,77.9686,0.668764,-0.127813,-0.732406,,,,401.739,167.306,209.437,154.785,77.969,0.0,nan,84.760,2,2.768,1.4619,42.2259,4.7259,0.9389,,,3.2397,3.6969,6.9366
125,431179.376793,431179.376793,6.9586,-2.5817,134.7045,43.4364,-12.7197,77.9686,0.670676,-0.151385,-0.726138,,,,401.739,167.306,209.437,154.785,77.969,0.0,nan,84.760,2,1.402,1.4619,42.2259,4.4575,0.9222,,,3.2912,4.2931,7.5842
126,431179.400717,431179.400717,6.9802,-2.7085,134.7305,43.6833,-13.2163,77.9686,0.672378,-0.157906,-0.723169,,,,401.739,167.306,209.437,154.785,77.969,0.0,nan,84.760,2,0.422,1.4619,42.2259,4.3710,1.0000,,,3.1275,4.1341,7.2617
127,431179.451445,431179.451445,6.9515,-2.6061,134.6898,43.3402,-12.6812,77.9686,0.669587,-0.150667,-0.727292,,,,401.739,167.306,209.437,154.785,77.969,0.0,nan,84.760,2,0.503,1.4619,42.2259,4.4590,0.9278,,,3.1435,4.6709,7.8144
128,431179.484630,431179.484630,6.9589,-2.7579,134.7585,43.6071,-13.4432,77.9686,0.670812,-0.160344,-0.724087,,,,401.739,167.306,209.437,154.785,77.969,0.0,nan,84.760,2,0.588,1.4619,42.2259,4.3561,1.0000,,,3.7145,4.2535,7.9680
129,431179.516518,431179.516518,6.9592,-2.7819,134.8470,43.9224,-14.2565,77.9686,0.672321,-0.170829,-0.720279,,,,401.739,167.306,209.437,154.785,77.969,0.0,nan,84.760,2,0.645,1.4619,42.2259,4.3671,1.0000,,,3.1890,4.3806,7.5696
130,431179.544297,431179.544297,6.9466,-2.7175,134.7495,43.9057,-13.6909,77.9686,0.673770,-0.164134,-0.720482,,,,401.739,167.306,209.437,154.785,77.969,0.0,nan,84.760,2,0.393,1.4619,42.2259,4.3266,1.0000,,,3.0211,4.3962,7.4173
131,431179.573660,431179.573660,6.9698,-2.6937,134.7199,43.4002,-13.4912,77.9686,0.668131,-0.160295,-0.726572,,,,401.739,167.306,209.437,154.785,77.969,0.0,nan,84.760,2,0.524,1.4619,42.2259,4.4002,0.9889,,,3.4291,5.9463,9.3754
132,431179.596773,431179.596773,6.9847,-2.5594,134.6031,43.7187,-13.8234,77.9686,0.671102,-0.165129,-0.722741,,,,401.739,167.306,209.437,154.785,77.969,0.0,nan,84.760,2,0.392,1.4619,42.2259,4.6040,0.9222,,,3.4195,3.8700,7.2895
133,431179.625088,431179.625088,6.9610,-2.5857,134.6955,43.6482,-13.1628,77.9686,0.672094,-0.157179,-0.723591,,,,401.739,167.306,209.437,154.785,77.969,0.0,nan,84.760,2,0.462,1.4619,42.2259,4.4140,0.9222,,,3.1057,4.4259,7.5317
134,431179.647809,431179.647809,6.9505,-2.5260,134.6869,43.2494,-12.1321,77.9686,0.669873,-0.144000,-0.728378,,,,401.739,167.306,209.437,154.785,77.969,0.0,nan,84.760,2,0.813,1.4619,42.2259,4.4186,0.9056,,,2.8968,3.3076,6.2045
135,431179.680476,431179.680476,6.9851,-2.6547,134.7077,43.7148,-13.8574,77.9686,0.670956,-0.165515,-0.722788,,,,401.739,167.306,209.437,154.785,77.969,0.0,nan,84.760,2,1.275,1.4619,42.2259,4.4147,0.9722,,,3.1023,4.9950,8.0973
136,431179.704354,431179.704354,6.9711,-2.6320,134.6478,43.4508,-12.7571,77.9686,0.670755,-0.151864,-0.725965,,,,401.739,167.306,209.437,154.785,77.969,0.0,nan,84.760,2,0.803,1.4619,42.2259,4.4855,0.9667,,,3.1237,4.1770,7.3008
137,431179.732699,431179.732699,6.9519,-2.6814,134.7099,43.7222,-13.7276,77.9686,0.671419,-0.164017,-0.722700,,,,401.739,167.306,209.437,154.785,77.969,0.0,nan,84.760,2,0.722,1.4619,42.2259,4.3867,1.0000,,,3.0544,4.1028,7.1572
138,431179.760760,431179.760760,6.9624,-2.6537,134.7053,43.6341,-13.5091,77.9686,0.670959,-0.161196,-0.723761,,,,401.739,167.306,209.437,154.785,77.969,0.0,nan,84.760,2,0.175,1.4619,42.2259,4.4022,0.9722,,,2.9981,4.8929,7.8910
139,431179.785399,431179.785399,6.9384,-2.7219,134.7356,43.5934,-13.9222,77.9686,0.669280,-0.165905,-0.724251,,,,401.739,167.306,209.437,154.785,77.969,0.0,nan,84.760,2,0.288,1.4619,42.2259,4.3930,1.0000,,,3.1676,5.3057,8.4733
140,431179.812552,431179.812552,6.9835,-2.5657,134.6726,43.2441,-11.7477,77.9686,0.670757,-0.139490,-0.728442,,,,401.739,167.306,209.437,154.785,77.969,0.0,nan,84.760,2,1.535,1.4619,42.2259,4.4782,0.9111,,,3.0432,4.1775,7.2207
141,431179.836456,431179.836456,6.9621,-2.6489,134.6961,43.5330,-13.6704,77.9686,0.669260,-0.162782,-0.724978,,,,401.739,167.306,209.437,154.785,77.969,0.0,nan,84.760,2,1.352,1.4619,42.2259,4.3528,0.9722,,,3.3457,5.2917,8.6374
142,431179.864947,431179.864947,6.9702,-2.5753,134.6705,43.4411,-13.0981,77.9686,0.669719,-0.155826,-0.726082,,,,401.739,167.306,209.437,154.785,77.969,0.0,nan,84.760,2,0.404,1.4619,42.2259,4.3861,0.9222,,,3.1705,4.1231,7.2936
143,431179.892878,431179.892878,6.9734,-2.5946,134.6979,43.4899,-13.7074,77.9686,0.668626,-0.163084,-0.725495,,,,401.739,167.306,209.437,154.785,77.969,0.0,nan,84.760,2,0.422,1.4619,42.2259,4.3172,0.9278,,,3.2204,4.1894,7.4098
144,431179.916097,431179.916097,6.9628,-2.6742,134.7384,43.7280,-13.3321,77.9686,0.672607,-0.159395,-0.722629,,,,401.739,167.306,209.437,154.785,77.969,0.0,nan,84.760,2,0.352,1.4619,42.2259,4.3027,0.9944,,,3.1060,4.0457,7.1517
145,431179.940647,431179.940647,6.9537,-2.7802,134.6814,43.4714,-11.8332,77.9686,0.673372,-0.141082,-0.725717,,,,401.739,167.306,209.437,154.785,77.969,0.0,nan,84.760,2,1.065,1.4619,42.2259,4.3986,0.9889,,,3.3151,5.2729,8.5880
146,431179.968672,431179.968672,6.9876,-2.5616,134.6668,43.4703,-12.8508,77.9686,0.670746,-0.153015,-0.725731,,,,401.739,167.306,209.437,154.785,77.969,0.0,nan,84.760,2,0.700,1.4619,42.2259,4.4647,0.9222,,,3.0322,4.1451,7.1773
147,431180.001340,431180.001340,6.9938,-2.6187,134.6848,43.6905,-13.5956,77.9686,0.671407,-0.162376,-0.723082,,,,401.739,167.306,209.437,154.785,77.969,0.0,nan,84.760,2,0.559,1.4619,42.2259,4.3544,0.9500,,,3.0906,4.1360,7.2266
148,431180.028506,431180.028506,6.9661,-2.7320,134.7179,43.8668,-14.9680,77.9686,0.669471,-0.178984,-0.720953,,,,401.739,167.306,209.437,154.785,77.969,0.0,nan,84.760,2,0.966,1.4619,42.2259,4.4226,1.0000,,,3.0846,4.4405,7.5251
149,431180.048256,431180.048256,6.9605,-2.6209,134.6310,43.6138,-12.1857,77.9686,0.674252,-0.145602,-0.724006,,,,401.739,167.306,209.437,154.785,77.969,0.0,nan,84.760,2,1.940,1.4619,42.2259,4.4482,0.9389,,,3.0747,4.0292,7.1039
150,431180.080450,431180.080450,6.9596,-2.6149,134.6684,43.6776,-13.9152,77.9686,0.670332,-0.166079,-0.723237,,,,401.739,167.306,209.437,154.785,77.969,0.0,nan,84.760,2,1.195,1.4619,42.2259,4.4202,0.9611,,,3.3708,4.4822,7.8531
151,431180.116611,431180.116611,6.9824,-2.8350,134.8973,44.0710,-14.1203,77.9686,0.674534,-0.169685,-0.718478,,,,401.739,167.306,209.437,154.785,77.969,0.0,nan,84.760,2,0.418,1.4619,42.2259,4.5375,0.9944,,,3.0685,4.1353,7.2039
152,431180.144333,431180.144333,7.0012,-2.5761,134.6546,43.5874,-13.8330,77.9686,0.669463,-0.164845,-0.724324,,,,401.739,167.306,209.437,154.785,77.969,0.0,nan,84.760,2,0.523,1.4619,42.2259,4.4610,0.9222,,,3.1252,4.0804,7.2056
153,431180.168123,431180.168123,6.9370,-2.5592,134.6181,43.8674,-13.8951,77.9686,0.672713,-0.166418,-0.720945,,,,401.739,167.306,209.437,154.785,77.969,0.0,nan,84.760,2,0.283,1.4619,42.2259,4.5661,0.9222,,,3.1053,3.8993,7.0046
154,431180.196547,431180.196547,6.9856,-2.6431,134.7530,43.7409,-13.9320,77.9686,0.671059,-0.166468,-0.722474,,,,401.739,167.306,209.437,154.785,77.969,0.0,nan,84.760,2,0.129,1.4619,42.2259,4.4430,0.9722,,,2.9690,4.3664,7.3354
155,431180.227582,431180.227582,6.9774,-2.6617,134.6929,43.4362,-13.6024,77.9686,0.668262,-0.161699,-0.726140,,,,401.739,167.306,209.437,154.785,77.969,0.0,nan,84.760,2,0.380,1.4619,42.2259,4.4404,0.9722,,,3.1895,4.0598,7.2492
156,431180.264459,431180.264459,7.0341,-2.6221,134.7002,43.8334,-14.3177,77.9686,0.671053,-0.171270,-0.721356,,,,401.739,167.306,209.437,154.785,77.969,0.0,nan,84.760,2,0.634,1.4619,42.2259,4.5171,0.9667,,,3.2135,4.2855,7.4990
157,431180.284660,431180.284660,6.9830,-2.6166,134.7255,43.3971,-12.7378,77.9686,0.670142,-0.151488,-0.726610,,,,401.739,167.306,209.437,154.785,77.969,0.0,nan,84.760,2,1.174,1.4619,42.2259,4.4542,0.9278,,,3.2795,4.0934,7.3729
158,431180.311946,431180.311946,7.0317,-2.5228,134.6159,43.7324,-14.0179,77.9686,0.670704,-0.167448,-0.722577,,,,401.739,167.306,209.437,154.785,77.969,0.0,nan,84.760,2,0.944,1.4619,42.2259,4.5871,0.9167,,,3.1262,3.7643,6.8905
159,431180.360783,431180.360783,6.9778,-2.6125,134.6755,43.4226,-13.5566,77.9686,0.668223,-0.161124,-0.726304,,,,401.739,167.306,209.437,154.785,77.969,0.0,nan,84.760,2,0.444,1.4619,42.2259,4.4731,0.9333,,,3.0737,4.8650,7.9387
160,431180.384310,431180.384310,6.9939,-2.7065,134.7262,43.4025,-13.1542,77.9686,0.669090,-0.156369,-0.726545,,,,401.739,167.306,209.437,154.785,77.969,0.0,nan,84.760,2,0.277,1.4619,42.2259,4.4770,1.0000,,,3.1410,4.8422,7.9832
161,431180.412344,431180.412344,6.8978,-2.5587,134.6692,43.1539,-11.7097,77.9686,0.669727,-0.138811,-0.729519,,,,401.739,167.306,209.437,154.785,77.969,0.0,nan,84.760,2,1.021,1.4619,42.2259,4.4436,0.9167,,,3.4123,3.3217,6.7340
162,431180.436684,431180.436684,6.9823,-2.7133,134.7288,43.7028,-13.2002,77.9686,0.672663,-0.157774,-0.722933,,,,401.739,167.306,209.437,154.785,77.969,0.0,nan,84.760,2,1.162,1.4619,42.2259,4.4976,1.0000,,,3.0694,3.9975,7.0670
163,431180.471198,431180.471198,6.8328,-2.6144,134.7408,42.8885,-10.7006,77.9686,0.668740,-0.126367,-0.732679,,,,401.739,167.306,209.437,154.785,77.969,0.0,nan,84.760,2,1.898,1.4619,42.2259,4.6732,0.9500,,,3.1780,3.7442,6.9222
164,431180.496503,431180.496503,7.0093,-2.6119,134.7056,43.7429,-13.4906,77.9686,0.672346,-0.161300,-0.722449,,,,401.739,167.306,209.437,154.785,77.969,0.0,nan,84.760,2,2.096,1.4619,42.2259,4.5497,0.9444,,,3.1286,4.7686,7.8972
165,431180.524601,431180.524601,6.9963,-2.6960,134.2694,46.6442,-12.2852,77.9686,0.710454,-0.154712,-0.686527,,,,401.739,167.306,209.437,154.785,77.969,0.0,nan,84.760,2,3.025,1.4619,42.2259,5.2454,0.9833,,,3.2333,3.8717,7.1050
166,431180.548168,431180.548168,6.9930,-2.5447,134.6515,43.6432,-13.3482,77.9686,0.671520,-0.159337,-0.723652,,,,401.739,167.306,209.437,154.785,77.969,0.0,nan,84.760,2,3.094,1.4619,42.2259,4.5265,0.9111,,,3.0765,3.4001,6.4766
167,431180.580705,431180.580705,6.9740,-2.6807,134.6791,43.4654,-13.0617,77.9686,0.670118,-0.155469,-0.725790,,,,401.739,167.306,209.437,154.785,77.969,0.0,nan,84.760,2,0.266,1.4619,42.2259,4.3730,0.9833,,,3.1787,4.9437,8.1224
168,431180.612537,431180.612537,6.9687,-2.6608,134.7468,43.6286,-12.7629,77.9686,0.672933,-0.152429,-0.723828,,,,401.739,167.306,209.437,154.785,77.969,0.0,nan,84.760,2,0.263,1.4619,42.2259,4.3762,0.9722,,,3.4144,4.4740,7.8884
169,431180.636250,431180.636250,6.8446,-2.6016,134.7063,43.0634,-10.6164,77.9686,0.671119,-0.125795,-0.730599,,,,401.739,167.306,209.437,154.785,77.969,0.0,nan,84.760,2,1.578,1.4619,42.2259,4.5352,0.9333,,,3.3396,3.5813,6.9209
170,431180.660011,431180.660011,6.8071,-2.5895,134.7507,42.9322,-11.2198,77.9686,0.668115,-0.132530,-0.732160,,,,401.739,167.306,209.437,154.785,77.969,0.0,nan,84.760,2,0.432,1.4619,42.2259,4.6850,0.9333,,,3.1474,3.7919,6.9393
171,431180.686651,431180.686651,7.0122,-2.7092,134.7467,43.4703,-12.9344,77.9686,0.670523,-0.153993,-0.725731,,,,401.739,167.306,209.437,154.785,77.969,0.0,nan,84.760,2,1.291,1.4619,42.2259,4.4459,1.0000,,,3.0639,4.1043,7.1682
172,431180.717990,431180.717990,6.9861,-2.5507,134.7210,43.3400,-12.1259,77.9686,0.671013,-0.144170,-0.727294,,,,401.739,167.306,209.437,154.785,77.969,0.0,nan,84.760,2,0.571,1.4619,42.2259,4.4993,0.9111,,,3.1328,3.7629,6.8956
173,431180.740660,431180.740660,6.9698,-2.6770,134.7073,43.4467,-13.2689,77.9686,0.669321,-0.157837,-0.726014,,,,401.739,167.306,209.437,154.785,77.969,0.0,nan,84.760,2,0.792,1.4619,42.2259,4.4396,0.9833,,,3.4172,3.0387,6.4560
174,431180.768831,431180.768831,6.9759,-2.6764,134.7288,43.4040,-13.7682,77.9686,0.667394,-0.163535,-0.726527,,,,401.739,167.306,209.437,154.785,77.969,0.0,nan,84.760,2,0.346,1.4619,42.2259,4.5096,0.9833,,,3.2707,4.0465,7.3171
175,431180.792759,431180.792759,7.0197,-2.6899,134.7030,43.3877,-13.3268,77.9686,0.668433,-0.158341,-0.726722,,,,401.739,167.306,209.437,154.785,77.969,0.0,nan,84.760,2,0.304,1.4619,42.2259,4.5469,0.9889,,,3.1709,4.8828,8.0537
176,431180.820539,431180.820539,6.9506,-2.6268,134.6822,43.4340,-13.3177,77.9686,0.669029,-0.158370,-0.726167,,,,401.739,167.306,209.437,154.785,77.969,0.0,nan,84.760,2,0.047,1.4619,42.2259,4.5115,0.9667,,,3.3153,4.1429,7.4582
177,431180.848343,431180.848343,7.0244,-2.6810,134.7091,43.4338,-12.5769,77.9686,0.671018,-0.149707,-0.726169,,,,401.739,167.306,209.437,154.785,77.969,0.0,nan,84.760,2,0.509,1.4619,42.2259,4.4994,0.9833,,,3.2150,4.0515,7.2665
178,431180.872025,431180.872025,6.9951,-2.5996,134.6672,43.4435,-13.4960,77.9686,0.668650,-0.160480,-0.726053,,,,401.739,167.306,209.437,154.785,77.969,0.0,nan,84.760,2,0.632,1.4619,42.2259,4.5457,0.9333,,,2.9661,4.0234,6.9895
179,431180.900560,431180.900560,6.9815,-2.6208,134.6923,43.6560,-13.9314,77.9686,0.670021,-0.166203,-0.723498,,,,401.739,167.306,209.437,154.785,77.969,0.0,nan,84.760,2,0.368,1.4619,42.2259,4.5175,0.9667,,,3.0110,4.1114,7.1224
180,431180.924293,431180.924293,7.0332,-2.5750,134.5269,45.0020,-13.9018,77.9686,0.686418,-0.169895,-0.707082,,,,401.739,167.306,209.437,154.785,77.969,0.0,nan,84.760,2,1.346,1.4619,42.2259,4.7648,0.9333,,,3.4943,5.9627,9.4571
181,431180.952546,431180.952546,6.8671,-2.5887,134.6722,43.1068,-11.0274,77.9686,0.670743,-0.130712,-0.730081,,,,401.739,167.306,209.437,154.785,77.969,0.0,nan,84.760,2,2.754,1.4619,42.2259,4.5054,0.9222,,,3.5610,3.3438,6.9048
182,431180.980106,431180.980106,6.9561,-2.6911,134.7211,43.6790,-12.8735,77.9686,0.673258,-0.153869,-0.723220,,,,401.739,167.306,209.437,154.785,77.969,0.0,nan,84.760,2,1.391,1.4619,42.2259,4.2752,1.0000,,,3.4640,4.1060,7.5700
183,431181.005655,431181.005655,6.9824,-2.5890,134.6788,43.4877,-13.0922,77.9686,0.670310,-0.155890,-0.725522,,,,401.739,167.306,209.437,154.785,77.969,0.0,nan,84.760,2,0.244,1.4619,42.2259,4.4748,0.9222,,,3.0628,4.0332,7.0960
184,431181.028127,431181.028127,6.9690,-2.4929,134.5500,43.0822,-11.7881,77.9686,0.668641,-0.139541,-0.730374,,,,401.739,167.306,209.437,154.785,77.969,0.0,nan,84.760,2,0.982,1.4619,42.2259,4.7117,0.9000,,,3.0170,3.3826,6.3995
185,431181.056512,431181.056512,6.9626,-2.5224,134.6633,43.2262,-11.8954,77.9686,0.670172,-0.141172,-0.728656,,,,401.739,167.306,209.437,154.785,77.969,0.0,nan,84.760,2,0.162,1.4619,42.2259,4.5161,0.9056,,,3.0612,3.2977,6.3589
186,431181.080435,431181.080435,6.9927,-2.6032,134.6847,43.6555,-13.6632,77.9686,0.670786,-0.163064,-0.723503,,,,401.739,167.306,209.437,154.785,77.969,0.0,nan,84.760,2,1.289,1.4619,42.2259,4.4349,0.9333,,,2.8416,4.3407,7.1823
187,431181.105058,431181.105058,6.7665,-2.5662,134.7479,42.9054,-10.5437,77.9686,0.669295,-0.124574,-0.732479,,,,401.739,167.306,209.437,154.785,77.969,0.0,nan,84.760,2,2.266,1.4619,42.2259,4.6958,0.9333,,,3.2768,3.6365,6.9133
188,431181.132172,431181.132172,7.0576,-2.5513,134.6252,43.2247,-14.5122,77.9686,0.663010,-0.171617,-0.728674,,,,401.739,167.306,209.437,154.785,77.969,0.0,nan,84.760,2,2.728,1.4619,42.2259,4.6321,0.9278,,,3.0565,3.8121,6.8685
189,431181.160000,431181.160000,6.9831,-2.7482,134.7506,43.6556,-13.4197,77.9686,0.671474,-0.160211,-0.723502,,,,401.739,167.306,209.437,154.785,77.969,0.0,nan,84.760,2,0.866,1.4619,42.2259,4.4454,1.0000,,,3.0250,4.1118,7.1369
190,431181.188709,431181.188709,6.9595,-2.6418,134.6969,43.4193,-13.1834,77.9686,0.669218,-0.156759,-0.726343,,,,401.739,167.306,209.437,154.785,77.969,0.0,nan,84.760,2,0.287,1.4619,42.2259,4.5197,0.9500,,,3.0602,4.0792,7.1394
191,431181.216935,431181.216935,6.9758,-2.6595,134.7023,43.4893,-13.2498,77.9686,0.669898,-0.157738,-0.725503,,,,401.739,167.306,209.437,154.785,77.969,0.0,nan,84.760,2,0.084,1.4619,42.2259,4.4454,0.9722,,,3.1183,4.1209,7.2392
192,431181.244617,431181.244617,6.7721,-2.5390,134.7508,42.9277,-10.4825,77.9686,0.669708,-0.123912,-0.732214,,,,401.739,167.306,209.437,154.785,77.969,0.0,nan,84.760,2,1.976,1.4619,42.2259,4.6664,0.9222,,,3.2055,3.6743,6.8798
193,431181.268658,431181.268658,6.7591,-2.6076,134.7336,42.9425,-10.1283,77.9686,0.670648,-0.119802,-0.732038,,,,401.739,167.306,209.437,154.785,77.969,0.0,nan,84.760,2,0.242,1.4619,42.2259,4.7109,0.9556,,,3.0495,3.6393,6.6887
194,431181.296207,431181.296207,6.7708,-2.5809,134.6948,43.0338,-11.0856,77.9686,0.669696,-0.131214,-0.730951,,,,401.739,167.306,209.437,154.785,77.969,0.0,nan,84.760,2,0.659,1.4619,42.2259,4.6398,0.9333,,,3.0913,3.5918,6.6832
195,431181.325569,431181.325569,6.9617,-2.5948,134.6824,43.4964,-13.1887,77.9686,0.670154,-0.157044,-0.725417,,,,401.739,167.306,209.437,154.785,77.969,0.0,nan,84.760,2,1.514,1.4619,42.2259,4.3720,0.9278,,,3.1026,4.1175,7.2201
196,431181.348501,431181.348501,7.0032,-2.6288,134.7006,43.5325,-13.4816,77.9686,0.669786,-0.160575,-0.724984,,,,401.739,167.306,209.437,154.785,77.969,0.0,nan,84.760,2,0.205,1.4619,42.2259,4.4094,0.9389,,,3.0701,4.7650,7.8351
197,431181.376107,431181.376107,6.9768,-2.4547,134.5884,43.5789,-13.3294,77.9686,0.670782,-0.158930,-0.724426,,,,401.739,167.306,209.437,154.785,77.969,0.0,nan,84.760,2,0.115,1.4619,42.2259,4.5744,0.8944,,,3.1436,3.2294,6.3730
198,431181.404541,431181.404541,6.9597,-2.6398,134.6791,43.6343,-13.4889,77.9686,0.671018,-0.160959,-0.723759,,,,401.739,167.306,209.437,154.785,77.969,0.0,nan,84.760,2,0.123,1.4619,42.2259,4.3053,0.9667,,,3.0255,4.5113,7.5369
199,431181.432968,431181.432968,6.8775,-2.6057,134.6694,43.3772,-12.3917,77.9686,0.670798,-0.147383,-0.726848,,,,401.739,167.306,209.437,154.785,77.969,0.0,nan,84.760,2,0.798,1.4619,42.2259,4.3808,0.9333,,,3.0548,4.0884,7.1432
200,431181.456237,431181.456237,6.9122,-2.5907,134.6765,43.4644,-12.1015,77.9686,0.672617,-0.144215,-0.725802,,,,401.739,167.306,209.437,154.785,77.969,0.0,nan,84.760,2,0.218,1.4619,42.2259,4.3584,0.9222,,,3.1626,3.2920,6.4546
201,431181.484656,431181.484656,6.7495,-2.5670,134.8307,42.4687,-9.2191,77.9686,0.666466,-0.108172,-0.737646,,,,401.739,167.306,209.437,154.785,77.969,0.0,nan,84.760,2,2.202,1.4619,42.2259,4.7186,0.9444,,,3.3084,2.2654,5.5738
202,431181.512678,431181.512678,6.8876,-2.7220,134.7259,43.4004,-13.7630,77.9686,0.667365,-0.163463,-0.726570,,,,401.739,167.306,209.437,154.785,77.969,0.0,nan,84.760,2,3.232,1.4619,42.2259,4.3283,1.0000,,,3.0325,5.0215,8.0540
203,431181.544959,431181.544959,6.9117,-2.8088,134.8129,43.5416,-13.9239,77.9686,0.668639,-0.165767,-0.724875,,,,401.739,167.306,209.437,154.785,77.969,0.0,nan,84.760,2,0.179,1.4619,42.2259,4.4405,1.0000,,,3.1535,4.0620,7.2155
204,431181.572406,431181.572406,6.7861,-2.5740,134.7586,42.8365,-10.6957,77.9686,0.668097,-0.126186,-0.733296,,,,401.739,167.306,209.437,154.785,77.969,0.0,nan,84.760,2,2.319,1.4619,42.2259,4.6579,0.9333,,,3.0934,3.5986,6.6920
205,431181.596476,431181.596476,6.9646,-2.5446,134.5943,44.0050,-13.8061,77.9686,0.674650,-0.165786,-0.719279,,,,401.739,167.306,209.437,154.785,77.969,0.0,nan,84.760,2,2.436,1.4619,42.2259,4.4728,0.9167,,,3.2268,3.9061,7.1329
206,431181.620746,431181.620746,6.9657,-2.6026,134.6559,43.5821,-13.3065,77.9686,0.670885,-0.158671,-0.724388,,,,401.739,167.306,209.437,154.785,77.969,0.0,nan,84.760,2,0.546,1.4619,42.2259,4.3186,0.9333,,,2.9683,4.1033,7.0716
207,431181.653711,431181.653711,6.9720,-2.6404,134.6841,43.4454,-13.4385,77.9686,0.668835,-0.159814,-0.726030,,,,401.739,167.306,209.437,154.785,77.969,0.0,nan,84.760,2,0.164,1.4619,42.2259,4.3405,0.9667,,,3.1137,4.7343,7.8480
208,431181.680302,431181.680302,7.0059,-2.6010,134.6450,43.7065,-13.4500,77.9686,0.672013,-0.160716,-0.722889,,,,401.739,167.306,209.437,154.785,77.969,0.0,nan,84.760,2,0.261,1.4619,42.2259,4.4832,0.9333,,,3.3466,5.0040,8.3506
209,431181.704059,431181.704059,6.9953,-2.5764,134.6252,43.4764,-12.9948,77.9686,0.670435,-0.154718,-0.725658,,,,401.739,167.306,209.437,154.785,77.969,0.0,nan,84.760,2,0.389,1.4619,42.2259,4.4837,0.9222,,,3.6742,4.6474,8.3216
210,431181.732713,431181.732713,6.9683,-2.6871,134.6933,43.4951,-13.7482,77.9686,0.668573,-0.163576,-0.725433,,,,401.739,167.306,209.437,154.785,77.969,0.0,nan,84.760,2,0.519,1.4619,42.2259,4.4718,0.9833,,,3.8818,4.9246,8.8064
211,431181.760872,431181.760872,6.8646,-2.4809,134.8031,42.5114,-11.7408,77.9686,0.661599,-0.137502,-0.737143,,,,401.739,167.306,209.437,154.785,77.969,0.0,nan,84.760,2,1.686,1.4619,42.2259,4.7489,0.8944,,,3.0752,3.3490,6.4242
212,431181.788725,431181.788725,7.0163,-2.5481,134.6766,43.6495,-13.9606,77.9686,0.669856,-0.166524,-0.723576,,,,401.739,167.306,209.437,154.785,77.969,0.0,nan,84.760,2,1.896,1.4619,42.2259,4.6238,0.9222,,,3.0284,4.0237,7.0522
213,431181.816146,431181.816146,6.9916,-2.6250,134.7027,43.8150,-13.7755,77.9686,0.672417,-0.164857,-0.721580,,,,401.739,167.306,209.437,154.785,77.969,0.0,nan,84.760,2,0.209,1.4619,42.2259,4.4953,0.9722,,,3.1225,4.2849,7.4074
214,431181.840044,431181.840044,6.8539,-2.5518,134.7419,42.9244,-10.3731,77.9686,0.669902,-0.122625,-0.732253,,,,401.739,167.306,209.437,154.785,77.969,0.0,nan,84.760,2,2.500,1.4619,42.2259,4.6107,0.9167,,,3.0259,3.3003,6.3262
215,431181.868574,431181.868574,6.9757,-2.6225,134.6783,43.5748,-13.6482,77.9686,0.669837,-0.162647,-0.724475,,,,401.739,167.306,209.437,154.785,77.969,0.0,nan,84.760,2,2.336,1.4619,42.2259,4.4553,0.9611,,,3.1700,4.1905,7.3605
216,431181.896577,431181.896577,6.9611,-2.5918,134.6942,43.4804,-12.6390,77.9686,0.671432,-0.150563,-0.725610,,,,401.739,167.306,209.437,154.785,77.969,0.0,nan,84.760,2,0.701,1.4619,42.2259,4.4209,0.9278,,,3.1270,3.9993,7.1264
217,431181.920125,431181.920125,7.0505,-2.5761,134.6586,43.6139,-12.7991,77.9686,0.672656,-0.152813,-0.724005,,,,401.739,167.306,209.437,154.785,77.969,0.0,nan,84.760,2,0.173,1.4619,42.2259,4.4809,0.9222,,,3.2561,4.8760,8.1321
218,431181.944409,431181.944409,7.0056,-2.5897,134.6528,43.6865,-14.0190,77.9686,0.670140,-0.167321,-0.723130,,,,401.739,167.306,209.437,154.785,77.969,0.0,nan,84.760,2,0.845,1.4619,42.2259,4.5418,0.9333,,,3.1448,4.2245,7.3693
219,431181.980081,431181.980081,7.0402,-2.7936,134.8973,43.5236,-14.1846,77.9686,0.667657,-0.168752,-0.725091,,,,401.739,167.306,209.437,154.785,77.969,0.0,nan,84.760,2,0.199,1.4619,42.2259,4.5269,1.0000,,,3.2921,4.1524,7.4445
220,431182.004898,431182.004898,6.9693,-2.5212,134.5943,43.7186,-13.2983,77.9686,0.672585,-0.158971,-0.722743,,,,401.739,167.306,209.437,154.785,77.969,0.0,nan,84.760,2,0.642,1.4619,42.2259,4.7168,0.9111,,,3.5196,4.2408,7.7604
221,431182.037596,431182.037596,6.8005,-2.5471,134.7652,42.6144,-10.1776,77.9686,0.666407,-0.119637,-0.735927,,,,401.739,167.306,209.437,154.785,77.969,0.0,nan,84.760,2,2.403,1.4619,42.2259,4.7242,0.9222,,,3.1297,3.6839,6.8136
222,431182.059659,431182.059659,6.9474,-2.7131,134.7206,43.6925,-13.9126,77.9686,0.670523,-0.166094,-0.723057,,,,401.739,167.306,209.437,154.785,77.969,0.0,nan,84.760,2,2.772,1.4619,42.2259,4.4556,1.0000,,,3.1017,4.1536,7.2553
223,431182.094315,431182.094315,6.9845,-2.6510,134.6779,43.4678,-13.7082,77.9686,0.668351,-0.163027,-0.725761,,,,401.739,167.306,209.437,154.785,77.969,0.0,nan,84.760,2,0.265,1.4619,42.2259,4.5605,0.9722,,,3.2172,5.2673,8.4845
224,431182.127720,431182.127720,6.9422,-2.7769,134.6924,43.8309,-13.3206,77.9686,0.673900,-0.159559,-0.721387,,,,401.739,167.306,209.437,154.785,77.969,0.0,nan,84.760,2,0.451,1.4619,42.2259,4.4597,1.0000,,,3.1894,4.0865,7.2759
225,431182.166231,431182.166231,6.7720,-2.5793,134.7024,43.0069,-11.4223,77.9686,0.668577,-0.135079,-0.731272,,,,401.739,167.306,209.437,154.785,77.969,0.0,nan,84.760,2,1.543,1.4619,42.2259,4.6995,0.9389,,,3.3512,3.6993,7.0505
226,431182.196170,431182.196170,7.0137,-2.5832,134.6448,43.5133,-13.1668,77.9686,0.670422,-0.156836,-0.725215,,,,401.739,167.306,209.437,154.785,77.969,0.0,nan,84.760,2,1.298,1.4619,42.2259,4.5098,0.9222,,,3.0848,4.1642,7.2490
227,431182.228995,431182.228995,6.7534,-2.5913,134.7111,42.8105,-9.4220,77.9686,0.670407,-0.111249,-0.733606,,,,401.739,167.306,209.437,154.785,77.969,0.0,nan,84.760,2,2.656,1.4619,42.2259,4.7397,0.9500,,,3.2890,3.6681,6.9570
228,431182.259972,431182.259972,6.7977,-2.5999,134.6813,42.9462,-10.8252,77.9686,0.669188,-0.127960,-0.731993,,,,401.739,167.306,209.437,154.785,77.969,0.0,nan,84.760,2,0.964,1.4619,42.2259,4.7041,0.9444,,,3.0719,3.5942,6.6660
229,431182.292483,431182.292483,6.9690,-2.5914,134.5545,44.5668,-13.3325,77.9686,0.682827,-0.161822,-0.712433,,,,401.739,167.306,209.437,154.785,77.969,0.0,nan,84.760,2,2.373,1.4619,42.2259,4.7160,0.9500,,,3.1282,3.8866,7.0148
230,431182.323874,431182.323874,6.9725,-2.6884,134.7222,43.6542,-13.4384,77.9686,0.671404,-0.160427,-0.723519,,,,401.739,167.306,209.437,154.785,77.969,0.0,nan,84.760,2,0.916,1.4619,42.2259,4.4272,0.9944,,,3.2071,4.0498,7.2569
231,431182.345561,431182.345561,6.9151,-2.8105,134.7507,43.7074,-14.0827,77.9686,0.670209,-0.168130,-0.722878,,,,401.739,167.306,209.437,154.785,77.969,0.0,nan,84.760,2,0.448,1.4619,42.2259,4.3464,1.0000,,,3.2942,5.3484,8.6425
232,431182.400394,431182.400394,6.7631,-2.5245,134.5557,43.6295,-11.2441,77.9686,0.676748,-0.134542,-0.723816,,,,401.739,167.306,209.437,154.785,77.969,0.0,nan,84.760,2,1.961,1.4619,42.2259,4.9223,0.9056,,,3.0975,3.2525,6.3500
233,431182.428751,431182.428751,6.9256,-2.4404,134.7160,43.0548,-10.3632,77.9686,0.671560,-0.122809,-0.730702,,,,401.739,167.306,209.437,154.785,77.969,0.0,nan,84.760,2,0.834,1.4619,42.2259,4.6781,0.8611,,,3.1432,3.3909,6.5341
234,431182.467405,431182.467405,6.9462,-2.7340,134.7115,43.5950,-13.5796,77.9686,0.670279,-0.161906,-0.724232,,,,401.739,167.306,209.437,154.785,77.969,0.0,nan,84.760,2,2.272,1.4619,42.2259,4.3985,1.0000,,,3.1073,4.0514,7.1586
235,431182.509282,431182.509282,6.9386,-2.5872,134.6801,43.2999,-13.3180,77.9686,0.667373,-0.157982,-0.727774,,,,401.739,167.306,209.437,154.785,77.969,0.0,nan,84.760,2,0.346,1.4619,42.2259,4.5561,0.9278,,,3.1158,4.1674,7.2831
236,431182.535354,431182.535354,6.9837,-2.5054,134.4418,44.0186,-10.5397,77.9686,0.683169,-0.127107,-0.719114,,,,401.739,167.306,209.437,154.785,77.969,0.0,nan,84.760,2,2.048,1.4619,42.2259,5.0082,0.9000,,,3.0965,3.3110,6.4074
237,431182.560652,431182.560652,6.8873,-2.7796,134.7226,43.8691,-14.3377,77.9686,0.671427,-0.171616,-0.720925,,,,401.739,167.306,209.437,154.785,77.969,0.0,nan,84.760,2,2.640,1.4619,42.2259,4.6213,1.0000,,,3.1231,5.6156,8.7387
238,431182.588169,431182.588169,6.9811,-2.5333,134.5658,44.1436,-13.5985,77.9686,0.676935,-0.163749,-0.717597,,,,401.739,167.306,209.437,154.785,77.969,0.0,nan,84.760,2,0.582,1.4619,42.2259,4.5702,0.9111,,,3.1834,3.8422,7.0257
239,431182.620447,431182.620447,6.9525,-2.6581,134.6870,43.6205,-13.8543,77.9686,0.669809,-0.165194,-0.723925,,,,401.739,167.306,209.437,154.785,77.969,0.0,nan,84.760,2,0.552,1.4619,42.2259,4.4658,0.9778,,,3.0933,5.0146,8.1078
240,431182.644624,431182.644624,6.9627,-2.7746,134.7547,43.7481,-13.4941,77.9686,0.672400,-0.161356,-0.722387,,,,401.739,167.306,209.437,154.785,77.969,0.0,nan,84.760,2,0.280,1.4619,42.2259,4.4696,1.0000,,,3.6063,4.0443,7.6506
241,431182.673139,431182.673139,6.9920,-2.6221,134.7148,43.6136,-13.1337,77.9686,0.671749,-0.156737,-0.724008,,,,401.739,167.306,209.437,154.785,77.969,0.0,nan,84.760,2,0.283,1.4619,42.2259,4.4061,0.9333,,,3.3063,4.1133,7.4197
242,431182.700482,431182.700482,6.9542,-2.7154,134.7365,43.7939,-14.0292,77.9686,0.671423,-0.167768,-0.721834,,,,401.739,167.306,209.437,154.785,77.969,0.0,nan,84.760,2,0.644,1.4619,42.2259,4.4569,1.0000,,,3.1141,5.0691,8.1832
243,431182.728654,431182.728654,6.9358,-2.5156,134.6540,43.4476,-12.4263,77.9686,0.671581,-0.147980,-0.726003,,,,401.739,167.306,209.437,154.785,77.969,0.0,nan,84.760,2,1.159,1.4619,42.2259,4.4704,0.9111,,,3.9597,3.6935,7.6532
244,431182.753404,431182.753404,6.9727,-2.6366,134.7779,43.4513,-11.7923,77.9686,0.673223,-0.140549,-0.725959,,,,401.739,167.306,209.437,154.785,77.969,0.0,nan,84.760,2,0.436,1.4619,42.2259,4.5443,0.9278,,,3.5074,4.3832,7.8906
245,431182.780549,431182.780549,6.9140,-2.8015,134.7237,43.8013,-14.0903,77.9686,0.671335,-0.168506,-0.721744,,,,401.739,167.306,209.437,154.785,77.969,0.0,nan,84.760,2,1.624,1.4619,42.2259,4.4506,1.0000,,,3.0407,4.1016,7.1423
246,431182.804720,431182.804720,6.9787,-2.6176,134.6753,43.5816,-13.6874,77.9686,0.669809,-0.163126,-0.724394,,,,401.739,167.306,209.437,154.785,77.969,0.0,nan,84.760,2,0.355,1.4619,42.2259,4.3780,0.9611,,,3.0974,5.1909,8.2883
247,431182.832345,431182.832345,6.8991,-2.7952,134.7116,44.0475,-12.8969,77.9686,0.677716,-0.155179,-0.718763,,,,401.739,167.306,209.437,154.785,77.969,0.0,nan,84.760,2,0.719,1.4619,42.2259,4.3753,1.0000,,,3.4068,4.7164,8.1232
248,431182.860725,431182.860725,6.8592,-2.6077,134.7138,43.2003,-11.2205,77.9686,0.671466,-0.133204,-0.728965,,,,401.739,167.306,209.437,154.785,77.969,0.0,nan,84.760,2,1.434,1.4619,42.2259,4.4778,0.9333,,,3.2604,3.3635,6.6239
249,431182.885142,431182.885142,6.8864,-2.5103,134.5624,43.4624,-9.2954,77.9686,0.678845,-0.111109,-0.725826,,,,401.739,167.306,209.437,154.785,77.969,0.0,nan,84.760,2,1.347,1.4619,42.2259,4.8317,0.8944,,,3.6100,3.3444,6.9544
