# generated, 2026-08-28T22:18:44+00:00
# source, /Users/meli/Desktop/Kevin/UCB/FlyingRobotsLinLiweiLab/ESP32_PMW/results/flights/2026-08-28_135533
frame,t_capture,t_host,x_mm,y_mm,z_mm,theta_deg,phi_deg,psi_deg,nx,ny,nz,vx_mm_s,vy_mm_s,vz_mm_s,ellipse_cx,ellipse_cy,major_px,minor_px,ellipse_deg,area_px,fit_rms_px,ambiguity_margin_deg,n_solutions,jump_deg,t_seg_ms,t_est_ms,t_total_ms
0,359021.753025,359021.753025,-0.0670,0.4483,-0.1666,0.9758,-86.5259,95.1512,0.001032,-0.016998,0.999855,,,,614.150,384.028,422.686,362.973,95.151,51299.0,1.7429,61.277,2,,101.1956,6.3040,107.4997
1,359021.785731,359021.785731,-0.0558,0.3190,-0.1330,0.4831,-87.9639,94.0877,0.000300,-0.008427,0.999964,,,,614.683,386.321,422.636,363.032,94.088,51274.0,1.6422,61.221,2,0.493,68.9200,5.5307,74.4507
2,359021.808721,359021.808721,-0.0414,0.1977,-0.0831,0.3462,-84.2152,93.7715,0.000609,-0.006012,0.999982,,,,615.482,389.121,422.919,363.451,93.772,51415.0,1.5610,61.127,2,0.139,34.3912,5.1384,39.5296
3,359021.828462,359021.828462,-0.0318,0.0963,-0.0360,0.1591,-110.7499,93.3444,-0.000984,-0.002597,0.999996,,,,616.181,391.714,422.922,363.975,93.344,51438.0,1.7015,60.848,2,0.216,53.8842,5.8346,59.7188
4,359021.849719,359021.849719,-0.0170,-0.0073,0.0028,0.1937,-92.8655,93.2579,-0.000169,-0.003377,0.999994,,,,616.894,393.367,423.213,364.288,93.258,51516.0,1.6009,60.814,2,0.065,39.4098,5.1758,44.5856
5,359021.871938,359021.871938,0.0122,-0.0598,0.0352,0.0800,64.1630,92.6114,0.000608,0.001256,0.999999,,,,617.765,394.635,423.021,364.721,92.611,51565.0,1.5559,60.493,2,0.269,49.2088,5.9894,55.1982
6,359021.887073,359021.887073,0.0320,-0.0634,0.0478,0.1287,65.3114,92.5103,0.000938,0.002041,0.999997,,,,618.249,394.789,423.012,364.564,92.510,51524.0,1.8772,60.573,2,0.049,34.7231,5.1632,39.8863
7,359021.912203,359021.912203,0.0383,-0.0804,0.0452,0.2149,90.1280,92.2881,-0.000008,0.003750,0.999993,,,,618.327,395.165,423.075,364.621,92.288,51531.0,1.5964,60.571,2,0.112,42.3130,5.3968,47.7098
8,359021.929834,359021.929834,0.0425,-0.1403,0.0803,0.3047,99.6846,92.1314,-0.000895,0.005243,0.999986,,,,618.782,396.740,423.092,364.875,92.131,51565.0,2.0260,60.442,2,0.099,114.9426,10.6491,125.5917
9,359021.952287,359021.952287,0.0368,-0.2083,0.0770,0.4243,91.6947,91.8092,-0.000219,0.007402,0.999973,,,,618.633,398.173,423.317,364.909,91.809,51495.0,1.8374,60.528,2,0.130,41.1438,6.1305,47.2743
10,359021.965101,359021.965101,0.0262,-0.2454,0.0653,0.4673,94.2540,91.6753,-0.000605,0.008133,0.999967,,,,618.340,398.728,423.254,364.926,91.675,51563.0,1.7707,60.490,2,0.047,53.2542,3.7276,56.9818
11,359021.988031,359021.988031,0.0250,-0.2565,0.0651,0.5502,93.6260,91.4960,-0.000607,0.009584,0.999954,,,,618.314,399.185,423.316,365.032,91.496,51528.0,1.8151,60.462,2,0.083,39.7119,4.6894,44.4013
12,359022.008667,359022.008667,0.0512,-0.3234,0.0962,0.5702,99.3487,91.4968,-0.001617,0.009819,0.999950,,,,619.132,400.613,423.341,365.273,91.497,51538.0,1.7300,60.344,2,0.059,34.5001,5.7137,40.2139
13,359022.028338,359022.028338,0.0658,-0.4104,0.1425,0.7343,102.5035,91.1632,-0.002774,0.012511,0.999918,,,,619.905,402.895,423.279,365.479,91.163,51582.0,1.9205,60.205,2,0.168,46.1983,8.9376,55.1359
14,359022.048773,359022.048773,0.1133,-0.6094,0.1723,0.7724,105.2837,90.8458,-0.003553,0.013003,0.999909,,,,621.082,406.404,423.434,365.903,90.846,51651.0,1.6274,60.048,2,0.053,42.6833,5.2586,47.9419
15,359022.068273,359022.068273,0.1282,-0.9125,0.1997,1.4047,102.4236,89.3946,-0.005274,0.023940,0.999699,,,,621.635,414.331,423.753,366.399,89.395,51605.0,1.8564,59.931,2,0.634,77.9327,4.1603,82.0930
16,359022.088719,359022.088719,0.1238,-1.3151,0.1871,1.8906,104.5019,87.8730,-0.008261,0.031940,0.999456,,,,621.494,421.041,423.730,366.395,87.873,51488.0,1.8458,59.927,2,0.490,47.6507,4.0462,51.6969
17,359022.113214,359022.113214,0.1042,-1.8853,0.1387,2.5768,107.9251,86.3884,-0.013837,0.042776,0.998989,,,,620.609,433.321,423.587,366.160,86.388,51237.0,1.9522,59.996,2,0.699,39.3947,5.4231,44.8178
18,359022.128221,359022.128221,0.1033,-2.2263,0.0612,3.5581,109.6416,84.2541,-0.020861,0.058450,0.998072,,,,619.768,440.861,423.162,364.865,84.254,51156.0,1.8570,60.507,2,0.986,48.7459,7.3078,56.0537
19,359022.145500,359022.145500,-1.6089,-2.5414,0.7916,62.4448,-177.7437,82.4752,-0.885878,-0.034903,0.462604,,,,618.478,446.407,422.856,364.073,82.475,51110.0,2.3535,60.800,2,61.435,46.2937,4.1286,50.4224
20,359022.169775,359022.169775,-1.6370,-2.8680,0.6941,62.5619,-177.0164,80.9844,-0.886306,-0.046195,0.460790,,,,616.853,453.116,422.583,362.904,80.984,50972.0,1.8484,61.309,2,0.656,41.3598,3.7857,45.1455
21,359022.191871,359022.191871,-1.6509,-3.3004,0.6054,62.9614,-176.5833,80.3112,-0.889117,-0.053084,0.454591,,,,615.681,461.775,422.581,360.791,80.311,50723.0,1.5364,62.432,2,0.555,43.3131,3.8940,47.2071
22,359022.210099,359022.210099,-1.6720,-3.5058,0.5746,62.8640,-175.7819,78.5327,-0.887516,-0.065456,0.456105,,,,614.848,467.118,422.066,360.113,78.533,50612.0,1.4662,62.569,2,0.720,41.1828,2.7965,43.9792
23,359022.233484,359022.233484,-1.6652,-3.8260,0.5125,63.1573,-175.3135,77.6848,-0.889267,-0.072901,0.451542,,,,614.289,473.533,421.605,358.710,77.685,50467.0,1.4733,63.105,2,0.510,37.8435,3.4489,41.2924
24,359022.248821,359022.248821,-1.6612,-3.9337,0.4993,63.2932,-175.1492,77.4390,-0.890118,-0.075539,0.449426,,,,614.249,474.982,421.487,358.198,77.439,50495.0,1.5244,63.321,2,0.200,43.2545,3.7277,46.9822
25,359022.272136,359022.272136,-1.6537,-4.0928,0.4711,63.4118,-174.9217,76.9709,-0.890736,-0.079156,0.447575,,,,614.062,478.300,421.475,357.612,76.971,50334.0,1.4446,63.624,2,0.235,33.6721,3.6008,37.2729
26,359022.288856,359022.288856,-1.6547,-4.2049,0.4505,63.4897,-174.6443,76.4505,-0.890948,-0.083524,0.446358,,,,613.804,480.522,421.382,357.141,76.451,50292.0,1.7474,63.830,2,0.260,36.9923,3.1125,40.1048
27,359022.313454,359022.313454,-1.6457,-4.3853,0.4378,63.6516,-174.4671,76.1815,-0.891937,-0.086401,0.443828,,,,613.849,484.103,421.300,356.347,76.182,50205.0,1.5955,64.206,2,0.227,32.9913,3.3035,36.2948
28,359022.328485,359022.328485,-1.6409,-4.5664,0.4196,63.8221,-174.1563,75.6699,-0.892765,-0.091372,0.441159,,,,613.753,487.653,421.054,355.648,75.670,50141.0,1.4874,64.463,2,0.327,37.5531,2.8987,40.4518
29,359022.352886,359022.352886,-1.6357,-4.9486,0.3692,64.1522,-173.5445,74.5636,-0.894249,-0.101184,0.435983,,,,613.292,495.382,420.952,353.881,74.564,50033.0,1.5015,65.328,2,0.641,33.8023,3.9258,37.7282
30,359022.370157,359022.370157,-1.6562,-5.2438,0.3133,64.2511,-172.8560,73.2035,-0.893714,-0.112015,0.434428,,,,612.229,501.523,420.222,352.783,73.204,49884.0,1.5927,65.586,2,0.628,35.5607,2.8531,38.4138
31,359022.390287,359022.390287,-1.8965,-5.6753,0.2336,65.1331,-172.0443,72.0535,-0.898555,-0.125576,0.420512,,,,607.090,512.022,420.460,345.807,72.054,49706.0,1.6601,69.126,2,1.147,34.2201,4.0393,38.2595
36,359022.489576,359022.489576,-2.9841,-7.5980,-0.7640,68.4759,-169.5765,69.3253,-0.914911,-0.168306,0.366893,,,,576.919,549.395,418.912,328.250,69.325,48171.0,1.6080,76.654,2,4.039,34.2199,2.7948,37.0147
89,359023.551677,359023.551677,-2.0539,-3.8580,-11.6983,31.7267,173.2196,87.0881,-0.522190,0.062086,-0.850566,,,,456.048,467.598,390.817,206.404,87.088,37672.0,1.3627,116.069,2,81.069,35.1543,5.3543,40.5086
91,359023.592758,359023.592758,-1.9506,-2.5566,-11.8782,30.2872,176.9613,90.3077,-0.503625,0.026735,-0.863509,,,,459.289,437.599,391.040,208.750,90.308,37743.0,1.1930,115.293,2,2.405,41.2411,4.6233,45.8645
92,359023.609026,359023.609026,-1.9709,-2.1432,-11.7691,29.6958,179.6879,91.0525,-0.495387,0.002698,-0.868668,,,,461.183,430.722,390.465,210.986,91.052,37942.0,1.2221,114.406,2,1.486,35.8498,5.7606,41.6105
93,359023.632667,359023.632667,-1.6149,-1.4008,-11.7129,29.3463,-177.4778,92.3166,-0.489612,-0.021567,-0.871673,,,,468.628,417.961,390.142,214.435,92.317,37804.0,1.3265,113.133,2,1.439,42.7618,5.0614,47.8232
95,359023.664308,359023.664308,-1.0529,-0.2111,-11.1319,27.8163,-176.3466,94.5839,-0.465689,-0.029735,-0.884449,,,,485.242,393.854,390.810,224.650,94.584,38415.0,1.1810,109.634,2,1.623,62.5360,4.9380,67.4740
96,359023.688803,359023.688803,-1.0071,0.3383,-10.6275,27.2939,-174.9105,95.9680,-0.456746,-0.040679,-0.888666,,,,491.301,382.405,392.159,230.083,95.968,39060.0,1.3458,107.958,2,0.845,45.4547,8.6598,54.1145
111,359023.984875,359023.984875,2.5234,1.2357,-3.0062,5.7941,-15.0300,98.1617,0.097500,-0.026180,0.994891,,,,627.033,365.623,407.139,334.696,98.162,46356.0,1.1730,69.089,2,21.937,38.2718,7.5575,45.8293
112,359024.000800,359024.000800,2.6768,1.1891,-2.9129,5.5202,-16.1719,98.1398,0.092391,-0.026793,0.995362,,,,630.721,366.820,407.207,336.238,98.140,46487.0,1.1809,68.346,2,0.296,33.9634,5.4792,39.4426
113,359024.021809,359024.021809,2.8098,1.1832,-2.8288,5.4337,-13.5690,97.5057,0.092051,-0.022217,0.995506,,,,633.923,367.109,407.191,337.407,97.506,46442.0,1.1681,67.748,2,0.263,38.0340,6.1537,44.1877
114,359024.041910,359024.041910,2.8305,1.1438,-2.7958,5.3163,-13.9037,97.4251,0.089939,-0.022264,0.995698,,,,634.662,367.820,407.371,338.371,97.425,46483.0,1.3162,67.335,2,0.122,35.8726,5.5038,41.3764
115,359024.060745,359024.060745,2.8394,1.1085,-2.7708,5.2467,-14.0479,97.3045,0.088710,-0.022197,0.995810,,,,635.095,368.327,407.320,338.469,97.305,46485.0,1.1698,67.263,2,0.071,36.3230,5.5440,41.8670
116,359024.080882,359024.080882,2.8531,1.0327,-2.7260,5.1506,-13.6497,96.9414,0.087239,-0.021185,0.995962,,,,635.839,369.931,407.296,339.131,96.941,46615.0,1.1033,66.914,2,0.103,35.3746,5.6617,41.0363
117,359024.105076,359024.105076,2.5650,0.8379,-2.4012,4.5847,-15.3160,95.9320,0.077094,-0.021114,0.996800,,,,634.582,374.048,408.681,343.015,95.932,47151.0,1.1126,65.510,2,0.583,35.6392,5.2059,40.8451
118,359024.120401,359024.120401,2.1760,0.5349,-2.0617,4.1428,-15.6034,95.1431,0.069581,-0.019432,0.997387,,,,631.694,380.400,410.882,345.914,95.143,47670.0,1.2913,64.963,2,0.442,37.4971,4.8832,42.3803
119,359024.144394,359024.144394,1.5668,-0.0645,-1.5738,3.1748,-3.5006,92.0865,0.055279,-0.003382,0.998465,,,,626.632,393.357,413.466,352.098,92.087,48519.0,1.1486,62.863,2,1.233,44.4676,3.6727,48.1403
120,359024.161362,359024.161362,1.4810,-0.4975,-1.3434,3.3864,14.7831,89.9523,0.057114,0.015072,0.998254,,,,627.663,402.409,414.326,352.417,89.952,48854.0,1.2552,63.083,2,1.063,36.5233,4.8026,41.3260
121,359024.181450,359024.181450,1.6589,-1.1034,-1.1811,3.6669,37.2140,86.8474,0.050933,0.038680,0.997953,,,,632.573,417.419,414.797,353.804,86.847,48754.0,1.3009,62.566,2,1.398,38.8642,4.6216,43.4858
122,359024.199975,359024.199975,1.9124,-1.6118,-1.2981,3.7079,57.5896,84.0069,0.034662,0.054597,0.997907,,,,635.787,426.119,414.247,354.115,84.007,48627.0,1.3861,62.159,2,1.304,40.3844,5.5636,45.9480
172,359025.189949,359025.189949,2.2642,-1.9578,-11.8023,29.1785,173.6090,88.4057,-0.484502,0.054269,-0.873105,,,,533.835,419.895,385.936,216.712,88.406,33696.0,1.2717,111.500,2,27.735,37.3032,5.6115,42.9148
173,359025.207243,359025.207243,1.9108,-1.3016,-11.3887,85.9801,-179.4642,88.5607,-0.997496,-0.009329,0.070102,,,,548.952,412.842,386.020,220.973,88.561,33904.0,1.1055,109.978,2,65.066,44.1427,2.9337,47.0764
174,359025.223806,359025.223806,3.3715,-1.0331,-11.9536,27.6558,179.2401,89.6287,-0.464119,0.006156,-0.885752,,,,551.699,409.409,383.431,218.804,89.629,34001.0,1.1809,110.229,2,66.371,39.6675,6.6167,46.2842
175,359025.249965,359025.249965,3.7078,-0.5755,-11.7782,26.9329,-178.9417,90.4859,-0.452869,-0.008366,-0.891538,,,,559.584,400.371,383.011,222.913,90.486,34038.0,1.1685,108.632,2,1.104,55.6552,6.9711,62.6262
176,359025.265354,359025.265354,3.7364,-0.3097,-11.7347,26.8795,-177.8923,91.3212,-0.451809,-0.016628,-0.891960,,,,560.536,395.040,382.985,223.589,91.321,34287.0,1.2043,108.377,2,0.478,129.8738,4.8900,134.7638
