freq_hz,take,t_kill,fs_hz,swing_deg,n0_x,n0_y,n0_z,nf_x,nf_y,nf_z,radial0_deg,azim0_deg,radialf_deg,azimf_deg,d_radial_deg,d_azim_deg,spread0_deg,spreadf_deg,settle_10pct_s,settle_band_s,perp_max_deg,rise_1090_s,t10_s,t90_s,tail_max_deg,tail_over_band,cone_pre_deg,cone_post_deg,cone_peak_deg,cone_t_peak_s,cone_final_deg,cone_settle_s,cone_tau_s,cone_asym_deg,cone_note,cone_hz,cone_amp_deg,cone_measured,circ_ratio,mech_hz,mech_measured,n_pre,n_post,note
10.0,2026-09-09_205902,1059502.789,51.1,6.414,0.515918,-0.744818,-0.423172,0.455054,-0.814717,-0.359391,9.795,173.815,5.846,213.306,-3.949,39.491,1.499,1.411,,4.6485,1.375,,,,0.998,1.555,3.144,2.542,4.546,0.0824,2.813,,1.1138,2.846,the envelope is still moving 0.69 deg at the end of the window against a 0.17 deg band -- still decaying,10.0,,0,1.91,3.705,0,50,77,tail still wanders 1.00 deg against a 0.64 deg band -- no settled state to time
10.0,2026-09-09_210011,1059571.986,51.2,6.606,0.51475,-0.746677,-0.421313,0.451023,-0.817675,-0.357751,9.279,180.498,6.057,225.528,-3.223,45.03,1.205,1.392,,3.5991,1.113,,,,0.823,1.247,2.581,2.442,3.441,0.5429,2.764,,,,"the cut moved the cone by 0.68 deg, under the 1.0 deg floor -- no decay to time",10.0,,0,1.49,3.705,0,50,79,tail still wanders 0.82 deg against a 0.66 deg band -- no settled state to time
10.0,2026-09-09_210122,1059642.364,51.5,5.105,0.4899,-0.757846,-0.430891,0.443989,-0.810645,-0.381743,6.947,193.901,5.785,238.093,-1.161,44.192,2.832,1.779,,,3.495,,,,2.673,5.235,5.972,3.373,6.045,1.124,3.504,,,,the envelope is still moving 1.09 deg at the end of the window against a 0.25 deg band -- still decaying,10.0,,0,3.16,1.78,1,52,79,tail still wanders 2.67 deg against a 0.51 deg band -- no settled state to time
10.0,2026-09-09_210231,1059711.593,51.3,7.041,0.511972,-0.742454,-0.432026,0.449304,-0.818221,-0.358664,10.152,174.289,6.37,217.689,-3.782,43.4,1.666,1.343,,4.3255,1.524,,,,1.535,2.181,3.89,2.655,4.872,0.0622,2.685,,0.1469,3.016,the envelope is still moving 1.11 deg at the end of the window against a 0.22 deg band -- still decaying,10.0,,0,1.84,3.705,0,51,79,tail still wanders 1.54 deg against a 0.70 deg band -- no settled state to time
10.0,2026-09-09_210341,1059781.129,51.1,6.731,0.514083,-0.744372,-0.42618,0.449187,-0.818132,-0.359015,10.961,189.067,8.504,227.729,-2.457,38.662,2.016,1.305,,,1.794,,,,1.155,1.716,3.778,2.812,4.783,0.0792,2.94,,0.2927,3.072,the envelope is still moving 0.94 deg at the end of the window against a 0.18 deg band -- still decaying,10.0,,0,13.64,3.705,0,50,73,tail still wanders 1.15 deg against a 0.67 deg band -- no settled state to time
10.0,2026-09-10_004434,1073034.837,231.7,5.769,0.51182,-0.750953,-0.417264,0.462643,-0.812816,-0.353966,10.665,180.862,7.979,213.381,-2.685,32.519,1.432,1.34,,4.2761,1.086,,,,0.682,1.183,2.702,2.464,3.827,1.4633,2.98,,,,"the cut moved the cone by 0.85 deg, under the 1.0 deg floor -- no decay to time",5.0,1.54,1,4.03,2.98,1,207,307,tail still wanders 0.68 deg against a 0.58 deg band -- no settled state to time
10.0,2026-09-10_004544,1073104.253,229.3,5.943,0.514309,-0.753914,-0.408779,0.455693,-0.817573,-0.35202,10.778,189.577,8.293,222.823,-2.485,33.246,1.653,1.598,,1.4476,0.862,,,,0.655,1.102,3.366,2.812,4.371,0.0232,3.43,,,,"the cut moved the cone by 0.94 deg, under the 1.0 deg floor -- no decay to time",10.1,1.663,1,4.05,4.06,1,211,315,tail still wanders 0.66 deg against a 0.59 deg band -- no settled state to time
10.0,2026-09-10_004654,1073174.685,229.9,8.167,0.28215,-0.786367,-0.549562,0.346479,-0.804558,-0.482327,7.629,50.297,2.354,32.543,-5.275,-17.754,10.313,3.476,,,8.503,,,,5.78,7.077,19.441,7.919,23.103,0.6259,6.199,,0.4703,7.063,the envelope is still moving 2.46 deg at the end of the window against a 1.69 deg band -- still decaying,10.0,,0,4.15,3.705,0,205,283,tail still wanders 5.78 deg against a 0.82 deg band -- no settled state to time
10.0,2026-09-10_004804,1073244.315,236.1,5.18,0.507485,-0.751111,-0.422245,0.468884,-0.806303,-0.360587,7.473,202.81,7.729,243.149,0.256,40.339,0.937,1.363,,4.7922,0.995,,,,1.015,1.959,2.109,2.214,3.024,0.4023,2.691,,,,"the cut moved the cone by 0.33 deg, under the 1.0 deg floor -- no decay to time",10.0,0.855,1,1.67,3.02,1,210,314,tail still wanders 1.01 deg against a 0.52 deg band -- no settled state to time
10.0,2026-09-10_004913,1073313.713,233.3,5.421,0.510608,-0.748613,-0.422916,0.467986,-0.80657,-0.361156,7.812,189.098,6.651,232.42,-1.162,43.321,1.385,1.25,,4.7876,0.933,,,,0.715,1.319,2.621,2.384,3.337,1.4049,2.801,,,,"the cut moved the cone by 0.54 deg, under the 1.0 deg floor -- no decay to time",10.0,,0,2.05,3.02,1,177,315,tail still wanders 0.72 deg against a 0.54 deg band -- no settled state to time
10.0,2026-09-10_052117,1089630.877,247.2,6.377,0.509539,-0.760404,-0.402684,0.441057,-0.825902,-0.351218,10.989,194.476,8.38,228.581,-2.609,34.105,2.53,2.147,,4.455,1.227,,,,0.978,1.534,4.504,4.267,7.097,0.1981,4.457,,0.6932,4.502,the envelope is still moving 0.76 deg at the end of the window against a 0.26 deg band -- still decaying,5.0,2.674,1,1.01,5.96,1,203,304,tail still wanders 0.98 deg against a 0.64 deg band -- no settled state to time
10.0,2026-09-10_052217,1089691.344,231.3,3.692,0.40639,-0.785191,-0.46725,0.424385,-0.751855,-0.504591,3.536,152.466,6.389,139.497,2.853,-12.969,7.684,5.468,,,3.836,,,,,,11.736,8.961,10.856,0.9913,11.297,,,,"the cut moved the cone by -0.44 deg, under the 1.0 deg floor -- no decay to time",10.0,,0,1.04,5.98,1,188,315,swing 3.7 deg below the 5 deg floor
10.0,2026-09-10_052318,1089752.147,234.6,5.826,0.512067,-0.752286,-0.414552,0.458514,-0.815874,-0.3523,9.153,175.989,5.929,215.804,-3.224,39.814,2.019,1.386,,4.6922,1.514,,,,1.008,1.731,3.656,2.981,5.225,0.736,3.079,,4.6191,2.0,the envelope is still moving 0.63 deg at the end of the window against a 0.21 deg band -- still decaying,5.0,2.12,1,1.19,2.98,1,199,306,tail still wanders 1.01 deg against a 0.58 deg band -- no settled state to time
10.0,2026-09-10_052502,1089855.977,237.1,5.857,0.513851,-0.751457,-0.413848,0.457132,-0.815067,-0.355944,9.454,177.131,6.003,214.332,-3.45,37.201,2.915,1.651,,,1.382,,,,1.111,1.897,5.729,3.151,6.012,0.0549,3.179,,1.7894,3.12,the envelope is still moving 0.85 deg at the end of the window against a 0.28 deg band -- still decaying,5.0,4.524,1,1.25,5.98,1,207,314,tail still wanders 1.11 deg against a 0.59 deg band -- no settled state to time
10.0,2026-09-10_053244,1090318.142,234.3,5.496,0.513869,-0.757979,-0.401755,0.457611,-0.816922,-0.351042,11.099,180.31,7.648,207.311,-3.451,27.001,2.101,1.417,,3.7661,0.952,,,,0.717,1.304,3.982,2.665,4.242,0.0002,3.122,,0.491,3.027,the envelope is still moving 0.89 deg at the end of the window against a 0.11 deg band -- still decaying,5.0,2.534,1,1.69,3.705,0,207,309,tail still wanders 0.72 deg against a 0.55 deg band -- no settled state to time
10.0,2026-09-10_074438,1098238.31,233.5,5.433,0.511504,-0.756793,-0.406974,0.463035,-0.814302,-0.350014,8.028,190.094,6.482,232.295,-1.546,42.201,1.33,1.392,2.4848,2.4782,0.839,,,,0.438,0.806,2.668,2.578,4.013,0.9395,3.033,,,,"the cut moved the cone by 0.98 deg, under the 1.0 deg floor -- no decay to time",10.4,0.908,1,1.8,3.08,1,210,313,rise 0.253 s is inside the 0.288 s smoother -- not measurable
10.0,2026-09-10_074545,1098305.2,230.0,6.607,0.370737,-0.798741,-0.473884,0.360732,-0.748099,-0.556974,1.437,222.795,4.898,110.286,3.46,-112.51,9.501,2.284,,4.8374,5.082,,,,1.494,2.261,24.444,5.894,18.232,0.0021,5.009,,1.2141,5.265,the envelope is still moving 2.01 deg at the end of the window against a 1.32 deg band -- still decaying,7.55,10.968,1,3.99,4.98,1,207,312,tail still wanders 1.49 deg against a 0.66 deg band -- no settled state to time
10.0,2026-09-10_074652,1098372.442,232.2,5.385,0.508432,-0.759098,-0.40653,0.462691,-0.814918,-0.349035,7.625,188.835,6.19,232.416,-1.435,43.581,1.459,1.175,,3.946,1.512,,,,0.739,1.373,3.073,2.554,5.264,0.1207,2.581,,1.0218,2.526,the envelope is still moving 0.50 deg at the end of the window against a 0.27 deg band -- still decaying,9.3,1.663,1,1.77,3.0,1,202,291,tail still wanders 0.74 deg against a 0.54 deg band -- no settled state to time
10.0,2026-09-10_074906,1098506.562,229.3,5.182,0.511121,-0.762073,-0.397491,0.457133,-0.817233,-0.350941,9.57,184.961,6.697,216.167,-2.873,31.206,1.447,1.159,,4.8876,1.095,,,,0.693,1.337,3.084,2.375,4.368,0.0934,2.623,,1.2675,2.426,the envelope is still moving 0.58 deg at the end of the window against a 0.17 deg band -- still decaying,10.0,,0,2.0,3.04,1,212,298,tail still wanders 0.69 deg against a 0.52 deg band -- no settled state to time
10.0,2026-09-10_075618,1098938.598,232.1,5.499,0.509264,-0.762754,-0.398569,0.451733,-0.821253,-0.348541,11.419,195.747,9.309,224.466,-2.11,28.72,1.472,1.326,3.1933,2.9516,0.766,,,,0.496,0.902,3.089,2.687,3.992,0.1429,2.838,,4.6191,2.277,the envelope is still moving 0.36 deg at the end of the window against a 0.12 deg band -- still decaying,10.05,1.775,1,2.23,3.705,0,209,314,rise 0.293 s is inside the 0.299 s smoother -- not measurable
10.0,2026-09-10_075728,1099008.21,230.3,5.252,0.5132,-0.758268,-0.402063,0.461312,-0.814746,-0.351254,10.696,197.276,9.048,226.912,-1.648,29.637,1.432,1.113,3.1101,1.1046,1.092,,,,0.494,0.94,3.182,2.467,4.08,0.2662,2.691,,0.3191,2.63,the envelope is still moving 0.34 deg at the end of the window against a 0.14 deg band -- still decaying,5.0,1.61,1,1.27,2.98,1,190,297,rise 0.190 s is inside the 0.200 s smoother -- not measurable
10.0,2026-09-10_080536,1099496.237,233.6,5.365,0.508955,-0.762776,-0.398919,0.452063,-0.820077,-0.350875,9.46,182.957,6.323,215.926,-3.138,32.969,1.382,1.371,,4.7908,0.748,,,,0.732,1.365,3.021,2.867,4.579,0.8629,3.08,,0.3958,3.15,the envelope is still moving 0.41 deg at the end of the window against a 0.15 deg band -- still decaying,10.05,1.48,1,1.92,3.705,0,208,310,tail still wanders 0.73 deg against a 0.54 deg band -- no settled state to time
20.0,2026-09-09_210442,1059845.876,51.2,8.682,0.551988,-0.719547,-0.421381,0.481191,-0.813425,-0.326794,12.224,180.673,9.004,225.921,-3.22,45.248,0.632,0.625,0.6155,0.5789,1.59,,,,0.456,0.525,1.335,1.567,4.001,0.2518,1.566,,0.8237,1.467,the envelope is still moving 0.25 deg at the end of the window against a 0.24 deg band -- still decaying,20.0,,0,16.3,3.55,0,52,78,rise 0.209 s is inside the 0.250 s smoother -- not measurable
20.0,2026-09-09_210554,1059917.854,50.9,8.058,0.555349,-0.720533,-0.415235,0.485171,-0.809164,-0.331455,11.554,186.637,8.942,230.962,-2.612,44.324,0.734,0.547,,0.118,1.058,,,,0.588,0.729,1.167,1.461,3.509,0.2146,1.4,3.3153,0.8978,1.352,,20.0,,0,2.16,3.55,0,52,76,settle 0.118 s is inside the 0.250 s smoother -- not measurable
20.0,2026-09-09_210706,1059989.945,51.1,8.833,0.562212,-0.711548,-0.421447,0.484564,-0.809819,-0.330744,13.012,181.64,9.267,224.827,-3.745,43.188,0.65,0.609,2.0429,2.0429,1.264,0.4911,-0.0238,0.4674,0.567,0.641,1.448,1.528,3.369,0.1086,1.528,,0.3631,1.618,the envelope is still moving 0.28 deg at the end of the window against a 0.18 deg band -- still decaying,20.0,,0,5.32,3.55,0,52,78,
20.0,2026-09-09_210819,1060062.216,51.4,8.357,0.556268,-0.719448,-0.415886,0.482941,-0.811614,-0.328711,11.46,181.412,8.116,228.726,-3.344,47.314,0.694,0.68,,0.1035,1.441,,,,0.478,0.572,1.512,1.595,3.757,0.1588,1.444,,1.0668,1.392,the envelope is still moving 0.40 deg at the end of the window against a 0.23 deg band -- still decaying,20.0,,0,3.67,3.55,0,52,79,settle 0.140 s is inside the 0.250 s smoother -- not measurable
20.0,2026-09-09_210931,1060134.701,51.1,8.171,0.552044,-0.720753,-0.41924,0.484299,-0.810239,-0.330102,11.306,182.614,8.508,229.224,-2.797,46.61,0.603,0.537,0.6021,0.6021,1.306,,,,0.411,0.503,1.111,1.538,3.747,0.2417,1.455,2.7031,0.664,1.511,,20.0,,0,3.37,3.55,0,52,78,rise 0.199 s is inside the 0.250 s smoother -- not measurable
20.0,2026-09-10_005520,1073683.226,232.3,7.444,0.550113,-0.727312,-0.410356,0.49159,-0.807346,-0.326393,9.917,181.956,7.575,230.272,-2.342,48.315,0.709,0.695,,0.1123,1.253,,,,0.285,0.383,1.56,1.891,4.165,0.2279,1.812,,0.3631,1.959,the envelope is still moving 0.27 deg at the end of the window against a 0.24 deg band -- still decaying,19.95,1.335,1,15.54,4.26,1,209,315,settle 0.132 s is inside the 0.251 s smoother -- not measurable
20.0,2026-09-10_005632,1073755.535,233.8,7.949,0.555666,-0.726378,-0.404488,0.487285,-0.812392,-0.32027,10.613,185.94,8.218,233.938,-2.396,47.998,0.627,0.617,1.0026,0.9918,1.244,,,,0.345,0.435,1.511,1.536,4.006,0.2238,1.495,2.4952,0.7238,1.482,,19.9,1.035,1,4.26,3.55,0,211,318,rise 0.205 s is inside the 0.251 s smoother -- not measurable
20.0,2026-09-10_005744,1073827.442,233.3,7.763,0.554055,-0.726198,-0.407012,0.49087,-0.8098,-0.321358,10.165,180.412,7.407,229.994,-2.758,49.582,0.649,0.601,,0.1445,1.341,,,,0.291,0.375,1.521,1.627,4.44,0.2307,1.461,3.3327,0.6091,1.561,,19.9,1.273,1,2.51,3.55,0,211,316,settle 0.145 s is inside the 0.251 s smoother -- not measurable
20.0,2026-09-10_005856,1073899.106,231.3,7.498,0.550797,-0.727083,-0.409844,0.49142,-0.807754,-0.325637,9.531,186.265,7.831,236.475,-1.699,50.211,0.617,0.553,,0.123,1.183,,,,0.263,0.351,1.481,1.853,4.356,0.2274,1.701,2.3995,0.6932,1.74,,19.9,1.325,1,9.1,3.46,1,209,314,settle 0.128 s is inside the 0.251 s smoother -- not measurable
20.0,2026-09-10_010008,1073971.15,244.9,7.643,0.551015,-0.727367,-0.409048,0.490475,-0.809269,-0.323293,10.947,181.81,8.311,226.116,-2.636,44.306,0.603,0.62,,0.1573,1.306,,,,0.207,0.271,1.551,1.746,4.268,0.2402,1.669,2.4552,0.7557,1.669,,19.95,1.179,1,10.2,3.55,0,203,305,settle 0.157 s is inside the 0.251 s smoother -- not measurable
20.0,2026-09-10_075124,1098647.449,251.1,7.757,0.552864,-0.733798,-0.394818,0.485745,-0.816879,-0.311064,10.393,192.007,8.906,238.989,-1.487,46.982,0.619,0.586,,0.1664,1.035,,,,0.223,0.287,1.348,1.757,4.187,0.2338,1.61,1.7325,1.0218,1.54,,20.0,1.316,1,6.99,3.55,0,207,314,settle 0.182 s is inside the 0.250 s smoother -- not measurable
20.0,2026-09-10_075236,1098719.059,234.8,8.473,0.560059,-0.727551,-0.396237,0.477539,-0.819985,-0.315565,13.068,190.947,10.15,231.642,-2.917,40.694,0.619,0.609,0.6643,0.4993,1.331,0.7206,-0.0488,0.6718,0.253,0.298,1.425,1.55,3.706,0.1027,1.548,3.1866,0.4133,1.62,,20.0,1.092,1,3.62,3.55,0,210,316,
20.0,2026-09-10_075348,1098790.733,233.8,7.462,0.552248,-0.736267,-0.391066,0.48304,-0.816734,-0.315623,11.352,188.752,8.783,230.045,-2.568,41.294,0.576,0.542,,0.1299,1.131,,,,0.277,0.372,1.378,1.526,3.478,0.2302,1.462,2.4811,1.0668,1.383,,19.95,1.412,1,3.16,3.55,0,207,314,settle 0.136 s is inside the 0.251 s smoother -- not measurable
20.0,2026-09-10_075459,1098862.442,242.5,7.88,0.556588,-0.731797,-0.393297,0.48111,-0.817925,-0.315487,12.238,187.738,9.187,228.391,-3.051,40.653,0.742,0.548,0.8463,0.4046,1.381,0.9177,-0.0653,0.8525,0.191,0.243,1.541,1.473,3.863,0.1185,1.467,1.844,0.4703,1.504,,20.0,0.955,1,5.12,3.55,0,208,313,
20.0,2026-09-10_075834,1099076.81,231.2,7.548,0.552328,-0.735268,-0.39283,0.485474,-0.816009,-0.313757,10.023,190.759,8.261,238.367,-1.762,47.608,0.523,0.599,0.3657,0.3657,1.584,0.4247,-0.0555,0.3691,0.31,0.411,1.464,1.786,4.191,0.2704,1.641,2.403,0.7238,1.676,,20.0,1.231,1,6.35,3.55,0,194,251,
20.0,2026-09-10_080641,1099564.566,231.2,7.467,0.552014,-0.737029,-0.38996,0.485061,-0.816822,-0.312278,10.458,192.199,8.705,236.985,-1.753,44.786,0.563,0.578,,0.1473,1.215,,,,0.267,0.358,1.421,1.699,4.049,0.2276,1.505,3.1793,1.3234,1.41,,19.95,1.389,1,4.43,3.5,1,208,314,settle 0.147 s is inside the 0.251 s smoother -- not measurable
30.0,2026-09-10_010653,1074379.794,228.7,9.754,0.587583,-0.704065,-0.398797,0.514748,-0.808743,-0.284551,14.505,179.486,11.033,222.389,-3.472,42.903,0.843,0.828,1.7967,1.7888,1.635,0.3302,-0.0511,0.2791,0.594,0.609,1.719,3.155,5.961,0.3735,3.108,,0.6091,3.036,the envelope is still moving 0.39 deg at the end of the window against a 0.29 deg band -- still decaying,30.05,1.35,1,3.64,3.6,1,211,315,
30.0,2026-09-10_010809,1074454.742,245.3,9.748,0.587391,-0.703058,-0.400852,0.516558,-0.807168,-0.285742,13.491,183.493,11.047,229.481,-2.444,45.988,0.878,1.0,1.2023,1.2023,2.379,0.2872,-0.0402,0.247,0.62,0.636,2.811,3.212,6.468,0.3275,2.471,,2.875,1.291,the envelope is still moving 1.26 deg at the end of the window against a 0.40 deg band -- still decaying,29.95,2.431,1,2.8,3.395,0,202,310,
30.0,2026-09-10_010923,1074529.296,229.3,44.424,0.100235,-0.994519,-0.029761,0.294757,-0.670072,-0.681265,30.354,306.128,15.85,91.734,-14.504,145.606,1.455,1.717,1.2103,1.1863,9.064,,,,1.097,0.247,4.716,5.094,12.958,0.3438,3.811,,1.6416,3.061,the envelope is still moving 1.26 deg at the end of the window against a 0.91 deg band -- still decaying,29.85,4.378,1,3.07,2.48,1,205,313,rise 0.229 s is inside the 0.235 s smoother -- not measurable
30.0,2026-09-10_011038,1074604.307,239.3,17.894,-0.285409,0.430175,0.856441,-0.296558,0.680572,0.669982,30.268,98.986,12.849,85.838,-17.419,-13.148,1.027,1.438,1.9325,1.9325,6.2,0.284,-0.06,0.224,0.959,0.536,2.154,5.378,11.052,0.224,3.862,,4.0588,-1.314,the envelope is still moving 1.26 deg at the end of the window against a 0.72 deg band -- still decaying,29.8,1.886,1,2.44,3.42,1,210,295,
30.0,2026-09-10_011153,1074679.45,231.7,10.195,0.586241,-0.70356,-0.401653,0.511874,-0.811449,-0.282021,14.393,183.659,11.825,228.367,-2.568,44.708,0.883,1.092,1.2159,1.2204,2.325,0.3552,-0.0519,0.3034,0.375,0.368,2.824,3.603,7.407,0.2724,3.147,,1.1138,3.052,the envelope is still moving 0.56 deg at the end of the window against a 0.43 deg band -- still decaying,30.0,2.744,1,3.16,2.12,1,211,317,
30.0,2026-09-10_011308,1074754.737,231.6,9.639,0.584961,-0.70406,-0.40264,0.516603,-0.806207,-0.288359,13.45,174.161,9.499,220.135,-3.95,45.973,1.353,1.149,0.3366,0.1586,2.597,0.3859,-0.046,0.3399,0.387,0.402,3.189,3.66,7.87,0.3125,3.031,,2.2198,2.11,the envelope is still moving 0.90 deg at the end of the window against a 0.48 deg band -- still decaying,30.05,2.401,1,21.31,2.12,1,209,293,
30.0,2026-09-10_011423,1074829.623,232.9,10.161,0.58883,-0.701183,-0.402022,0.513928,-0.81006,-0.282278,14.742,177.165,10.882,221.421,-3.86,44.256,1.375,1.229,1.0714,1.0777,2.547,,,,0.787,0.775,3.745,4.001,6.795,0.3152,3.826,,1.0218,3.643,the envelope is still moving 0.63 deg at the end of the window against a 0.30 deg band -- still decaying,29.95,2.97,1,3.37,3.395,0,209,275,rise 0.188 s is inside the 0.234 s smoother -- not measurable
30.0,2026-09-10_011538,1074904.413,232.3,9.171,0.583705,-0.703316,-0.405752,0.512404,-0.803433,-0.303212,14.371,178.139,10.401,217.997,-3.97,39.858,0.726,0.871,,0.0902,2.169,,,,0.666,0.726,2.97,3.782,7.461,0.219,3.244,,1.2141,3.192,the envelope is still moving 0.47 deg at the end of the window against a 0.42 deg band -- still decaying,30.0,2.523,1,9.24,3.395,0,210,313,settle 0.111 s is inside the 0.267 s smoother -- not measurable
30.0,2026-09-10_011654,1074979.805,232.7,10.595,0.590286,-0.70115,-0.39994,0.509637,-0.814558,-0.277065,14.729,176.485,10.569,223.092,-4.16,46.607,1.01,0.993,2.1996,1.8795,2.942,0.4685,-0.0263,0.4422,0.954,0.901,3.753,3.907,7.254,0.2197,3.792,3.1112,0.9787,3.588,,29.95,3.215,1,5.26,3.54,1,204,316,
30.0,2026-09-10_011809,1075054.74,230.7,10.115,0.594272,-0.697307,-0.400754,0.515425,-0.807397,-0.287135,14.48,178.877,10.546,223.634,-3.934,44.757,0.859,0.85,2.9731,2.937,1.928,0.3674,-0.0395,0.3279,0.693,0.685,1.878,3.589,6.508,0.4869,3.576,,0.491,3.526,the envelope is still moving 0.29 deg at the end of the window against a 0.29 deg band -- still decaying,30.0,1.039,1,5.32,3.395,0,209,315,
40.0,2026-09-10_012419,1075428.29,230.5,11.897,0.622721,-0.677692,-0.391091,0.534331,-0.806144,-0.254209,16.233,179.595,12.278,226.911,-3.954,47.316,2.488,1.54,2.1113,2.116,3.403,,,,0.668,0.561,5.516,3.658,7.584,0.1324,3.487,,0.6932,3.656,the envelope is still moving 0.43 deg at the end of the window against a 0.41 deg band -- still decaying,40.1,4.488,1,3.18,3.14,1,210,309,rise 0.240 s is inside the 0.249 s smoother -- not measurable
40.0,2026-09-10_012535,1075503.834,231.7,11.541,0.619195,-0.682109,-0.389006,0.531075,-0.807149,-0.257817,16.307,181.692,12.6,227.053,-3.707,45.361,2.047,1.854,0.9507,0.9307,3.495,,,,0.967,0.838,5.933,4.973,8.7,0.2753,4.043,2.4045,1.506,3.447,,40.0,4.146,1,3.22,3.18,1,211,316,rise 0.160 s is inside the 0.250 s smoother -- not measurable
40.0,2026-09-10_012652,1075580.71,230.7,11.556,0.618117,-0.681476,-0.39182,0.534928,-0.805271,-0.255715,15.54,181.253,12.325,229.104,-3.214,47.851,2.163,1.475,0.5294,0.5388,3.192,,,,0.69,0.597,5.88,3.759,7.892,0.2146,3.394,,1.3234,3.416,the envelope is still moving 0.48 deg at the end of the window against a 0.45 deg band -- still decaying,40.0,4.889,1,2.29,3.22,1,210,316,rise 0.245 s is inside the 0.250 s smoother -- not measurable
40.0,2026-09-10_012807,1075656.313,228.9,11.157,0.612196,-0.687427,-0.390719,0.531497,-0.806472,-0.259063,15.503,180.201,12.063,226.416,-3.439,46.215,1.376,1.872,1.5324,1.4792,2.809,,,,0.874,0.783,4.023,4.361,7.416,0.3346,4.119,,0.9374,4.027,the envelope is still moving 0.46 deg at the end of the window against a 0.33 deg band -- still decaying,40.0,3.6,1,35.48,3.1,1,207,312,rise 0.187 s is inside the 0.250 s smoother -- not measurable
40.0,2026-09-10_012923,1075731.985,232.3,11.962,0.613976,-0.682544,-0.396442,0.5347,-0.806701,-0.251653,14.554,182.865,12.479,234.605,-2.075,51.74,2.829,1.45,2.4793,1.9843,2.934,0.2728,-0.0606,0.2122,0.553,0.462,5.988,3.63,7.417,0.1364,3.323,3.228,3.0016,2.447,,39.95,4.426,1,3.21,3.24,0,209,316,
40.0,2026-09-10_073235,1097517.055,231.4,49.396,0.057564,-0.998002,0.026046,0.265685,-0.654931,-0.707444,35.233,306.495,17.06,86.88,-18.173,140.385,0.591,1.292,0.9757,0.9661,10.581,,,,0.734,0.149,1.616,4.321,15.186,0.3806,3.087,2.9474,1.1138,2.531,,40.0,1.183,1,3.37,3.24,0,211,289,rise 0.192 s is inside the 0.250 s smoother -- not measurable
40.0,2026-09-10_073346,1097587.926,231.3,11.707,0.613544,-0.690136,-0.383765,0.531225,-0.812439,-0.240297,18.131,189.841,16.591,229.85,-1.539,40.009,2.092,1.568,0.8657,0.8657,2.93,,,,0.873,0.746,5.283,4.192,8.042,0.2518,4.001,,1.0218,3.926,the envelope is still moving 0.78 deg at the end of the window against a 0.40 deg band -- still decaying,40.0,3.869,1,2.61,3.24,0,209,313,rise 0.200 s is inside the 0.250 s smoother -- not measurable
40.0,2026-09-10_073455,1097657.675,231.5,11.679,0.610663,-0.69487,-0.379798,0.527347,-0.815503,-0.238452,15.834,185.187,13.63,231.635,-2.205,46.448,1.843,1.557,2.9287,2.888,3.367,,,,0.988,0.846,4.163,4.773,8.72,0.2954,4.024,,2.1262,3.17,the envelope is still moving 0.73 deg at the end of the window against a 0.47 deg band -- still decaying,40.05,3.339,1,5.71,3.26,1,210,313,rise 0.183 s is inside the 0.250 s smoother -- not measurable
40.0,2026-09-10_073606,1097727.986,232.5,11.174,0.612293,-0.696624,-0.373915,0.526028,-0.813727,-0.247271,15.432,183.996,12.331,229.689,-3.101,45.693,2.081,1.903,,2.0965,3.337,,,,1.123,1.005,5.219,4.914,9.625,0.2522,4.286,3.1801,0.8237,4.314,,40.1,3.55,1,7.49,3.12,1,209,313,tail still wanders 1.12 deg against a 1.12 deg band -- no settled state to time
40.0,2026-09-10_073823,1097871.991,230.4,47.535,0.059085,-0.998038,0.020723,0.286724,-0.673695,-0.68112,36.328,311.51,15.636,80.574,-20.692,129.065,0.621,1.327,1.414,0.6115,9.656,,,,0.948,0.199,1.739,4.064,15.351,0.3878,3.278,1.9109,0.9787,2.745,,40.05,1.453,1,3.77,3.24,0,211,316,rise 0.190 s is inside the 0.250 s smoother -- not measurable
40.0,2026-09-10_073939,1097947.888,234.6,11.081,0.609025,-0.694953,-0.382268,0.530829,-0.812096,-0.242322,14.931,179.783,12.011,228.743,-2.92,48.959,2.045,1.975,1.1615,0.8506,2.967,,,,0.931,0.841,5.178,4.855,8.123,0.2273,4.432,,1.2675,4.411,the envelope is still moving 0.92 deg at the end of the window against a 0.37 deg band -- still decaying,40.0,2.514,1,1.85,3.02,1,210,317,rise 0.205 s is inside the 0.250 s smoother -- not measurable
40.0,2026-09-10_074055,1098023.476,229.7,11.496,0.607959,-0.696273,-0.381563,0.531453,-0.81299,-0.237917,14.873,189.025,14.015,236.247,-0.857,47.222,1.569,1.882,1.6534,1.6242,3.684,,,,0.786,0.684,3.317,4.49,7.655,0.2804,4.6,,0.636,4.496,the envelope is still moving 1.08 deg at the end of the window against a 0.31 deg band -- still decaying,39.95,2.4,1,2.23,3.24,0,199,306,rise 0.224 s is inside the 0.250 s smoother -- not measurable
40.0,2026-09-10_074210,1098099.223,233.3,11.281,0.607326,-0.697391,-0.380528,0.529478,-0.813456,-0.240712,16.339,187.189,14.614,230.21,-1.726,43.022,1.369,1.451,1.1484,1.1656,3.256,,,,0.758,0.672,3.603,4.902,8.005,0.2973,4.514,,1.714,4.085,the envelope is still moving 1.00 deg at the end of the window against a 0.35 deg band -- still decaying,40.0,3.233,1,4.61,3.24,0,208,316,rise 0.205 s is inside the 0.250 s smoother -- not measurable
40.0,2026-09-10_074326,1098174.59,232.6,11.476,0.607697,-0.695531,-0.383329,0.528722,-0.813346,-0.242736,15.24,181.607,12.612,229.472,-2.628,47.865,1.97,1.898,2.1361,0.8482,3.455,,,,0.899,0.783,4.366,4.971,9.428,0.3199,4.081,,1.3234,4.024,the envelope is still moving 0.77 deg at the end of the window against a 0.53 deg band -- still decaying,40.0,3.337,1,2.89,3.1,1,210,310,rise 0.182 s is inside the 0.250 s smoother -- not measurable
50.0,2026-09-09_212124,1060855.44,232.5,12.639,0.626944,-0.662778,-0.409471,0.541715,-0.803153,-0.247973,17.043,178.058,13.603,228.165,-3.44,50.108,2.211,1.031,2.7304,0.869,3.628,,,,0.583,0.461,8.226,3.947,10.371,0.223,2.588,,1.9506,1.185,the envelope is still moving 0.90 deg at the end of the window against a 0.78 deg band -- still decaying,50.15,2.043,1,9.15,3.085,0,210,311,rise 0.212 s is inside the 0.259 s smoother -- not measurable
50.0,2026-09-09_212244,1060935.958,230.6,12.784,0.618762,-0.675115,-0.401687,0.539838,-0.803601,-0.250601,16.878,182.858,14.487,228.567,-2.391,45.709,2.158,0.866,1.3488,1.3392,3.861,0.2657,-0.0239,0.2417,0.55,0.43,8.94,2.95,10.992,0.1205,1.676,3.0327,1.2141,1.599,,50.0,,0,1.69,3.085,0,209,311,
50.0,2026-09-09_212404,1061016.191,232.8,4.33,0.426155,-0.808812,-0.405235,0.403037,-0.783653,-0.472704,4.227,258.944,0.32,151.404,-3.907,-107.54,0.629,0.594,,2.9155,0.837,,,,,,1.189,1.177,1.662,0.6085,1.232,,,,"the cut moved the cone by 0.43 deg, under the 1.0 deg floor -- no decay to time",49.9,0.417,1,1.67,2.66,1,211,316,swing 4.3 deg below the 5 deg floor
50.0,2026-09-09_212525,1061096.895,233.1,24.461,0.235011,-0.268062,-0.934298,0.270037,-0.63549,-0.723348,43.072,99.475,18.917,90.345,-24.155,-9.13,2.919,1.17,2.6766,1.4553,8.438,1.2244,-0.0411,1.1832,1.052,0.43,2.996,4.149,13.683,0.2197,2.605,2.8757,1.3234,2.148,,49.95,2.719,1,7.55,3.085,0,210,316,
50.0,2026-09-09_212646,1061177.782,233.7,12.365,0.626347,-0.671131,-0.396576,0.541343,-0.802772,-0.250008,16.964,179.396,13.293,225.966,-3.671,46.57,2.195,1.051,2.6357,2.5978,2.572,0.5384,-0.0443,0.4941,0.588,0.475,8.108,4.272,14.698,0.1923,2.301,3.1545,1.6416,1.461,,50.0,,0,1.28,3.085,0,193,311,
50.0,2026-09-09_234425,1069436.525,231.4,11.95,0.624855,-0.678485,-0.386283,0.548204,-0.802032,-0.2371,17.686,189.603,16.548,230.881,-1.138,41.277,2.219,0.637,,0.1042,3.276,,,,0.43,0.36,9.399,1.214,6.965,0.0027,1.264,0.8414,0.1534,1.402,,43.55,1.699,1,1.73,3.085,0,208,314,settle 0.117 s is inside the 0.253 s smoother -- not measurable
50.0,2026-09-09_234545,1069517.128,231.1,11.889,0.627565,-0.676554,-0.385275,0.55324,-0.798902,-0.235967,16.143,193.411,16.089,237.162,-0.054,43.751,2.208,0.694,0.9077,0.9028,3.447,,,,0.551,0.464,8.532,2.001,7.147,0.0083,1.524,2.2699,1.0668,1.464,,43.35,1.958,1,4.34,2.28,1,210,309,rise 0.204 s is inside the 0.254 s smoother -- not measurable
50.0,2026-09-09_234706,1069597.556,228.5,11.984,0.624362,-0.677444,-0.388898,0.550646,-0.801174,-0.234328,16.569,182.748,14.544,228.556,-2.024,45.807,1.901,0.737,2.5093,2.0199,5.013,0.6557,-0.0371,0.6186,0.723,0.604,8.004,2.771,8.982,0.1795,1.629,2.8848,2.0365,0.345,,50.0,,0,5.74,2.94,1,196,290,
50.0,2026-09-09_234828,1069679.642,254.0,12.167,-0.628356,0.674551,0.387492,-0.548367,0.802624,0.234709,18.121,186.476,16.246,228.659,-1.875,42.183,2.298,0.708,1.2551,1.1985,4.07,,,,0.467,0.384,9.019,3.209,10.688,0.1925,1.492,3.3203,1.7894,0.486,,45.9,3.429,1,1.04,3.085,0,209,311,rise 0.224 s is inside the 0.240 s smoother -- not measurable
50.0,2026-09-09_234949,1069760.847,230.9,12.215,0.627782,-0.675857,-0.386143,0.546271,-0.804404,-0.2335,18.23,188.997,16.816,230.698,-1.414,41.701,2.121,0.809,1.5365,1.4483,5.13,0.6753,-0.0042,0.6711,0.5,0.409,9.272,3.034,12.189,0.1124,1.6,2.7476,1.3234,1.098,,43.2,2.037,1,2.34,3.085,0,210,315,
60.0,2026-09-09_212806,1061260.759,230.8,13.041,0.623285,-0.665832,-0.410102,0.555401,-0.797693,-0.23498,18.096,180.328,16.296,225.616,-1.8,45.288,1.659,0.598,0.9314,0.9314,3.967,0.2693,-0.0413,0.228,0.583,0.447,5.661,1.909,6.252,0.1458,1.22,,1.0668,1.281,the envelope is still moving 0.59 deg at the end of the window against a 0.50 deg band -- still decaying,59.95,1.565,1,1.33,2.12,1,210,316,
60.0,2026-09-09_212930,1061345.414,247.8,1.81,0.568568,-0.77101,-0.286833,0.555993,-0.796211,-0.238578,15.928,209.187,16.654,220.322,0.726,11.135,2.984,0.5,,,2.49,,,,,,8.227,2.392,7.645,0.012,1.12,3.0263,2.3176,-0.043,,60.0,,0,1.56,2.93,0,154,284,swing 1.8 deg below the 5 deg floor
60.0,2026-09-09_213054,1061429.081,227.8,13.015,0.622238,-0.668802,-0.406846,0.556422,-0.796802,-0.235589,17.397,179.011,15.39,225.191,-2.007,46.18,1.726,0.513,1.932,1.9114,4.708,0.644,-0.0165,0.6276,0.781,0.6,6.138,2.374,8.963,0.1267,1.298,2.7591,1.4425,0.855,,60.0,2.033,1,4.36,2.48,1,210,315,
60.0,2026-09-09_213218,1061512.383,228.4,12.148,0.618935,-0.669678,-0.410427,0.556954,-0.795448,-0.238884,15.42,175.892,13.404,228.167,-2.016,52.275,1.73,0.445,0.9438,0.9321,3.316,0.2632,-0.0867,0.1764,0.704,0.579,6.348,1.475,4.963,0.2605,0.854,,1.4425,0.739,the envelope is still moving 0.51 deg at the end of the window against a 0.41 deg band -- still decaying,60.0,,0,1.6,2.9,1,158,309,
60.0,2026-09-09_213341,1061595.883,233.2,53.856,0.031536,-0.996824,0.073122,0.276467,-0.63509,-0.721267,40.731,310.824,17.935,81.858,-22.796,131.034,0.575,1.023,0.9569,0.8267,9.127,0.3258,0.0986,0.4244,1.545,0.287,1.554,3.363,15.682,0.4462,2.352,1.9634,1.1138,1.726,,60.0,1.266,1,1.74,2.93,0,211,314,
60.0,2026-09-10_000608,1070743.244,230.4,55.836,0.007368,-0.996859,0.078859,0.272459,-0.619777,-0.735964,39.54,307.532,19.089,90.853,-20.452,143.321,0.598,1.968,1.5143,1.4662,12.489,0.3807,0.135,0.5157,3.341,0.598,1.363,4.583,14.503,0.4978,3.222,,1.2675,2.391,the envelope is still moving 1.67 deg at the end of the window against a 1.13 deg band -- still decaying,60.0,1.375,1,1.02,2.93,0,210,309,
60.0,2026-09-10_000732,1070827.178,245.3,2.813,0.423293,-0.813467,-0.398867,0.419467,-0.792174,-0.443291,2.717,251.063,1.253,168.951,-1.463,-82.112,0.585,0.591,,,0.887,,,,,,0.93,1.097,1.714,0.5523,1.219,,,,"the cut moved the cone by 0.49 deg, under the 1.0 deg floor -- no decay to time",60.0,,0,1.16,2.93,0,206,313,swing 2.8 deg below the 5 deg floor
60.0,2026-09-10_000856,1070910.531,228.4,12.958,0.633575,-0.667766,-0.390732,0.562968,-0.796878,-0.21921,17.56,180.822,15.646,226.954,-1.914,46.133,0.772,0.637,1.9825,1.4364,4.562,0.6728,-0.0364,0.6364,0.566,0.437,1.727,2.069,7.05,0.2046,1.244,2.6273,1.6416,0.606,,60.05,1.287,1,2.11,2.93,0,211,308,
60.0,2026-09-10_001019,1070993.934,229.5,13.279,0.629448,-0.668469,-0.396161,0.563704,-0.797345,-0.215587,16.992,180.807,15.803,229.021,-1.189,48.214,0.73,0.612,2.2645,2.2691,4.518,0.3324,-0.1221,0.2103,0.601,0.453,1.682,2.201,8.133,0.2184,1.155,3.3522,1.2141,1.028,,60.15,1.043,1,3.81,2.16,1,186,307,
60.0,2026-09-10_001143,1071077.469,231.2,12.881,0.634059,-0.667488,-0.390422,0.567899,-0.79387,-0.217396,17.076,181.689,15.71,228.27,-1.366,46.581,0.914,0.532,1.489,1.4415,4.746,0.2571,-0.0348,0.2224,0.495,0.384,2.008,2.074,7.407,0.2076,1.224,2.7863,1.2141,1.054,,60.0,1.414,1,1.32,2.93,0,210,312,
70.0,2026-09-09_213502,1061679.682,232.1,13.622,0.630426,-0.660736,-0.40742,0.56634,-0.79216,-0.22747,19.977,187.93,19.946,227.634,-0.031,39.704,2.028,0.58,2.2343,2.2464,2.71,0.3588,-0.1373,0.2216,0.561,0.412,4.291,1.994,6.989,0.1688,1.173,3.0747,1.714,0.527,,70.3,1.293,1,3.45,2.775,0,212,309,
70.0,2026-09-09_213630,1061767.934,235.0,13.534,0.629377,-0.659659,-0.410773,0.566429,-0.792457,-0.226208,16.984,179.877,15.852,229.06,-1.132,49.183,0.649,0.483,1.4819,1.4551,4.843,0.7,-0.032,0.668,0.419,0.31,1.287,1.698,7.701,0.2159,0.89,2.9097,1.1628,0.692,,70.0,0.903,1,1.22,2.22,1,209,316,
70.0,2026-09-09_213757,1061854.176,232.5,25.962,0.263365,-0.200691,-0.94359,0.27988,-0.603539,-0.746598,44.897,102.423,19.839,88.986,-25.059,-13.437,3.948,0.997,2.3206,1.427,9.408,0.3857,-0.0452,0.3406,1.357,0.523,3.928,2.86,14.558,0.2548,2.471,1.4751,0.7238,2.154,,70.05,2.13,1,1.67,2.46,1,205,302,
70.0,2026-09-09_213924,1061941.468,252.7,13.792,0.626883,-0.661378,-0.411821,0.56848,-0.793139,-0.218541,17.083,176.617,15.731,226.932,-1.352,50.315,0.645,0.596,0.4711,0.4214,4.311,0.2967,-0.0526,0.2441,0.62,0.45,1.431,1.824,8.851,0.2464,1.193,2.3606,1.0668,0.957,,70.1,0.523,1,2.37,2.775,0,204,312,
70.0,2026-09-09_214051,1062028.755,229.5,56.96,-0.026028,0.996032,-0.085102,-0.279923,0.60052,0.749012,39.201,307.281,20.82,91.676,-18.381,144.395,2.261,1.51,1.457,1.1087,14.024,0.3704,0.1367,0.5071,2.974,0.522,1.258,4.158,14.012,0.5106,2.52,2.6847,2.3176,-1.33,,70.0,,0,1.54,2.775,0,204,311,
80.0,2026-09-09_214219,1062119.948,232.5,14.189,0.630903,-0.657134,-0.412475,0.580547,-0.787131,-0.208301,17.976,174.244,16.581,223.22,-1.395,48.976,0.51,0.668,2.1818,2.1515,5.631,0.2931,-0.0254,0.2677,0.625,0.441,0.978,2.339,7.637,0.2302,1.354,2.3781,1.3817,0.924,,79.95,0.456,1,2.21,1.82,1,210,221,
80.0,2026-09-09_214349,1062209.355,235.0,13.743,0.632797,-0.656476,-0.410618,0.580294,-0.785409,-0.215388,16.934,177.615,16.147,227.354,-0.788,49.739,0.509,0.744,1.8178,1.7652,5.444,0.769,-0.0295,0.7395,0.968,0.705,1.015,2.427,7.649,0.2152,1.418,3.1504,1.506,1.037,,80.1,0.445,1,1.89,2.62,1,204,312,
80.0,2026-09-09_214518,1062298.417,233.6,13.889,0.634133,-0.657314,-0.407202,0.580708,-0.786557,-0.210013,16.835,174.833,15.444,226.155,-1.39,51.322,0.504,0.677,1.4566,1.4235,5.535,0.2978,-0.0229,0.275,0.601,0.433,1.007,2.256,7.726,0.2237,1.292,2.9766,1.8683,0.447,,80.0,,0,1.62,2.62,0,190,300,
80.0,2026-09-09_214647,1062388.083,232.0,13.724,0.620691,-0.683567,-0.384029,0.579841,-0.787196,-0.210016,16.987,180.594,16.736,222.314,-0.25,41.72,5.153,0.673,2.2387,2.1918,3.178,0.7975,-0.1932,0.6043,0.574,0.418,1.248,1.895,8.83,0.0026,1.193,2.6119,1.2675,0.989,,79.2,0.797,1,1.16,3.52,1,188,294,
80.0,2026-09-09_214817,1062477.22,227.0,14.089,0.633709,-0.657664,-0.407298,0.58372,-0.785931,-0.20392,15.807,179.329,16.16,232.282,0.353,52.953,0.536,0.675,1.8253,1.8253,6.126,0.7398,-0.0163,0.7235,0.908,0.645,1.116,2.028,6.834,0.2187,1.488,2.3343,1.2141,1.199,,80.0,,0,1.54,1.84,1,204,304,
90.0,2026-09-09_225606,1066549.32,238.7,13.852,0.645515,-0.653421,-0.395414,0.600246,-0.776411,-0.192071,17.415,182.174,18.136,228.801,0.721,46.627,0.521,0.677,1.5946,1.4986,5.156,0.6974,-0.0348,0.6626,0.679,0.49,0.965,2.075,7.53,0.2263,1.516,2.3593,1.2141,1.19,,89.95,0.533,1,1.38,2.465,0,208,310,
90.0,2026-09-09_225738,1066641.806,231.3,13.759,0.618602,-0.693262,-0.369756,0.60372,-0.774539,-0.188709,16.632,191.634,20.014,226.985,3.381,35.351,5.315,0.695,1.5249,1.5249,3.569,0.6839,-0.2217,0.4622,0.517,0.376,1.158,1.871,7.464,0.0035,1.278,2.6829,1.0668,1.143,,90.0,,0,19.16,1.9,1,201,296,
90.0,2026-09-09_225911,1066734.11,229.3,13.658,0.643149,-0.657117,-0.393137,0.603201,-0.774626,-0.19001,18.214,177.912,18.061,222.867,-0.153,44.955,0.5,0.742,2.7301,1.7626,5.734,0.7242,-0.0203,0.7039,0.784,0.574,1.016,1.783,7.125,0.2196,1.23,2.4141,1.2141,0.934,,89.7,0.536,1,2.17,1.74,1,206,314,
90.0,2026-09-09_214944,1062567.056,228.2,13.506,0.631452,-0.664093,-0.400312,0.588595,-0.782872,-0.20166,17.971,179.139,17.925,224.045,-0.046,44.906,0.486,0.686,2.8541,2.771,6.111,2.2992,-0.0122,2.2871,1.11,0.822,0.911,2.08,6.138,0.234,1.264,3.157,1.3817,1.039,,89.9,0.478,1,1.48,4.78,1,202,306,
90.0,2026-09-09_215116,1062659.251,242.9,13.218,0.636918,-0.663448,-0.392647,0.589723,-0.782033,-0.201623,16.805,182.612,17.233,228.807,0.428,46.194,0.509,0.728,1.9865,1.9673,5.429,0.8758,-0.0327,0.8431,0.754,0.57,0.943,1.131,6.387,0.2223,1.191,1.5118,0.636,1.081,,90.0,,0,1.53,2.465,0,203,299,
100.0,2026-09-09_230858,1067324.476,232.5,13.121,0.641365,-0.663103,-0.385934,0.602822,-0.774828,-0.190389,18.562,176.682,17.902,219.465,-0.66,42.784,0.524,0.765,2.271,2.1957,5.499,1.1191,-0.0191,1.1001,0.424,0.323,0.882,1.18,5.909,0.2144,1.171,2.0898,0.636,1.187,,99.95,0.627,1,1.5,1.5,1,207,307,
100.0,2026-09-09_231033,1067419.509,232.5,12.835,0.641698,-0.665188,-0.38177,0.604434,-0.773781,-0.189529,18.984,187.73,20.638,226.01,1.653,38.28,0.546,0.682,2.3351,2.2986,5.578,1.5906,-0.0123,1.5782,0.705,0.549,0.947,1.378,5.391,0.2484,1.139,3.2478,0.636,1.416,,103.25,0.33,1,1.12,1.5,1,211,311,
100.0,2026-09-09_232643,1068388.969,250.6,13.007,0.64063,-0.66436,-0.384992,0.601822,-0.775344,-0.191447,16.662,184.106,17.893,228.745,1.231,44.639,0.459,0.612,2.2814,2.1901,5.197,1.54,-0.0301,1.5099,0.524,0.403,0.712,1.529,6.261,0.2066,1.084,3.263,0.86,1.184,,99.75,0.29,1,4.1,2.31,0,208,317,
100.0,2026-09-09_232818,1068483.976,238.2,12.91,0.639034,-0.66612,-0.384603,0.600739,-0.776154,-0.191568,19.853,187.067,21.275,224.296,1.422,37.229,0.547,0.951,,3.4537,5.16,,,,2.004,1.552,1.026,1.295,5.663,0.2222,1.448,,0.5353,1.295,the envelope is still moving 0.46 deg at the end of the window against a 0.42 deg band -- still decaying,100.0,,0,1.78,1.9,1,209,313,tail still wanders 2.00 deg against a 1.29 deg band -- no settled state to time
100.0,2026-09-09_233909,1069135.064,258.0,12.499,0.637873,-0.668641,-0.382148,0.59485,-0.778942,-0.198501,16.027,185.542,17.106,230.45,1.079,44.908,0.54,0.763,3.0948,2.44,4.923,1.1254,-0.0222,1.1032,1.117,0.893,0.969,1.252,5.523,0.2396,1.11,,0.6932,1.214,the envelope is still moving 0.53 deg at the end of the window against a 0.44 deg band -- still decaying,96.6,0.374,1,2.43,1.5,1,210,317,
110.0,2026-09-10_020030,1077621.671,234.6,12.598,0.637611,-0.666633,-0.386073,0.610808,-0.767799,-0.193387,16.765,184.305,18.549,226.292,1.784,41.988,0.584,1.166,3.26,3.26,5.929,1.2765,-0.0157,1.2608,0.944,0.749,1.036,1.283,4.471,0.2289,1.491,,0.86,1.329,the envelope is still moving 0.57 deg at the end of the window against a 0.30 deg band -- still decaying,110.0,,0,1.83,2.0,1,210,296,
110.0,2026-09-10_022009,1078800.667,234.0,12.807,0.638896,-0.663696,-0.388998,0.609925,-0.768321,-0.194097,18.171,181.542,19.131,222.265,0.96,40.723,0.554,1.142,2.3382,2.1281,6.849,1.2477,-0.0007,1.247,0.696,0.544,0.912,1.224,4.41,0.2509,1.611,,0.5834,1.451,the envelope is still moving 0.42 deg at the end of the window against a 0.28 deg band -- still decaying,100.65,0.477,1,2.24,2.155,0,211,315,
110.0,2026-09-10_022149,1078900.67,233.2,12.739,0.641871,-0.662475,-0.386172,0.609391,-0.768487,-0.195118,19.612,183.973,20.58,221.372,0.969,37.399,0.574,1.11,2.489,1.893,6.43,1.272,-0.0107,1.2613,0.866,0.68,0.921,1.298,4.1,0.1215,1.573,,0.7238,1.455,the envelope is still moving 0.73 deg at the end of the window against a 0.25 deg band -- still decaying,55.15,0.428,1,1.08,1.84,1,201,310,
110.0,2026-09-10_022330,1079001.209,231.5,12.819,-0.641007,0.662676,0.387259,-0.60984,0.768558,0.193428,17.879,185.533,19.557,225.881,1.678,40.348,0.6,1.01,2.2995,2.2419,6.619,1.3021,-0.0,1.3021,0.651,0.508,0.869,1.186,4.133,0.1306,1.321,,0.7889,1.185,the envelope is still moving 0.51 deg at the end of the window against a 0.28 deg band -- still decaying,100.65,0.658,1,10.44,1.88,1,211,315,
110.0,2026-09-10_022511,1079102.524,230.5,12.836,0.636867,-0.666087,-0.388238,0.607529,-0.770693,-0.192201,17.942,178.777,18.381,220.896,0.439,42.119,0.48,1.113,,3.4389,7.117,,,,1.413,1.101,0.922,1.243,4.592,0.266,1.674,,0.636,1.412,the envelope is still moving 0.79 deg at the end of the window against a 0.29 deg band -- still decaying,110.0,,0,1.04,2.155,0,205,291,tail still wanders 1.41 deg against a 1.28 deg band -- no settled state to time
