# skew_n, 3232
# skew_median_ms, 1.0082090157084167
# skew_p95_ms, 8.434141619363798
# skew_max_ms, 28.510916978120804
# skew_dropped, 0
index,t_capture,skew_s,t_a,t_b
0,342566.479400,0.004423,342566.477188,342566.481612
1,342566.515358,0.000955,342566.514880,342566.515835
2,342566.539036,0.000931,342566.539501,342566.538571
3,342566.554271,0.000969,342566.554756,342566.553787
4,342566.578837,0.000994,342566.578340,342566.579334
5,342566.602415,0.000862,342566.602846,342566.601984
6,342566.627746,0.001001,342566.627246,342566.628247
7,342566.650048,0.001166,342566.650631,342566.649465
8,342566.666705,0.001122,342566.666144,342566.667266
9,342566.690622,0.001083,342566.691163,342566.690080
10,342566.715067,0.001301,342566.714416,342566.715717
11,342566.727545,0.008768,342566.723161,342566.731929
12,342566.758140,0.002348,342566.759314,342566.756966
13,342566.778704,0.000904,342566.779156,342566.778251
14,342566.800029,0.004056,342566.802057,342566.798001
15,342566.819213,0.001015,342566.818705,342566.819721
16,342566.843944,0.001044,342566.843423,342566.844466
17,342566.863498,0.007991,342566.867494,342566.859503
18,342566.882632,0.000973,342566.882145,342566.883118
19,342566.908581,0.001021,342566.909092,342566.908071
20,342566.930378,0.001017,342566.930887,342566.929870
21,342566.956172,0.000905,342566.956625,342566.955719
22,342566.974346,0.006706,342566.970994,342566.977699
23,342566.994623,0.001022,342566.995134,342566.994112
24,342567.018528,0.001004,342567.018026,342567.019030
25,342567.042559,0.001046,342567.043082,342567.042036
26,342567.058729,0.001038,342567.059248,342567.058210
27,342567.082670,0.000935,342567.082202,342567.083137
28,342567.108404,0.000977,342567.108893,342567.107916
29,342567.127726,0.005420,342567.130436,342567.125016
30,342567.146855,0.001036,342567.146337,342567.147373
31,342567.171660,0.000934,342567.172126,342567.171193
32,342567.194362,0.000946,342567.194835,342567.193890
33,342567.211699,0.000909,342567.211245,342567.212154
34,342567.226964,0.001038,342567.226445,342567.227483
35,342567.258532,0.001042,342567.258011,342567.259053
36,342567.278594,0.006381,342567.281784,342567.275404
37,342567.300049,0.000847,342567.300473,342567.299626
38,342567.322974,0.000944,342567.323446,342567.322502
39,342567.345470,0.001082,342567.344928,342567.346011
40,342567.365516,0.007183,342567.361924,342567.369107
41,342567.384585,0.010272,342567.379449,342567.389721
42,342567.409773,0.001040,342567.410292,342567.409253
43,342567.434744,0.000990,342567.435238,342567.434249
44,342567.452492,0.001336,342567.451824,342567.453160
45,342567.466866,0.001432,342567.467582,342567.466150
46,342567.497561,0.001021,342567.497050,342567.498071
47,342567.517658,0.007045,342567.521181,342567.514136
48,342567.538081,0.002346,342567.539254,342567.536908
49,342567.563075,0.000572,342567.563361,342567.562789
50,342567.583295,0.006452,342567.586521,342567.580069
51,342567.602749,0.000958,342567.602270,342567.603227
52,342567.627525,0.001195,342567.626928,342567.628123
53,342567.649616,0.000960,342567.650096,342567.649136
54,342567.662371,0.007704,342567.658520,342567.666223
55,342567.691862,0.001812,342567.690956,342567.692768
56,342567.714459,0.001027,342567.713946,342567.714973
57,342567.738775,0.000865,342567.738343,342567.739208
58,342567.761631,0.001176,342567.761043,342567.762219
59,342567.785941,0.001095,342567.786488,342567.785394
60,342567.807265,0.003428,342567.808979,342567.805551
61,342567.827009,0.000400,342567.827209,342567.826809
62,342567.850703,0.000977,342567.851191,342567.850215
63,342567.872073,0.004163,342567.869992,342567.874155
64,342567.891242,0.000975,342567.891730,342567.890755
65,342567.914879,0.001059,342567.915408,342567.914350
66,342567.936459,0.006045,342567.933437,342567.939482
67,342567.959155,0.000125,342567.959093,342567.959217
68,342567.970629,0.013281,342567.977269,342567.963988
69,342567.994326,0.004124,342567.992264,342567.996388
70,342568.013872,0.010142,342568.018943,342568.008801
71,342568.044790,0.001382,342568.045481,342568.044099
72,342568.061883,0.001007,342568.061379,342568.062387
73,342568.084028,0.005654,342568.081201,342568.086855
74,342568.107245,0.003183,342568.108836,342568.105653
75,342568.126579,0.007035,342568.130097,342568.123061
76,342568.147683,0.000898,342568.148132,342568.147234
77,342568.169940,0.001004,342568.169438,342568.170442
78,342568.186606,0.001556,342568.187384,342568.185828
79,342568.211121,0.000479,342568.210882,342568.211361
80,342568.232223,0.011337,342568.226554,342568.237891
81,342568.255307,0.002699,342568.256656,342568.253957
82,342568.275606,0.002826,342568.277019,342568.274194
83,342568.299412,0.000973,342568.299898,342568.298926
84,342568.316209,0.001353,342568.316886,342568.315532
85,342568.339129,0.001123,342568.339691,342568.338567
86,342568.362713,0.000925,342568.362251,342568.363176
87,342568.383160,0.006705,342568.386513,342568.379808
88,342568.403494,0.000714,342568.403137,342568.403851
89,342568.427404,0.001016,342568.426896,342568.427912
90,342568.450569,0.000923,342568.450108,342568.451031
91,342568.467050,0.001166,342568.466467,342568.467633
92,342568.490735,0.000923,342568.490274,342568.491197
93,342568.515653,0.000875,342568.516091,342568.515216
94,342568.530718,0.000973,342568.531204,342568.530231
95,342568.555983,0.000938,342568.555514,342568.556452
96,342568.578686,0.000946,342568.579160,342568.578213
97,342568.594914,0.000901,342568.595365,342568.594464
98,342568.618543,0.000916,342568.618085,342568.619001
99,342568.642609,0.001041,342568.643130,342568.642089
100,342568.661362,0.001214,342568.661969,342568.660755
101,342568.683056,0.001128,342568.682492,342568.683619
102,342568.695382,0.008275,342568.699520,342568.691245
103,342568.725235,0.000982,342568.725727,342568.724744
104,342568.746361,0.001006,342568.745858,342568.746864
105,342568.770479,0.000807,342568.770883,342568.770076
106,342568.786394,0.000962,342568.785913,342568.786875
107,342568.812114,0.001525,342568.812876,342568.811351
108,342568.834449,0.008525,342568.838712,342568.830186
109,342568.859283,0.000911,342568.859739,342568.858827
110,342568.874920,0.000966,342568.875402,342568.874437
111,342568.898777,0.001622,342568.897966,342568.899588
112,342568.916954,0.002254,342568.918081,342568.915827
113,342568.939468,0.000784,342568.939076,342568.939860
114,342568.964171,0.001105,342568.963618,342568.964724
115,342568.986263,0.000930,342568.986728,342568.985798
116,342569.003631,0.000198,342569.003532,342569.003730
117,342569.028068,0.000409,342569.028273,342569.027864
118,342569.049954,0.000997,342569.049456,342569.050452
119,342569.066376,0.001485,342569.065633,342569.067118
120,342569.092053,0.001076,342569.091515,342569.092591
121,342569.110326,0.006385,342569.113518,342569.107133
122,342569.129570,0.001046,342569.129047,342569.130093
123,342569.152766,0.007991,342569.156762,342569.148770
124,342569.177320,0.000957,342569.177799,342569.176842
125,342569.202815,0.000958,342569.202336,342569.203294
126,342569.217706,0.000940,342569.218176,342569.217235
127,342569.243576,0.002131,342569.242511,342569.244642
128,342569.267032,0.000993,342569.267528,342569.266535
129,342569.288272,0.006445,342569.291495,342569.285050
130,342569.308221,0.001091,342569.307675,342569.308766
131,342569.332855,0.000675,342569.332518,342569.333193
132,342569.353699,0.000896,342569.353251,342569.354148
133,342569.374238,0.000950,342569.374712,342569.373763
134,342569.397399,0.000997,342569.396901,342569.397897
135,342569.419017,0.001236,342569.418399,342569.419635
136,342569.437320,0.007991,342569.441315,342569.433324
137,342569.459065,0.000984,342569.459557,342569.458573
138,342569.483965,0.001037,342569.483447,342569.484484
139,342569.497065,0.008637,342569.492747,342569.501384
140,342569.521939,0.001027,342569.521425,342569.522452
141,342569.545547,0.001037,342569.545029,342569.546066
142,342569.565321,0.008266,342569.561188,342569.569454
143,342569.590434,0.000170,342569.590519,342569.590349
144,342569.605527,0.001290,342569.604882,342569.606172
145,342569.631020,0.001407,342569.630316,342569.631723
146,342569.650777,0.001099,342569.651326,342569.650227
147,342569.674921,0.000822,342569.675332,342569.674510
148,342569.690742,0.000995,342569.691240,342569.690244
149,342569.714383,0.000922,342569.714844,342569.713922
150,342569.739388,0.001111,342569.738833,342569.739943
151,342569.758114,0.007989,342569.762108,342569.754119
152,342569.778307,0.000986,342569.778800,342569.777814
153,342569.802527,0.001063,342569.803059,342569.801996
154,342569.819449,0.000833,342569.819033,342569.819866
155,342569.839773,0.008355,342569.843950,342569.835596
156,342569.865459,0.000938,342569.865928,342569.864990
157,342569.886708,0.006616,342569.883399,342569.890016
158,342569.907568,0.000942,342569.907097,342569.908039
159,342569.930815,0.000970,342569.931300,342569.930330
160,342569.947839,0.001024,342569.948351,342569.947327
161,342569.972827,0.001359,342569.973507,342569.972148
162,342569.994481,0.001075,342569.995019,342569.993944
163,342570.012159,0.000896,342570.011711,342570.012607
164,342570.035808,0.001018,342570.035299,342570.036317
165,342570.056198,0.005872,342570.059134,342570.053262
166,342570.071185,0.008462,342570.075416,342570.066954
167,342570.098370,0.001096,342570.098918,342570.097822
168,342570.122682,0.001022,342570.123193,342570.122171
169,342570.138986,0.001049,342570.138461,342570.139510
170,342570.163132,0.000952,342570.163608,342570.162656
171,342570.183327,0.008838,342570.178908,342570.187746
172,342570.202816,0.000784,342570.203207,342570.202424
173,342570.227099,0.000870,342570.226664,342570.227534
174,342570.251245,0.000930,342570.251710,342570.250780
175,342570.267219,0.000934,342570.267686,342570.266752
176,342570.291039,0.000868,342570.291473,342570.290605
177,342570.315551,0.000988,342570.316045,342570.315057
178,342570.331210,0.001033,342570.330694,342570.331727
179,342570.352855,0.012463,342570.346624,342570.359087
180,342570.379272,0.001048,342570.378748,342570.379796
181,342570.398973,0.007381,342570.395282,342570.402663
182,342570.415578,0.008792,342570.411182,342570.419974
183,342570.443920,0.000968,342570.443436,342570.444403
184,342570.457703,0.013332,342570.464369,342570.451037
185,342570.482373,0.000918,342570.481914,342570.482832
186,342570.502985,0.008791,342570.507381,342570.498590
187,342570.522889,0.000906,342570.522436,342570.523342
188,342570.546274,0.000970,342570.546759,342570.545788
189,342570.570652,0.000905,342570.571104,342570.570199
190,342570.594293,0.000953,342570.594769,342570.593816
191,342570.610975,0.001387,342570.611668,342570.610281
192,342570.635095,0.000938,342570.634626,342570.635564
193,342570.658928,0.001011,342570.658423,342570.659433
194,342570.674705,0.000395,342570.674508,342570.674903
195,342570.697828,0.001430,342570.697113,342570.698543
196,342570.722686,0.001145,342570.723258,342570.722114
197,342570.738760,0.001093,342570.739307,342570.738214
198,342570.762716,0.000959,342570.763196,342570.762237
199,342570.786865,0.001218,342570.787474,342570.786256
200,342570.803199,0.000955,342570.803677,342570.802722
201,342570.826923,0.000957,342570.826445,342570.827402
202,342570.850877,0.000543,342570.850605,342570.851148
203,342570.867777,0.001867,342570.868710,342570.866843
204,342570.891206,0.001250,342570.890581,342570.891831
205,342570.911231,0.008231,342570.907115,342570.915347
206,342570.931140,0.000967,342570.931623,342570.930656
207,342570.955327,0.001021,342570.954816,342570.955837
208,342570.972023,0.000829,342570.972437,342570.971608
209,342570.994777,0.002211,342570.995883,342570.993671
210,342571.017825,0.001301,342571.017175,342571.018476
211,342571.042815,0.000726,342571.043178,342571.042452
212,342571.060116,0.008429,342571.055902,342571.064331
213,342571.081743,0.001368,342571.082427,342571.081059
214,342571.094846,0.006712,342571.091490,342571.098202
215,342571.124298,0.000826,342571.124711,342571.123885
216,342571.147278,0.000966,342571.147761,342571.146795
217,342571.166585,0.008300,342571.162435,342571.170735
218,342571.188014,0.000970,342571.188499,342571.187529
219,342571.211021,0.001528,342571.210257,342571.211785
220,342571.230273,0.007943,342571.226301,342571.234244
221,342571.251536,0.000806,342571.251939,342571.251133
222,342571.274446,0.000964,342571.273964,342571.274928
223,342571.295101,0.007534,342571.291334,342571.298868
224,342571.315281,0.001023,342571.314770,342571.315793
225,342571.338648,0.000937,342571.339117,342571.338180
226,342571.354841,0.001028,342571.355355,342571.354327
227,342571.378637,0.001241,342571.378016,342571.379257
228,342571.403082,0.000976,342571.402593,342571.403570
229,342571.422613,0.006665,342571.419280,342571.425945
230,342571.439597,0.007704,342571.443449,342571.435745
231,342571.467265,0.001852,342571.466339,342571.468191
232,342571.486209,0.007975,342571.482221,342571.490196
233,342571.507777,0.000927,342571.508241,342571.507314
234,342571.530713,0.000908,342571.530260,342571.531167
235,342571.551026,0.006820,342571.547616,342571.554436
236,342571.571656,0.001086,342571.572199,342571.571113
237,342571.595342,0.001049,342571.594818,342571.595867
238,342571.615465,0.006002,342571.618466,342571.612464
239,342571.635506,0.002000,342571.636506,342571.634507
240,342571.658584,0.001000,342571.659084,342571.658084
241,342571.682503,0.000936,342571.682035,342571.682971
242,342571.699578,0.001002,342571.699077,342571.700079
243,342571.724239,0.001328,342571.724903,342571.723575
244,342571.745721,0.000982,342571.746212,342571.745231
245,342571.762668,0.000907,342571.763122,342571.762215
246,342571.783474,0.008438,342571.779255,342571.787693
247,342571.807000,0.006712,342571.810356,342571.803644
248,342571.828973,0.001061,342571.828442,342571.829503
249,342571.851433,0.000640,342571.851112,342571.851753
250,342571.867293,0.000908,342571.867747,342571.866839
251,342571.890910,0.001270,342571.890275,342571.891545
252,342571.913467,0.001446,342571.912744,342571.914190
253,342571.934318,0.006160,342571.937398,342571.931238
254,342571.953586,0.000926,342571.954049,342571.953123
255,342571.978777,0.001508,342571.978023,342571.979531
256,342571.995847,0.000943,342571.995376,342571.996319
257,342572.015541,0.008668,342572.011207,342572.019875
258,342572.043133,0.001016,342572.043641,342572.042625
259,342572.059739,0.001381,342572.059048,342572.060429
260,342572.083642,0.001345,342572.084315,342572.082970
261,342572.103604,0.007106,342572.100051,342572.107157
262,342572.119846,0.007021,342572.123357,342572.116336
263,342572.146540,0.000828,342572.146126,342572.146954
264,342572.162774,0.001042,342572.163295,342572.162253
265,342572.188872,0.000869,342572.189306,342572.188437
266,342572.211814,0.000945,342572.212286,342572.211341
267,342572.231642,0.003751,342572.233518,342572.229767
268,342572.249788,0.001304,342572.250440,342572.249135
269,342572.273754,0.000915,342572.273297,342572.274211
270,342572.293211,0.007679,342572.297051,342572.289371
271,342572.313965,0.000804,342572.313563,342572.314367
272,342572.337564,0.001260,342572.336934,342572.338194
273,342572.357525,0.006928,342572.354061,342572.360988
274,342572.378539,0.000999,342572.379038,342572.378039
275,342572.403416,0.000693,342572.403763,342572.403070
276,342572.418689,0.001086,342572.419232,342572.418146
277,342572.443657,0.000932,342572.443191,342572.444124
278,342572.466296,0.000801,342572.466697,342572.465895
279,342572.486329,0.007905,342572.482376,342572.490282
280,342572.507811,0.000990,342572.507316,342572.508306
281,342572.530100,0.000999,342572.529601,342572.530600
282,342572.550814,0.007422,342572.554524,342572.547103
283,342572.570947,0.001263,342572.570315,342572.571578
284,342572.592601,0.009968,342572.587617,342572.597585
285,342572.618698,0.001039,342572.619218,342572.618179
286,342572.635186,0.001155,342572.635763,342572.634608
287,342572.658738,0.001043,342572.658217,342572.659259
288,342572.681202,0.000950,342572.681677,342572.680727
289,342572.694564,0.009162,342572.689983,342572.699145
290,342572.724025,0.001021,342572.723515,342572.724536
291,342572.746628,0.000934,342572.746160,342572.747095
292,342572.762666,0.000669,342572.763001,342572.762332
293,342572.788407,0.000643,342572.788085,342572.788728
294,342572.807121,0.006569,342572.810406,342572.803837
295,342572.825043,0.009407,342572.820340,342572.829747
296,342572.847094,0.009236,342572.851712,342572.842476
297,342572.866868,0.000531,342572.867134,342572.866603
298,342572.889431,0.000979,342572.889920,342572.888941
299,342572.913533,0.000995,342572.914031,342572.913036
300,342572.926935,0.008553,342572.922659,342572.931211
301,342572.951925,0.008128,342572.947861,342572.955988
302,342572.974923,0.006328,342572.978087,342572.971759
303,342572.995124,0.000897,342572.995573,342572.994676
304,342573.018882,0.001220,342573.018272,342573.019492
305,342573.035649,0.001102,342573.035097,342573.036200
306,342573.061527,0.001128,342573.060963,342573.062091
307,342573.082106,0.000879,342573.081666,342573.082545
308,342573.103261,0.005965,342573.100279,342573.106244
309,342573.123991,0.000808,342573.123587,342573.124395
310,342573.146560,0.001069,342573.147094,342573.146025
311,342573.171183,0.000977,342573.171672,342573.170695
312,342573.186438,0.000974,342573.185951,342573.186925
313,342573.211450,0.000170,342573.211365,342573.211535
314,342573.235196,0.000648,342573.234872,342573.235520
315,342573.250843,0.001270,342573.251478,342573.250208
316,342573.271255,0.008419,342573.275464,342573.267045
317,342573.298662,0.001019,342573.298152,342573.299171
318,342573.314751,0.000905,342573.314299,342573.315203
319,342573.339076,0.000554,342573.339353,342573.338798
320,342573.362533,0.001378,342573.361844,342573.363221
321,342573.379328,0.000977,342573.379817,342573.378840
322,342573.403157,0.000703,342573.402806,342573.403509
323,342573.426683,0.000991,342573.426187,342573.427178
324,342573.446282,0.007141,342573.442712,342573.449852
325,342573.467116,0.000957,342573.467594,342573.466637
326,342573.490626,0.000996,342573.491125,342573.490128
327,342573.507955,0.000939,342573.508425,342573.507486
328,342573.532047,0.001029,342573.531533,342573.532561
329,342573.547258,0.001176,342573.547846,342573.546670
330,342573.574396,0.007242,342573.570775,342573.578017
331,342573.595775,0.000891,342573.596221,342573.595330
332,342573.618380,0.001020,342573.617870,342573.618890
333,342573.635862,0.001387,342573.635168,342573.636555
334,342573.664233,0.000548,342573.664507,342573.663958
335,342573.683250,0.001009,342573.682746,342573.683755
336,342573.705445,0.000982,342573.704954,342573.705936
337,342573.719840,0.009520,342573.724600,342573.715080
338,342573.746460,0.000951,342573.745984,342573.746935
339,342573.770510,0.001010,342573.771015,342573.770006
340,342573.786433,0.000975,342573.785946,342573.786921
341,342573.811014,0.000953,342573.811490,342573.810538
342,342573.834810,0.001066,342573.835343,342573.834277
343,342573.851091,0.001367,342573.851774,342573.850408
344,342573.874728,0.001049,342573.874204,342573.875253
345,342573.898587,0.001548,342573.899361,342573.897813
346,342573.917549,0.007183,342573.921141,342573.913958
347,342573.940549,0.000942,342573.940078,342573.941020
348,342573.963054,0.000633,342573.962737,342573.963370
349,342573.981942,0.006374,342573.978754,342573.985129
350,342574.002568,0.000534,342574.002834,342574.002301
351,342574.025858,0.000695,342574.026205,342574.025510
352,342574.042335,0.001355,342574.041657,342574.043012
353,342574.063836,0.007958,342574.059856,342574.067815
354,342574.088366,0.003842,342574.090287,342574.086445
355,342574.107831,0.000898,342574.107382,342574.108280
356,342574.130381,0.000761,342574.130761,342574.130001
357,342574.146805,0.001499,342574.147554,342574.146055
358,342574.171530,0.000893,342574.171083,342574.171976
359,342574.194736,0.001030,342574.194221,342574.195251
360,342574.215734,0.005950,342574.212759,342574.218709
361,342574.235193,0.001093,342574.235739,342574.234646
362,342574.258783,0.000876,342574.258345,342574.259221
363,342574.282996,0.001076,342574.283534,342574.282458
364,342574.295324,0.007780,342574.291434,342574.299214
365,342574.324146,0.000798,342574.324545,342574.323747
366,342574.346697,0.000950,342574.346222,342574.347171
367,342574.363331,0.000571,342574.363617,342574.363045
368,342574.388142,0.000619,342574.387832,342574.388451
369,342574.410651,0.000954,342574.410174,342574.411127
370,342574.428375,0.001039,342574.427855,342574.428895
371,342574.451702,0.001789,342574.452597,342574.450808
372,342574.471616,0.009017,342574.476124,342574.467108
373,342574.490654,0.000956,342574.490176,342574.491132
374,342574.513277,0.001048,342574.513801,342574.512753
375,342574.537602,0.000988,342574.537108,342574.538096
376,342574.554658,0.001006,342574.555161,342574.554155
377,342574.580935,0.000817,342574.581343,342574.580526
378,342574.602530,0.000910,342574.602075,342574.602985
379,342574.618875,0.000644,342574.618553,342574.619197
380,342574.639646,0.008722,342574.644007,342574.635285
381,342574.666084,0.001365,342574.666766,342574.665401
382,342574.690527,0.000983,342574.690036,342574.691018
383,342574.708139,0.000803,342574.707737,342574.708540
384,342574.730666,0.001063,342574.730135,342574.731198
385,342574.751089,0.007234,342574.754706,342574.747473
386,342574.772290,0.000881,342574.772730,342574.771849
387,342574.795010,0.001031,342574.795526,342574.794494
388,342574.815366,0.006558,342574.818645,342574.812087
389,342574.835806,0.000669,342574.835471,342574.836140
390,342574.858497,0.001020,342574.857988,342574.859007
391,342574.882616,0.001087,342574.883159,342574.882073
392,342574.898563,0.001010,342574.898058,342574.899069
393,342574.922713,0.000847,342574.923137,342574.922289
394,342574.943083,0.007576,342574.939295,342574.946871
395,342574.963997,0.001493,342574.964744,342574.963251
396,342574.981906,0.009292,342574.977260,342574.986552
397,342575.007917,0.006295,342575.004770,342575.011065
398,342575.027187,0.000946,342575.026714,342575.027661
399,342575.051329,0.000940,342575.051800,342575.050859
400,342575.070231,0.007923,342575.074192,342575.066269
401,342575.093681,0.000263,342575.093812,342575.093549
402,342575.113604,0.001018,342575.113095,342575.114113
403,342575.131524,0.000208,342575.131420,342575.131628
404,342575.155470,0.001012,342575.155976,342575.154964
405,342575.179044,0.000889,342575.179488,342575.178599
406,342575.195077,0.000958,342575.194598,342575.195555
407,342575.215854,0.007829,342575.211939,342575.219768
408,342575.242698,0.000832,342575.242282,342575.243114
409,342575.262352,0.007638,342575.266171,342575.258534
410,342575.283698,0.000853,342575.284124,342575.283272
411,342575.307878,0.001001,342575.307377,342575.308378
412,342575.327052,0.007140,342575.323482,342575.330622
413,342575.346843,0.001335,342575.347511,342575.346176
414,342575.374001,0.001221,342575.373391,342575.374612
415,342575.387551,0.001222,342575.388162,342575.386940
416,342575.410756,0.000945,342575.410283,342575.411228
417,342575.435203,0.001353,342575.435879,342575.434526
418,342575.459126,0.000882,342575.458686,342575.459567
419,342575.476533,0.000918,342575.476992,342575.476074
420,342575.498820,0.000998,342575.498321,342575.499319
421,342575.520202,0.009588,342575.515408,342575.524996
422,342575.542823,0.006419,342575.546033,342575.539614
423,342575.562763,0.001034,342575.562246,342575.563280
424,342575.586210,0.000888,342575.585766,342575.586654
425,342575.610675,0.001057,342575.610146,342575.611204
426,342575.627460,0.000865,342575.627893,342575.627028
427,342575.650850,0.001071,342575.650314,342575.651385
428,342575.663758,0.007547,342575.659984,342575.667532
429,342575.690975,0.001213,342575.690369,342575.691582
430,342575.714297,0.001000,342575.713797,342575.714797
431,342575.739112,0.000922,342575.739573,342575.738651
432,342575.754603,0.000948,342575.754129,342575.755077
433,342575.773449,0.000752,342575.773825,342575.773073
434,342575.798779,0.006847,342575.802202,342575.795355
435,342575.820177,0.000850,342575.820602,342575.819752
436,342575.841827,0.001121,342575.842387,342575.841266
437,342575.866989,0.000660,342575.866659,342575.867319
438,342575.882586,0.000997,342575.883085,342575.882087
439,342575.907370,0.000908,342575.907824,342575.906917
440,342575.924233,0.001088,342575.923690,342575.924777
441,342575.947152,0.001174,342575.946565,342575.947739
442,342575.971487,0.001041,342575.970966,342575.972008
443,342575.990905,0.006034,342575.987888,342575.993922
444,342576.012104,0.000922,342576.011643,342576.012565
445,342576.034913,0.000809,342576.035318,342576.034509
446,342576.050700,0.001033,342576.051216,342576.050183
447,342576.074802,0.000916,342576.074344,342576.075260
448,342576.092749,0.001025,342576.092237,342576.093262
449,342576.115166,0.001254,342576.115793,342576.114539
450,342576.140075,0.001506,342576.140828,342576.139322
451,342576.155181,0.000922,342576.154720,342576.155642
452,342576.179697,0.000973,342576.179210,342576.180184
453,342576.203550,0.001279,342576.202911,342576.204190
454,342576.224029,0.003158,342576.225608,342576.222450
455,342576.238992,0.008934,342576.243459,342576.234524
456,342576.266616,0.001057,342576.267144,342576.266087
457,342576.286488,0.007729,342576.282624,342576.290352
458,342576.306710,0.000946,342576.306237,342576.307182
459,342576.330340,0.000932,342576.330806,342576.329875
460,342576.346781,0.001001,342576.347281,342576.346281
461,342576.371714,0.001274,342576.372351,342576.371076
462,342576.394457,0.000996,342576.394955,342576.393959
463,342576.414169,0.007841,342576.418090,342576.410249
464,342576.434570,0.000998,342576.435069,342576.434070
465,342576.458600,0.000837,342576.458181,342576.459018
466,342576.472239,0.008092,342576.476284,342576.468193
467,342576.498689,0.000983,342576.498197,342576.499180
468,342576.523272,0.000903,342576.523724,342576.522821
469,342576.542450,0.007810,342576.546355,342576.538545
470,342576.563558,0.000903,342576.563106,342576.564009
471,342576.582656,0.008759,342576.578276,342576.587035
472,342576.610875,0.001026,342576.610362,342576.611388
473,342576.627172,0.001029,342576.627686,342576.626657
474,342576.650486,0.000963,342576.650968,342576.650005
475,342576.674594,0.000970,342576.674109,342576.675079
476,342576.690484,0.001004,342576.690986,342576.689982
477,342576.714929,0.000939,342576.714460,342576.715399
478,342576.738542,0.000968,342576.738058,342576.739026
479,342576.754898,0.001043,342576.755420,342576.754376
480,342576.778562,0.001028,342576.778048,342576.779076
481,342576.798445,0.008391,342576.794250,342576.802641
482,342576.815369,0.008197,342576.811271,342576.819467
483,342576.842784,0.001026,342576.842271,342576.843297
484,342576.861671,0.001097,342576.861123,342576.862219
485,342576.882831,0.001384,342576.883523,342576.882139
486,342576.906494,0.000951,342576.906018,342576.906969
487,342576.923387,0.000967,342576.922904,342576.923871
488,342576.946615,0.000982,342576.947106,342576.946124
489,342576.971994,0.001201,342576.972595,342576.971394
490,342576.994515,0.001037,342576.995033,342576.993996
491,342577.011055,0.000864,342577.010623,342577.011487
492,342577.035810,0.000961,342577.035330,342577.036291
493,342577.051211,0.000234,342577.051094,342577.051328
494,342577.074629,0.000988,342577.074136,342577.075123
495,342577.098963,0.000999,342577.099462,342577.098463
496,342577.114702,0.000957,342577.114224,342577.115181
497,342577.139415,0.000675,342577.139752,342577.139077
498,342577.158691,0.009362,342577.163372,342577.154010
499,342577.179802,0.001002,342577.180303,342577.179301
500,342577.202666,0.000966,342577.202183,342577.203150
501,342577.226937,0.001192,342577.226341,342577.227533
502,342577.243278,0.000871,342577.243713,342577.242842
503,342577.267038,0.000990,342577.266543,342577.267533
504,342577.290614,0.001045,342577.290092,342577.291137
505,342577.306589,0.000988,342577.307083,342577.306094
506,342577.329485,0.000995,342577.328988,342577.329983
507,342577.355350,0.000868,342577.354916,342577.355784
508,342577.378758,0.001072,342577.379294,342577.378222
509,342577.394924,0.000904,342577.394472,342577.395376
510,342577.420117,0.000792,342577.419721,342577.420513
511,342577.439358,0.008656,342577.443686,342577.435030
512,342577.461656,0.006937,342577.458188,342577.465125
513,342577.482254,0.001082,342577.482795,342577.481712
514,342577.502972,0.008653,342577.498646,342577.507299
515,342577.526746,0.007001,342577.523246,342577.530247
516,342577.547139,0.001163,342577.546558,342577.547721
517,342577.572246,0.001724,342577.573108,342577.571384
518,342577.593677,0.001053,342577.593150,342577.594204
519,342577.609671,0.000933,342577.609204,342577.610137
520,342577.635599,0.000929,342577.636064,342577.635135
521,342577.658689,0.000790,342577.659084,342577.658294
522,342577.674949,0.000983,342577.675441,342577.674458
523,342577.691097,0.001397,342577.690398,342577.691796
524,342577.722756,0.000729,342577.723120,342577.722391
525,342577.745474,0.000950,342577.744999,342577.745949
526,342577.761689,0.000980,342577.761198,342577.762179
527,342577.786450,0.000923,342577.785989,342577.786911
528,342577.806562,0.007162,342577.802981,342577.810143
529,342577.828702,0.001238,342577.828083,342577.829321
530,342577.850907,0.001195,342577.850309,342577.851504
531,342577.869963,0.006485,342577.873205,342577.866720
532,342577.890662,0.000938,342577.891131,342577.890193
533,342577.914902,0.001011,342577.915408,342577.914397
534,342577.934340,0.007731,342577.938206,342577.930475
535,342577.954921,0.000366,342577.954737,342577.955104
536,342577.978544,0.001070,342577.979079,342577.978009
537,342577.995269,0.000833,342577.995685,342577.994852
538,342578.019574,0.000524,342578.019312,342578.019836
539,342578.043206,0.000923,342578.042745,342578.043667
540,342578.060525,0.001369,342578.059840,342578.061209
541,342578.082621,0.000929,342578.083086,342578.082157
542,342578.106965,0.001166,342578.106382,342578.107548
543,342578.124720,0.003562,342578.122939,342578.126501
544,342578.146527,0.000771,342578.146141,342578.146912
545,342578.169925,0.001042,342578.170446,342578.169404
546,342578.183155,0.008247,342578.179031,342578.187278
547,342578.210075,0.000984,342578.210567,342578.209583
548,342578.225373,0.004240,342578.227493,342578.223253
549,342578.251635,0.004574,342578.253922,342578.249348
550,342578.275430,0.000904,342578.275882,342578.274977
551,342578.293609,0.000441,342578.293829,342578.293388
552,342578.314990,0.000880,342578.314550,342578.315430
553,342578.339405,0.000942,342578.338934,342578.339876
554,342578.358955,0.006579,342578.362245,342578.355666
555,342578.379612,0.000897,342578.380060,342578.379163
556,342578.402495,0.001000,342578.401994,342578.402995
557,342578.418856,0.014330,342578.411691,342578.426021
558,342578.442836,0.000887,342578.442392,342578.443279
559,342578.467370,0.000024,342578.467382,342578.467358
560,342578.483934,0.000993,342578.483437,342578.484430
561,342578.507136,0.000235,342578.507019,342578.507253
562,342578.528198,0.003107,342578.529752,342578.526645
563,342578.555558,0.001293,342578.554912,342578.556205
564,342578.574011,0.007775,342578.570123,342578.577898
565,342578.595442,0.000867,342578.595876,342578.595009
566,342578.619299,0.000655,342578.618971,342578.619626
567,342578.639574,0.007414,342578.635866,342578.643281
568,342578.659247,0.000378,342578.659436,342578.659058
569,342578.682797,0.001046,342578.683320,342578.682275
570,342578.698683,0.000845,342578.699106,342578.698261
571,342578.722725,0.000774,342578.723112,342578.722338
572,342578.746559,0.000901,342578.746108,342578.747009
573,342578.770599,0.000964,342578.771081,342578.770116
574,342578.786596,0.001006,342578.787099,342578.786093
575,342578.811302,0.003172,342578.812889,342578.809716
576,342578.834843,0.001076,342578.834305,342578.835381
577,342578.855067,0.005805,342578.852164,342578.857970
578,342578.870713,0.007127,342578.867149,342578.874277
579,342578.899063,0.000984,342578.899555,342578.898572
580,342578.922878,0.000915,342578.923336,342578.922421
581,342578.938575,0.000944,342578.939046,342578.938103
582,342578.960373,0.005837,342578.963292,342578.957455
583,342578.983150,0.007978,342578.987138,342578.979161
584,342579.002823,0.001006,342579.003326,342579.002320
585,342579.023231,0.009217,342579.018623,342579.027840
586,342579.046749,0.002117,342579.045690,342579.047807
587,342579.067018,0.000650,342579.066693,342579.067343
588,342579.089062,0.003363,342579.090743,342579.087380
589,342579.115897,0.002417,342579.117106,342579.114688
590,342579.134234,0.002662,342579.132903,342579.135565
591,342579.153711,0.004058,342579.155740,342579.151682
592,342579.170414,0.006949,342579.173889,342579.166939
593,342579.195601,0.003344,342579.193929,342579.197273
594,342579.208023,0.012690,342579.201678,342579.214368
595,342579.238863,0.007501,342579.235112,342579.242613
596,342579.256400,0.010881,342579.250959,342579.261840
597,342579.282808,0.001114,342579.282251,342579.283365
598,342579.305499,0.003807,342579.307403,342579.303596
599,342579.322841,0.001066,342579.323374,342579.322308
600,342579.348631,0.000580,342579.348921,342579.348341
601,342579.370096,0.000946,342579.369623,342579.370570
602,342579.387404,0.000893,342579.386958,342579.387851
603,342579.411153,0.001030,342579.410638,342579.411668
604,342579.433987,0.001021,342579.434498,342579.433476
605,342579.455391,0.005060,342579.452861,342579.457921
606,342579.476987,0.000258,342579.477116,342579.476858
607,342579.500175,0.004758,342579.502554,342579.497796
608,342579.522882,0.002379,342579.524071,342579.521692
609,342579.542401,0.006862,342579.538970,342579.545832
610,342579.559381,0.005405,342579.556679,342579.562084
611,342579.586905,0.000968,342579.586420,342579.587389
612,342579.610775,0.000882,342579.611216,342579.610333
613,342579.627896,0.000879,342579.627456,342579.628335
614,342579.651025,0.000874,342579.651462,342579.650588
615,342579.665049,0.007169,342579.668633,342579.661464
616,342579.690422,0.000936,342579.690890,342579.689954
617,342579.714475,0.000992,342579.713979,342579.714971
618,342579.738632,0.000997,342579.739130,342579.738133
619,342579.754847,0.001097,342579.754298,342579.755395
620,342579.780150,0.001137,342579.779581,342579.780718
621,342579.801459,0.000975,342579.801947,342579.800972
622,342579.818025,0.001136,342579.817457,342579.818594
623,342579.843175,0.000730,342579.842810,342579.843540
624,342579.864559,0.004917,342579.867018,342579.862101
625,342579.882725,0.001028,342579.883239,342579.882211
626,342579.904051,0.008767,342579.899668,342579.908435
627,342579.923856,0.000657,342579.923528,342579.924184
628,342579.946671,0.001035,342579.947189,342579.946154
629,342579.971196,0.001031,342579.971711,342579.970681
630,342579.990166,0.007956,342579.986188,342579.994145
631,342580.009018,0.006224,342580.005906,342580.012130
632,342580.035305,0.000747,342580.034931,342580.035678
633,342580.054438,0.003881,342580.056379,342580.052498
634,342580.076529,0.002497,342580.075280,342580.077777
635,342580.099167,0.001087,342580.098623,342580.099710
636,342580.115606,0.000867,342580.116039,342580.115173
637,342580.142100,0.000880,342580.142540,342580.141660
638,342580.161632,0.001132,342580.162197,342580.161066
639,342580.185924,0.000790,342580.185529,342580.186319
640,342580.203071,0.000731,342580.202705,342580.203436
641,342580.227201,0.000972,342580.226715,342580.227687
642,342580.250725,0.001118,342580.250166,342580.251284
643,342580.267933,0.000684,342580.267591,342580.268275
644,342580.291336,0.001164,342580.291918,342580.290754
645,342580.310931,0.007507,342580.307177,342580.314684
646,342580.330862,0.001011,342580.331367,342580.330356
647,342580.356912,0.000879,342580.356473,342580.357352
648,342580.379655,0.000532,342580.379389,342580.379921
649,342580.396320,0.000951,342580.395844,342580.396795
650,342580.419162,0.001437,342580.418443,342580.419880
651,342580.442855,0.001050,342580.443380,342580.442330
652,342580.460253,0.000942,342580.459782,342580.460724
653,342580.483725,0.001082,342580.483184,342580.484266
654,342580.499644,0.000986,342580.499151,342580.500137
655,342580.526010,0.000885,342580.525568,342580.526453
656,342580.548941,0.001646,342580.549764,342580.548118
657,342580.571166,0.000837,342580.570748,342580.571585
658,342580.587064,0.014303,342580.594215,342580.579912
659,342580.611506,0.000781,342580.611896,342580.611116
660,342580.633692,0.001004,342580.634194,342580.633190
661,342580.658976,0.001125,342580.658413,342580.659538
662,342580.675060,0.000955,342580.674582,342580.675537
663,342580.699967,0.001113,342580.700523,342580.699411
664,342580.723314,0.000887,342580.722871,342580.723758
665,342580.739900,0.001024,342580.739389,342580.740412
666,342580.762490,0.001056,342580.761962,342580.763017
667,342580.784736,0.008056,342580.788764,342580.780708
668,342580.805356,0.001235,342580.805973,342580.804738
669,342580.829967,0.000958,342580.830446,342580.829488
670,342580.843974,0.000587,342580.843680,342580.844267
671,342580.873847,0.001201,342580.874447,342580.873246
672,342580.890604,0.001351,342580.891280,342580.889929
673,342580.914924,0.000556,342580.915202,342580.914646
674,342580.932495,0.013347,342580.925821,342580.939168
675,342580.955543,0.000650,342580.955868,342580.955218
676,342580.974970,0.007438,342580.971251,342580.978689
677,342581.002752,0.000208,342581.002856,342581.002648
678,342581.022539,0.005017,342581.025048,342581.020031
679,342581.040300,0.005884,342581.043242,342581.037358
680,342581.066577,0.001499,342581.065828,342581.067326
681,342581.083147,0.001185,342581.082555,342581.083740
682,342581.108929,0.000789,342581.109324,342581.108535
683,342581.129707,0.001009,342581.130211,342581.129202
684,342581.146777,0.000675,342581.147115,342581.146440
685,342581.173025,0.000961,342581.173505,342581.172544
686,342581.189210,0.000744,342581.189582,342581.188838
687,342581.211462,0.004072,342581.209426,342581.213498
688,342581.233792,0.001367,342581.233109,342581.234476
689,342581.258963,0.000965,342581.258480,342581.259446
690,342581.274929,0.001050,342581.275454,342581.274404
691,342581.298223,0.001188,342581.298818,342581.297629
692,342581.319000,0.008245,342581.314877,342581.323123
693,342581.342240,0.007778,342581.346129,342581.338351
694,342581.362476,0.001068,342581.363010,342581.361942
695,342581.383269,0.008818,342581.378860,342581.387678
696,342581.410987,0.000933,342581.411454,342581.410521
697,342581.430227,0.007998,342581.434226,342581.426228
698,342581.450413,0.000958,342581.449935,342581.450892
699,342581.474688,0.000940,342581.475157,342581.474218
700,342581.490606,0.000979,342581.490116,342581.491095
701,342581.515828,0.000532,342581.516094,342581.515562
702,342581.539320,0.000962,342581.539801,342581.538839
703,342581.557920,0.008093,342581.561966,342581.553873
704,342581.579213,0.001034,342581.579730,342581.578695
705,342581.602651,0.000956,342581.603129,342581.602173
706,342581.626734,0.000964,342581.626251,342581.627216
707,342581.642410,0.000936,342581.641942,342581.642878
708,342581.666733,0.001040,342581.667253,342581.666213
709,342581.686872,0.008529,342581.682608,342581.691137
710,342581.706381,0.000936,342581.705913,342581.706849
711,342581.728365,0.006206,342581.731468,342581.725262
712,342581.755451,0.000968,342581.755936,342581.754967
713,342581.774716,0.006791,342581.778111,342581.771320
714,342581.795400,0.000829,342581.795815,342581.794985
715,342581.819642,0.000909,342581.820097,342581.819188
716,342581.836008,0.001036,342581.836526,342581.835490
717,342581.858996,0.000989,342581.859490,342581.858501
718,342581.882568,0.000645,342581.882245,342581.882891
719,342581.897433,0.000957,342581.896955,342581.897912
720,342581.921628,0.000948,342581.921153,342581.922102
721,342581.942220,0.008018,342581.946229,342581.938211
722,342581.960395,0.007801,342581.964295,342581.956495
723,342581.988924,0.001298,342581.988275,342581.989573
724,342582.007704,0.007062,342582.004173,342582.011236
725,342582.027529,0.000155,342582.027452,342582.027607
726,342582.052099,0.000526,342582.051836,342582.052361
727,342582.067192,0.001343,342582.066520,342582.067864
728,342582.091160,0.000974,342582.091647,342582.090673
729,342582.114582,0.001012,342582.115088,342582.114075
730,342582.134698,0.007915,342582.130740,342582.138656
731,342582.155051,0.000942,342582.154580,342582.155522
732,342582.178831,0.001036,342582.179349,342582.178313
733,342582.202721,0.000930,342582.202256,342582.203186
734,342582.220661,0.000962,342582.221142,342582.220180
735,342582.243702,0.001063,342582.243170,342582.244233
736,342582.266878,0.000954,342582.267355,342582.266401
737,342582.282489,0.001036,342582.283007,342582.281971
738,342582.303442,0.008466,342582.299209,342582.307675
739,342582.330892,0.001238,342582.331511,342582.330273
740,342582.352769,0.003740,342582.354639,342582.350899
741,342582.372415,0.001029,342582.371900,342582.372929
742,342582.394724,0.000986,342582.394231,342582.395217
743,342582.413259,0.000698,342582.412910,342582.413608
744,342582.439291,0.000691,342582.438945,342582.439636
745,342582.457460,0.000964,342582.457942,342582.456978
746,342582.475287,0.000969,342582.475771,342582.474802
747,342582.519775,0.000138,342582.519706,342582.519844
748,342582.539607,0.001767,342582.540490,342582.538724
749,342582.561530,0.000911,342582.561074,342582.561985
750,342582.579877,0.000570,342582.579592,342582.580162
751,342582.602818,0.000783,342582.602426,342582.603210
752,342582.626543,0.001071,342582.626007,342582.627078
753,342582.639492,0.008102,342582.643543,342582.635442
754,342582.666640,0.001076,342582.666103,342582.667178
755,342582.690502,0.000913,342582.690046,342582.690959
756,342582.706637,0.001018,342582.706128,342582.707146
757,342582.730302,0.000955,342582.730780,342582.729825
758,342582.755090,0.001296,342582.755739,342582.754442
759,342582.774823,0.006480,342582.778063,342582.771583
760,342582.794753,0.001078,342582.795292,342582.794214
761,342582.818639,0.001013,342582.818133,342582.819145
762,342582.839185,0.006160,342582.842265,342582.836104
763,342582.859122,0.001487,342582.859866,342582.858379
764,342582.882851,0.001112,342582.883407,342582.882295
765,342582.898943,0.000968,342582.898459,342582.899427
766,342582.922674,0.000885,342582.922232,342582.923117
767,342582.946911,0.000981,342582.947401,342582.946420
768,342582.971964,0.000800,342582.972364,342582.971563
769,342582.987022,0.014192,342582.979926,342582.994118
770,342583.004272,0.001320,342583.003612,342583.004932
771,342583.033905,0.001184,342583.033313,342583.034497
772,342583.051644,0.001209,342583.051040,342583.052249
773,342583.074973,0.000987,342583.075467,342583.074480
774,342583.098778,0.000971,342583.098293,342583.099263
775,342583.122829,0.001001,342583.122329,342583.123330
776,342583.138872,0.002945,342583.140345,342583.137399
777,342583.162655,0.001045,342583.162133,342583.163178
778,342583.186594,0.000971,342583.186109,342583.187080
779,342583.202800,0.001020,342583.203310,342583.202290
780,342583.227330,0.001012,342583.227836,342583.226824
781,342583.251030,0.001092,342583.250484,342583.251576
782,342583.266898,0.001194,342583.267495,342583.266301
783,342583.290780,0.000600,342583.291080,342583.290480
784,342583.307189,0.000654,342583.306862,342583.307516
785,342583.327041,0.006895,342583.330488,342583.323593
786,342583.354677,0.001064,342583.354145,342583.355209
787,342583.378708,0.000890,342583.379153,342583.378264
788,342583.402590,0.000917,342583.403048,342583.402131
789,342583.418497,0.000996,342583.418995,342583.417999
790,342583.442549,0.001020,342583.443059,342583.442039
791,342583.467013,0.000958,342583.466534,342583.467493
792,342583.483099,0.001445,342583.482376,342583.483822
793,342583.507131,0.001351,342583.506456,342583.507807
794,342583.522801,0.001247,342583.523425,342583.522178
795,342583.546827,0.001076,342583.546289,342583.547365
796,342583.563326,0.015010,342583.570831,342583.555821
797,342583.586898,0.000943,342583.586426,342583.587369
798,342583.610513,0.000893,342583.610066,342583.610960
799,342583.631320,0.006501,342583.634571,342583.628070
800,342583.650768,0.001034,342583.651285,342583.650251
801,342583.671647,0.007615,342583.667839,342583.675454
802,342583.697870,0.002464,342583.696638,342583.699102
803,342583.717612,0.006954,342583.721088,342583.714135
804,342583.737680,0.001018,342583.737170,342583.738189
805,342583.763380,0.000220,342583.763490,342583.763270
806,342583.779391,0.000968,342583.778908,342583.779875
807,342583.806325,0.001220,342583.806935,342583.805715
808,342583.826891,0.001001,342583.826390,342583.827391
809,342583.843793,0.000789,342583.843399,342583.844188
810,342583.867338,0.005688,342583.870182,342583.864493
811,342583.884862,0.001304,342583.884210,342583.885514
812,342583.904574,0.006892,342583.901128,342583.908020
813,342583.929441,0.000771,342583.929056,342583.929827
814,342583.955254,0.000932,342583.954788,342583.955720
815,342583.970797,0.001097,342583.971346,342583.970248
816,342583.994407,0.000917,342583.993948,342583.994865
817,342584.007530,0.007720,342584.011390,342584.003670
818,342584.034978,0.001443,342584.035699,342584.034256
819,342584.059876,0.000756,342584.060254,342584.059498
820,342584.082726,0.000981,342584.083217,342584.082236
821,342584.098844,0.001333,342584.098178,342584.099511
822,342584.123167,0.000884,342584.122725,342584.123609
823,342584.144212,0.004746,342584.146585,342584.141839
824,342584.162986,0.000980,342584.163476,342584.162496
825,342584.186743,0.000879,342584.187182,342584.186303
826,342584.210550,0.001002,342584.210049,342584.211050
827,342584.231477,0.003699,342584.233327,342584.229628
828,342584.251003,0.000779,342584.251393,342584.250614
829,342584.275288,0.001343,342584.275959,342584.274616
830,342584.291396,0.000398,342584.291197,342584.291595
831,342584.314710,0.001032,342584.314194,342584.315226
832,342584.339372,0.000944,342584.339844,342584.338900
833,342584.354926,0.001009,342584.355430,342584.354421
834,342584.379436,0.000942,342584.379907,342584.378965
835,342584.402870,0.000995,342584.403367,342584.402372
836,342584.419678,0.000973,342584.420165,342584.419192
837,342584.443671,0.000296,342584.443522,342584.443819
838,342584.466642,0.001190,342584.467237,342584.466048
839,342584.486752,0.006942,342584.483281,342584.490223
840,342584.506422,0.000910,342584.505967,342584.506877
841,342584.530644,0.001328,342584.531308,342584.529980
842,342584.546704,0.001142,342584.546133,342584.547275
843,342584.572630,0.000887,342584.572187,342584.573073
844,342584.594424,0.001043,342584.594945,342584.593902
845,342584.614952,0.007694,342584.611105,342584.618799
846,342584.635670,0.000988,342584.636164,342584.635176
847,342584.658449,0.001000,342584.657949,342584.658949
848,342584.682441,0.001402,342584.681741,342584.683142
849,342584.698535,0.001227,342584.697921,342584.699148
850,342584.722526,0.001028,342584.722012,342584.723040
851,342584.747348,0.001405,342584.748051,342584.746645
852,342584.766308,0.008238,342584.762190,342584.770427
853,342584.786863,0.000800,342584.787263,342584.786464
854,342584.810422,0.000985,342584.810914,342584.809929
855,342584.828626,0.000960,342584.828146,342584.829106
856,342584.850709,0.001114,342584.851267,342584.850152
857,342584.874569,0.000862,342584.875000,342584.874138
858,342584.893087,0.001005,342584.893589,342584.892584
859,342584.914829,0.001354,342584.914152,342584.915507
860,342584.932071,0.016555,342584.940349,342584.923794
861,342584.955357,0.001093,342584.954811,342584.955904
862,342584.976050,0.004471,342584.978286,342584.973815
863,342585.002115,0.001149,342585.002690,342585.001541
864,342585.019140,0.000923,342585.019602,342585.018679
865,342585.044553,0.003485,342585.042810,342585.046295
866,342585.066887,0.000897,342585.066438,342585.067335
867,342585.082792,0.000897,342585.083240,342585.082343
868,342585.106666,0.001023,342585.106155,342585.107178
869,342585.130874,0.001124,342585.130312,342585.131436
870,342585.146771,0.000957,342585.147250,342585.146292
871,342585.172066,0.000946,342585.171593,342585.172539
872,342585.194503,0.000997,342585.194004,342585.195001
873,342585.212342,0.001240,342585.212962,342585.211721
874,342585.234655,0.001029,342585.234141,342585.235169
875,342585.259408,0.001041,342585.258888,342585.259929
876,342585.274821,0.015095,342585.267273,342585.282369
877,342585.298652,0.001101,342585.298102,342585.299203
878,342585.322618,0.000881,342585.323059,342585.322177
879,342585.346718,0.000640,342585.347038,342585.346398
880,342585.362704,0.000945,342585.362232,342585.363177
881,342585.382906,0.009400,342585.387606,342585.378206
882,342585.410668,0.001051,342585.411194,342585.410143
883,342585.426433,0.000918,342585.425974,342585.426892
884,342585.450564,0.000969,342585.450079,342585.451049
885,342585.474849,0.000988,342585.474355,342585.475344
886,342585.490569,0.000999,342585.491069,342585.490070
887,342585.514696,0.001004,342585.515198,342585.514194
888,342585.539987,0.000910,342585.539532,342585.540442
889,342585.555274,0.000336,342585.555106,342585.555442
890,342585.579427,0.000757,342585.579805,342585.579048
891,342585.602437,0.000691,342585.602092,342585.602783
892,342585.620019,0.000978,342585.619530,342585.620508
893,342585.642943,0.001126,342585.642380,342585.643506
894,342585.666449,0.001000,342585.666949,342585.665949
895,342585.682862,0.001030,342585.682346,342585.683377
896,342585.706769,0.000977,342585.706281,342585.707257
897,342585.728888,0.005955,342585.725910,342585.731865
898,342585.746636,0.001038,342585.747155,342585.746117
899,342585.773061,0.000886,342585.772618,342585.773504
900,342585.794596,0.000927,342585.795060,342585.794133
901,342585.812903,0.001612,342585.812097,342585.813710
902,342585.834465,0.000939,342585.834935,342585.833995
903,342585.858731,0.000955,342585.858254,342585.859209
904,342585.876142,0.001015,342585.875634,342585.876649
905,342585.899118,0.001366,342585.899801,342585.898435
906,342585.915493,0.001065,342585.914960,342585.916025
907,342585.937937,0.000849,342585.937512,342585.938361
908,342585.963478,0.000964,342585.963960,342585.962996
909,342585.986942,0.000851,342585.986517,342585.987367
910,342586.006657,0.006808,342586.003253,342586.010061
911,342586.026976,0.000899,342586.027426,342586.026526
912,342586.050656,0.001004,342586.051158,342586.050153
913,342586.068187,0.001963,342586.067205,342586.069168
914,342586.090895,0.000978,342586.091384,342586.090406
915,342586.115184,0.000709,342586.115539,342586.114829
916,342586.134555,0.007236,342586.130937,342586.138173
917,342586.156678,0.001291,342586.156033,342586.157324
918,342586.172118,0.003548,342586.173893,342586.170344
919,342586.195583,0.000938,342586.195114,342586.196052
920,342586.218431,0.000827,342586.218018,342586.218844
921,342586.242669,0.001014,342586.243176,342586.242162
922,342586.258848,0.000960,342586.258368,342586.259328
923,342586.284620,0.000959,342586.284140,342586.285099
924,342586.299368,0.000940,342586.298898,342586.299838
925,342586.322800,0.000952,342586.322324,342586.323277
926,342586.347119,0.001434,342586.347836,342586.346402
927,342586.366925,0.007149,342586.370499,342586.363351
928,342586.386480,0.000819,342586.386889,342586.386070
929,342586.410724,0.000738,342586.411093,342586.410355
930,342586.434530,0.000421,342586.434741,342586.434320
931,342586.450637,0.000969,342586.451121,342586.450152
932,342586.474304,0.000918,342586.474763,342586.473845
933,342586.498680,0.001070,342586.499215,342586.498145
934,342586.514457,0.000995,342586.514955,342586.513960
935,342586.539105,0.000946,342586.538632,342586.539579
936,342586.562339,0.000970,342586.561854,342586.562824
937,342586.579675,0.001034,342586.580192,342586.579159
938,342586.602926,0.001169,342586.603511,342586.602341
939,342586.626525,0.001016,342586.626017,342586.627033
940,342586.643645,0.001087,342586.644188,342586.643101
941,342586.667633,0.000556,342586.667355,342586.667912
942,342586.691161,0.001252,342586.691787,342586.690534
943,342586.708512,0.000779,342586.708122,342586.708901
944,342586.730257,0.000864,342586.729825,342586.730689
945,342586.755762,0.000605,342586.756064,342586.755460
946,342586.774867,0.007013,342586.771361,342586.778374
947,342586.795147,0.000938,342586.795616,342586.794678
948,342586.819283,0.001032,342586.819800,342586.818767
949,342586.842505,0.000870,342586.842070,342586.842940
950,342586.859117,0.000953,342586.858641,342586.859594
951,342586.884136,0.001399,342586.884835,342586.883437
952,342586.899190,0.000939,342586.899660,342586.898721
953,342586.923310,0.001768,342586.922426,342586.924194
954,342586.946115,0.000917,342586.945656,342586.946574
955,342586.966076,0.007936,342586.970044,342586.962108
956,342586.983419,0.009959,342586.988398,342586.978439
957,342587.010137,0.001067,342587.009604,342587.010670
958,342587.026920,0.000875,342587.026482,342587.027358
959,342587.052295,0.000026,342587.052308,342587.052282
960,342587.074653,0.000908,342587.075107,342587.074199
961,342587.098644,0.000918,342587.099103,342587.098185
962,342587.116676,0.000871,342587.116240,342587.117111
963,342587.138780,0.001007,342587.138276,342587.139283
964,342587.162642,0.001060,342587.162112,342587.163171
965,342587.178733,0.001270,342587.178098,342587.179368
966,342587.202474,0.000947,342587.202947,342587.202000
967,342587.227059,0.000995,342587.226561,342587.227556
968,342587.247688,0.002356,342587.248866,342587.246510
969,342587.266328,0.000591,342587.266032,342587.266623
970,342587.291038,0.000880,342587.291478,342587.290598
971,342587.306514,0.000995,342587.306016,342587.307011
972,342587.326944,0.008792,342587.322548,342587.331340
973,342587.351365,0.007603,342587.347564,342587.355166
974,342587.370863,0.001010,342587.370358,342587.371368
975,342587.396216,0.000702,342587.396568,342587.395865
976,342587.419210,0.000939,342587.418740,342587.419679
977,342587.434694,0.001166,342587.435277,342587.434111
978,342587.458878,0.001063,342587.458347,342587.459410
979,342587.482370,0.000986,342587.481877,342587.482863
980,342587.502237,0.007950,342587.498262,342587.506212
981,342587.522699,0.001058,342587.523228,342587.522170
982,342587.546484,0.001338,342587.545815,342587.547154
983,342587.567095,0.007177,342587.570683,342587.563506
984,342587.586904,0.000929,342587.586439,342587.587369
985,342587.610884,0.001337,342587.611552,342587.610216
986,342587.634810,0.001003,342587.634308,342587.635311
987,342587.650798,0.001006,342587.650295,342587.651301
988,342587.671225,0.007925,342587.675188,342587.667263
989,342587.697626,0.001026,342587.698139,342587.697113
990,342587.714502,0.000922,342587.714041,342587.714963
991,342587.738973,0.001202,342587.739574,342587.738372
992,342587.761959,0.000819,342587.761550,342587.762369
993,342587.778231,0.001372,342587.777545,342587.778917
994,342587.804382,0.000890,342587.803936,342587.804827
995,342587.826725,0.000889,342587.826281,342587.827170
996,342587.843917,0.000800,342587.843517,342587.844317
997,342587.867786,0.002440,342587.869006,342587.866566
998,342587.883928,0.000582,342587.884220,342587.883637
999,342587.903519,0.008887,342587.907963,342587.899076
1000,342587.929487,0.001181,342587.928896,342587.930078
1001,342587.953762,0.001044,342587.953240,342587.954283
1002,342587.970181,0.001330,342587.970845,342587.969516
1003,342587.994388,0.000928,342587.993924,342587.994852
1004,342588.015834,0.008040,342588.011814,342588.019854
1005,342588.034815,0.001140,342588.035385,342588.034245
1006,342588.059128,0.001245,342588.058505,342588.059751
1007,342588.082664,0.001051,342588.083189,342588.082138
1008,342588.099306,0.001103,342588.099858,342588.098755
1009,342588.121834,0.007700,342588.117984,342588.125684
1010,342588.142381,0.005298,342588.145030,342588.139732
1011,342588.163245,0.000943,342588.163717,342588.162773
1012,342588.187491,0.000558,342588.187770,342588.187212
1013,342588.209608,0.000975,342588.210096,342588.209120
1014,342588.229700,0.000434,342588.229917,342588.229483
1015,342588.247603,0.008017,342588.243594,342588.251611
1016,342588.266748,0.001386,342588.266055,342588.267441
1017,342588.291129,0.000894,342588.291576,342588.290682
1018,342588.314608,0.001001,342588.315108,342588.314107
1019,342588.330486,0.000955,342588.330008,342588.330963
1020,342588.355730,0.001723,342588.354868,342588.356591
1021,342588.378742,0.000986,342588.379235,342588.378250
1022,342588.399099,0.006547,342588.395825,342588.402373
1023,342588.418783,0.001077,342588.418245,342588.419322
1024,342588.442924,0.001298,342588.443573,342588.442275
1025,342588.460011,0.001046,342588.459487,342588.460534
1026,342588.482752,0.001092,342588.482206,342588.483298
1027,342588.506818,0.001024,342588.507330,342588.506306
1028,342588.530338,0.000363,342588.530520,342588.530157
1029,342588.551424,0.007146,342588.554997,342588.547851
1030,342588.572600,0.000850,342588.573025,342588.572176
1031,342588.594647,0.001084,342588.595189,342588.594105
1032,342588.612537,0.001196,342588.611939,342588.613135
1033,342588.635156,0.001761,342588.634275,342588.636036
1034,342588.658589,0.001010,342588.659094,342588.658084
1035,342588.676791,0.000960,342588.676311,342588.677272
1036,342588.699748,0.000753,342588.700124,342588.699371
1037,342588.722941,0.001300,342588.722291,342588.723591
1038,342588.739610,0.000601,342588.739911,342588.739309
1039,342588.762801,0.000932,342588.762335,342588.763267
1040,342588.786773,0.000385,342588.786965,342588.786580
1041,342588.804531,0.001009,342588.805036,342588.804027
1042,342588.827662,0.000784,342588.827270,342588.828054
1043,342588.847472,0.006470,342588.850707,342588.844237
1044,342588.867616,0.000539,342588.867886,342588.867346
1045,342588.884115,0.000447,342588.884338,342588.883891
1046,342588.910960,0.005723,342588.913822,342588.908099
1047,342588.927308,0.007278,342588.923670,342588.930947
1048,342588.947404,0.000626,342588.947091,342588.947718
1049,342588.977228,0.000787,342588.976835,342588.977622
1050,342589.001689,0.001231,342589.001074,342589.002304
1051,342589.017827,0.001002,342589.017326,342589.018327
1052,342589.043325,0.000846,342589.043748,342589.042902
1053,342589.067081,0.001182,342589.067672,342589.066490
1054,342589.083247,0.001588,342589.082453,342589.084041
1055,342589.106691,0.000976,342589.106203,342589.107179
1056,342589.126935,0.006766,342589.123552,342589.130318
1057,342589.146766,0.000937,342589.146298,342589.147235
1058,342589.167810,0.009034,342589.172327,342589.163293
1059,342589.190708,0.007550,342589.194483,342589.186933
1060,342589.212741,0.000908,342589.212287,342589.213195
1061,342589.235098,0.000931,342589.234633,342589.235563
1062,342589.258962,0.000958,342589.258483,342589.259441
1063,342589.271141,0.009103,342589.275693,342589.266590
1064,342589.298790,0.000996,342589.298292,342589.299287
1065,342589.322844,0.000901,342589.323294,342589.322393
1066,342589.338646,0.000863,342589.338214,342589.339077
1067,342589.362864,0.001025,342589.362352,342589.363377
1068,342589.386523,0.000969,342589.387008,342589.386039
1069,342589.404267,0.000974,342589.404754,342589.403780
1070,342589.427543,0.000972,342589.428029,342589.427057
1071,342589.450511,0.000990,342589.450016,342589.451007
1072,342589.467168,0.000801,342589.467568,342589.466767
1073,342589.490757,0.000966,342589.490274,342589.491240
1074,342589.515134,0.000950,342589.515609,342589.514659
1075,342589.530805,0.000960,342589.530325,342589.531285
1076,342589.556308,0.000952,342589.555833,342589.556784
1077,342589.578560,0.001030,342589.579075,342589.578046
1078,342589.599250,0.006041,342589.602270,342589.596230
1079,342589.614861,0.008727,342589.610498,342589.619224
1080,342589.642812,0.000906,342589.642359,342589.643265
1081,342589.663548,0.005892,342589.666494,342589.660602
1082,342589.682626,0.001089,342589.683171,342589.682082
1083,342589.704333,0.007903,342589.708285,342589.700381
1084,342589.722693,0.001056,342589.723221,342589.722164
1085,342589.747266,0.001046,342589.747790,342589.746743
1086,342589.771122,0.000912,342589.770666,342589.771577
1087,342589.794543,0.001004,342589.795044,342589.794041
1088,342589.812282,0.001164,342589.812865,342589.811700
1089,342589.835039,0.001092,342589.835585,342589.834493
1090,342589.858470,0.000991,342589.857975,342589.858965
1091,342589.879509,0.003997,342589.877510,342589.881508
1092,342589.899165,0.000292,342589.899019,342589.899311
1093,342589.914548,0.001982,342589.915539,342589.913557
1094,342589.945684,0.000919,342589.945224,342589.946144
1095,342589.962176,0.001422,342589.962887,342589.961465
1096,342589.986727,0.000817,342589.986318,342589.987135
1097,342590.006697,0.006798,342590.003298,342590.010096
1098,342590.026979,0.001003,342590.026477,342590.027481
1099,342590.050969,0.001521,342590.051730,342590.050209
1100,342590.071378,0.008771,342590.066992,342590.075763
1101,342590.091065,0.000990,342590.091560,342590.090570
1102,342590.114784,0.000983,342590.115275,342590.114293
1103,342590.139088,0.000998,342590.138589,342590.139587
1104,342590.155825,0.000992,342590.156321,342590.155329
1105,342590.178916,0.000942,342590.179387,342590.178445
1106,342590.202745,0.000860,342590.202315,342590.203175
1107,342590.222469,0.008431,342590.226685,342590.218254
1108,342590.243932,0.001268,342590.243298,342590.244566
1109,342590.267384,0.001450,342590.268109,342590.266659
1110,342590.283637,0.000972,342590.283151,342590.284123
1111,342590.306517,0.000981,342590.306026,342590.307008
1112,342590.331350,0.000921,342590.330889,342590.331811
1113,342590.350955,0.007659,342590.354785,342590.347126
1114,342590.370808,0.000961,342590.370328,342590.371288
1115,342590.395080,0.000978,342590.394591,342590.395569
1116,342590.414941,0.009717,342590.419799,342590.410082
1117,342590.435148,0.000977,342590.435636,342590.434660
1118,342590.458832,0.000946,342590.458359,342590.459305
1119,342590.483157,0.001008,342590.483660,342590.482653
1120,342590.502452,0.007335,342590.506120,342590.498785
1121,342590.522296,0.000909,342590.521842,342590.522750
1122,342590.546644,0.000944,342590.546172,342590.547116
1123,342590.570978,0.000945,342590.571451,342590.570506
1124,342590.586739,0.001013,342590.586233,342590.587246
1125,342590.611903,0.001016,342590.612411,342590.611395
1126,342590.634494,0.000953,342590.634017,342590.634970
1127,342590.647004,0.008863,342590.651436,342590.642573
1128,342590.674896,0.000772,342590.674510,342590.675282
1129,342590.698627,0.000976,342590.699115,342590.698140
1130,342590.714627,0.000930,342590.714162,342590.715092
1131,342590.738891,0.001026,342590.738378,342590.739404
1132,342590.760525,0.006032,342590.757509,342590.763541
1133,342590.778478,0.001042,342590.777957,342590.778999
1134,342590.804234,0.000970,342590.803749,342590.804719
1135,342590.827439,0.000933,342590.826973,342590.827906
1136,342590.850908,0.001618,342590.850099,342590.851717
1137,342590.866600,0.000977,342590.867088,342590.866111
1138,342590.890856,0.001313,342590.890200,342590.891512
1139,342590.911972,0.005580,342590.914762,342590.909182
1140,342590.931485,0.000988,342590.930991,342590.931979
1141,342590.956055,0.000992,342590.956551,342590.955560
1142,342590.979106,0.001386,342590.978413,342590.979799
1143,342590.991219,0.008494,342590.986972,342590.995466
1144,342591.020462,0.001402,342591.019761,342591.021163
1145,342591.042497,0.001030,342591.041982,342591.043012
1146,342591.059071,0.000939,342591.059541,342591.058602
1147,342591.076188,0.000562,342591.075907,342591.076468
1148,342591.103060,0.006492,342591.106306,342591.099814
1149,342591.124325,0.001232,342591.124941,342591.123709
1150,342591.146183,0.002029,342591.145168,342591.147197
1151,342591.171030,0.000982,342591.171520,342591.170539
1152,342591.187506,0.000154,342591.187583,342591.187429
1153,342591.210587,0.001031,342591.211102,342591.210071
1154,342591.235129,0.001105,342591.234576,342591.235681
1155,342591.251208,0.001999,342591.250209,342591.252207
1156,342591.274788,0.000731,342591.275153,342591.274422
1157,342591.298479,0.001010,342591.298984,342591.297974
1158,342591.318906,0.006944,342591.315434,342591.322378
1159,342591.338489,0.001088,342591.339034,342591.337945
1160,342591.362628,0.000991,342591.362133,342591.363124
1161,342591.386501,0.000953,342591.386977,342591.386024
1162,342591.402844,0.000721,342591.402484,342591.403205
1163,342591.427008,0.000971,342591.426522,342591.427493
1164,342591.444604,0.000954,342591.444127,342591.445081
1165,342591.466838,0.001132,342591.466272,342591.467404
1166,342591.490335,0.000890,342591.490780,342591.489890
1167,342591.515535,0.000964,342591.515053,342591.516017
1168,342591.530688,0.001380,342591.529998,342591.531378
1169,342591.551115,0.009110,342591.555670,342591.546560
1170,342591.578534,0.000996,342591.578036,342591.579032
1171,342591.594965,0.001083,342591.595507,342591.594424
1172,342591.618890,0.000664,342591.619222,342591.618558
1173,342591.642667,0.001064,342591.643198,342591.642135
1174,342591.660804,0.000991,342591.660309,342591.661300
1175,342591.682810,0.001178,342591.683399,342591.682222
1176,342591.703178,0.010102,342591.698128,342591.708229
1177,342591.726620,0.006910,342591.730074,342591.723165
1178,342591.747513,0.001010,342591.747008,342591.748018
1179,342591.772043,0.000998,342591.772542,342591.771544
1180,342591.787836,0.013246,342591.794459,342591.781213
1181,342591.811608,0.001018,342591.811099,342591.812117
1182,342591.835178,0.001092,342591.835724,342591.834632
1183,342591.858676,0.001021,342591.858165,342591.859186
1184,342591.875991,0.001136,342591.875423,342591.876558
1185,342591.895390,0.008032,342591.891374,342591.899406
1186,342591.916408,0.002009,342591.915404,342591.917413
1187,342591.937783,0.001119,342591.937224,342591.938343
1188,342591.961922,0.001470,342591.961187,342591.962657
1189,342591.986728,0.000871,342591.987164,342591.986293
1190,342592.003148,0.000948,342592.002674,342592.003623
1191,342592.027577,0.001070,342592.028112,342592.027042
1192,342592.051587,0.000169,342592.051672,342592.051503
1193,342592.068288,0.001704,342592.067436,342592.069140
1194,342592.090487,0.000740,342592.090857,342592.090117
1195,342592.107655,0.001022,342592.108167,342592.107144
1196,342592.133863,0.004172,342592.131777,342592.135949
1197,342592.152450,0.002262,342592.153581,342592.151319
1198,342592.174441,0.007650,342592.170616,342592.178266
1199,342592.196513,0.002533,342592.197780,342592.195246
1200,342592.219018,0.001030,342592.219533,342592.218502
1201,342592.238678,0.006953,342592.242155,342592.235202
1202,342592.259033,0.001407,342592.258330,342592.259737
1203,342592.282958,0.001096,342592.283506,342592.282410
1204,342592.306989,0.000999,342592.307488,342592.306489
1205,342592.322758,0.000985,342592.322265,342592.323251
1206,342592.347128,0.001363,342592.347810,342592.346446
1207,342592.371208,0.000930,342592.371673,342592.370743
1208,342592.386938,0.001024,342592.387450,342592.386426
1209,342592.410537,0.000996,342592.411035,342592.410040
1210,342592.435212,0.001411,342592.435917,342592.434506
1211,342592.454312,0.007923,342592.450351,342592.458274
1212,342592.471146,0.009253,342592.475773,342592.466520
1213,342592.498616,0.000960,342592.499096,342592.498136
1214,342592.522699,0.000973,342592.523186,342592.522213
1215,342592.538777,0.000875,342592.539215,342592.538340
1216,342592.562773,0.001025,342592.563285,342592.562260
1217,342592.586587,0.001232,342592.585971,342592.587203
1218,342592.606469,0.007101,342592.602918,342592.610019
1219,342592.629229,0.001090,342592.628684,342592.629774
1220,342592.650670,0.000937,342592.650202,342592.651139
1221,342592.674490,0.000945,342592.674018,342592.674963
1222,342592.690692,0.001078,342592.690153,342592.691231
1223,342592.714767,0.001047,342592.714244,342592.715291
1224,342592.739124,0.000910,342592.739579,342592.738669
1225,342592.755976,0.000935,342592.756443,342592.755508
1226,342592.778090,0.000959,342592.777611,342592.778570
1227,342592.802686,0.000997,342592.802187,342592.803184
1228,342592.814844,0.009359,342592.810165,342592.819524
1229,342592.843271,0.001137,342592.843839,342592.842702
1230,342592.866576,0.000911,342592.867032,342592.866121
1231,342592.882781,0.001023,342592.882269,342592.883293
1232,342592.907953,0.000379,342592.907763,342592.908142
1233,342592.928575,0.007620,342592.932385,342592.924765
1234,342592.946738,0.001069,342592.947272,342592.946203
1235,342592.971760,0.000993,342592.971264,342592.972257
1236,342592.994756,0.000836,342592.995173,342592.994338
1237,342593.015004,0.006708,342593.011650,342593.018358
1238,342593.035090,0.001176,342593.035678,342593.034502
1239,342593.058891,0.000928,342593.058427,342593.059356
1240,342593.077006,0.001648,342593.076182,342593.077830
1241,342593.098879,0.000796,342593.099277,342593.098481
1242,342593.123095,0.001042,342593.123616,342593.122574
1243,342593.139169,0.001261,342593.138539,342593.139800
1244,342593.162803,0.001105,342593.162251,342593.163355
1245,342593.186700,0.001067,342593.187233,342593.186166
1246,342593.201362,0.005673,342593.204199,342593.198525
1247,342593.227613,0.001486,342593.228356,342593.226870
1248,342593.251173,0.000927,342593.250710,342593.251636
1249,342593.266716,0.000974,342593.267203,342593.266229
1250,342593.290831,0.001159,342593.291411,342593.290252
1251,342593.314819,0.001235,342593.315437,342593.314202
1252,342593.334788,0.006862,342593.331357,342593.338219
1253,342593.355789,0.000964,342593.355306,342593.356271
1254,342593.380349,0.000636,342593.380031,342593.380667
1255,342593.398381,0.007789,342593.394487,342593.402276
1256,342593.418832,0.001037,342593.419350,342593.418313
1257,342593.442717,0.001028,342593.443231,342593.442203
1258,342593.460101,0.000893,342593.459654,342593.460547
1259,342593.482606,0.001035,342593.482088,342593.483123
1260,342593.498872,0.001095,342593.499419,342593.498325
1261,342593.522600,0.001000,342593.522100,342593.523100
1262,342593.546763,0.001026,342593.547275,342593.546250
1263,342593.571431,0.000738,342593.571062,342593.571800
1264,342593.590489,0.006924,342593.587027,342593.593951
1265,342593.611970,0.001032,342593.612486,342593.611454
1266,342593.634791,0.001058,342593.635320,342593.634262
1267,342593.649481,0.001341,342593.650151,342593.648810
1268,342593.673768,0.000916,342593.673310,342593.674226
1269,342593.698480,0.001044,342593.699002,342593.697958
1270,342593.714678,0.000957,342593.715157,342593.714199
1271,342593.738983,0.000983,342593.738491,342593.739474
1272,342593.756852,0.013055,342593.750324,342593.763379
1273,342593.785703,0.000988,342593.785209,342593.786197
1274,342593.801681,0.001160,342593.801101,342593.802261
1275,342593.827062,0.000915,342593.827520,342593.826604
1276,342593.843935,0.000945,342593.843463,342593.844408
1277,342593.866899,0.001130,342593.867464,342593.866334
1278,342593.890812,0.001008,342593.891316,342593.890308
1279,342593.909842,0.000173,342593.909928,342593.909755
1280,342593.931039,0.001025,342593.930527,342593.931551
1281,342593.949248,0.000974,342593.948761,342593.949735
1282,342593.977584,0.000886,342593.977141,342593.978027
1283,342593.996311,0.001694,342593.995464,342593.997158
1284,342594.019236,0.000974,342594.019723,342594.018749
1285,342594.043171,0.001019,342594.042662,342594.043681
1286,342594.060048,0.000777,342594.060436,342594.059659
1287,342594.083322,0.001201,342594.082722,342594.083922
1288,342594.106761,0.000956,342594.107238,342594.106283
1289,342594.123436,0.001100,342594.123986,342594.122887
1290,342594.145739,0.001085,342594.146281,342594.145197
1291,342594.171213,0.001571,342594.171998,342594.170427
1292,342594.186628,0.000980,342594.187118,342594.186138
1293,342594.211128,0.001349,342594.210454,342594.211803
1294,342594.234695,0.001007,342594.235198,342594.234192
1295,342594.254960,0.007045,342594.251438,342594.258483
1296,342594.275168,0.000965,342594.274686,342594.275651
1297,342594.299323,0.000942,342594.298852,342594.299794
1298,342594.323251,0.000932,342594.322785,342594.323717
1299,342594.339463,0.000772,342594.339077,342594.339849
1300,342594.362733,0.000946,342594.363206,342594.362260
1301,342594.387119,0.000839,342594.386699,342594.387538
1302,342594.406479,0.006643,342594.403158,342594.409800
1303,342594.426769,0.000958,342594.426290,342594.427248
1304,342594.450626,0.001027,342594.451139,342594.450112
1305,342594.474879,0.000977,342594.474391,342594.475368
1306,342594.490619,0.001009,342594.490115,342594.491124
1307,342594.514711,0.000985,342594.515203,342594.514218
1308,342594.539104,0.000856,342594.538676,342594.539532
1309,342594.554379,0.001054,342594.554906,342594.553852
1310,342594.578536,0.000888,342594.578092,342594.578980
1311,342594.603218,0.000892,342594.603664,342594.602772
1312,342594.623825,0.001094,342594.623278,342594.624372
1313,342594.642448,0.000876,342594.642010,342594.642886
1314,342594.666488,0.001093,342594.667035,342594.665942
1315,342594.690624,0.000981,342594.690133,342594.691114
1316,342594.706566,0.000914,342594.706109,342594.707023
1317,342594.731606,0.000943,342594.732077,342594.731135
1318,342594.751039,0.007993,342594.755036,342594.747043
1319,342594.770805,0.000959,342594.771284,342594.770325
1320,342594.796104,0.001204,342594.796706,342594.795502
1321,342594.817725,0.001215,342594.818332,342594.817117
1322,342594.833894,0.001392,342594.834590,342594.833198
1323,342594.858629,0.000980,342594.858139,342594.859120
1324,342594.882889,0.001092,342594.882344,342594.883435
1325,342594.898659,0.000971,342594.899145,342594.898174
1326,342594.923545,0.001006,342594.924049,342594.923042
1327,342594.945533,0.000953,342594.946010,342594.945057
1328,342594.969622,0.000914,342594.969165,342594.970079
1329,342594.986720,0.000957,342594.987198,342594.986241
1330,342595.011153,0.001032,342595.011669,342595.010637
1331,342595.035304,0.000867,342595.035738,342595.034870
1332,342595.051138,0.000995,342595.051635,342595.050640
1333,342595.074529,0.000908,342595.074075,342595.074983
1334,342595.090909,0.001253,342595.091536,342595.090283
1335,342595.115079,0.000968,342595.114596,342595.115563
1336,342595.138786,0.001049,342595.138261,342595.139310
1337,342595.158602,0.006901,342595.162052,342595.155151
1338,342595.180610,0.001011,342595.181116,342595.180105
1339,342595.202715,0.000943,342595.202244,342595.203186
1340,342595.226747,0.001004,342595.226245,342595.227249
1341,342595.242738,0.000993,342595.242242,342595.243235
1342,342595.266962,0.001096,342595.266414,342595.267510
1343,342595.290780,0.000890,342595.290335,342595.291225
1344,342595.307086,0.001351,342595.306411,342595.307762
1345,342595.328496,0.005043,342595.325975,342595.331018
1346,342595.351024,0.007653,342595.354851,342595.347198
1347,342595.370657,0.001102,342595.371208,342595.370106
1348,342595.394728,0.000928,342595.394264,342595.395192
1349,342595.418493,0.000868,342595.418927,342595.418059
1350,342595.435670,0.000927,342595.435206,342595.436133
1351,342595.458731,0.000937,342595.458263,342595.459200
1352,342595.482726,0.001062,342595.482194,342595.483257
1353,342595.499105,0.001093,342595.499652,342595.498558
1354,342595.522777,0.001010,342595.522272,342595.523282
1355,342595.546698,0.000967,342595.546214,342595.547182
1356,342595.559422,0.007903,342595.555471,342595.563374
1357,342595.588159,0.000919,342595.588619,342595.587700
1358,342595.610614,0.001061,342595.611145,342595.610084
1359,342595.630882,0.006730,342595.627517,342595.634247
1360,342595.650728,0.001098,342595.650179,342595.651277
1361,342595.671142,0.007914,342595.675099,342595.667185
1362,342595.699349,0.001096,342595.698801,342595.699897
1363,342595.715040,0.001035,342595.715557,342595.714522
1364,342595.741750,0.001030,342595.742266,342595.741235
